44,45,46,47,48,49,50,51,52,53,54,55,56,57,58,59,60,61,62,63,64,65,66,67,68,69,70,71,72,73,74,75,76,77,78,79,80,81,82,83,84,85,86,87,88,89,90,time,eventtype,binsize,145,146,147,148,149,150,151,152,153,154,155,156,157,158,159,160
0.40684637,0.20980687,0.25166264,0.23365968,0.29468513,0.28111872,0.24483183,0.35002312,0.26838338,0.2553091,0.14978924,0.21494272,0.23698135,0.24499731,0.2693769,0.24676192,0.44439876,0.50227505,0.69586462,0.57243955,0.37992743,0.25684968,0.32280067,0.32505748,0.38229567,0.52611744,0.4453457,0.37577379,0.27226394,0.32304028,1.1073754,1.0332226,1.1718065,2.7886806,2.6443152000000003,2.4757874,16.625103,16.697634,21.650902,26.093163,36.408936,48.9216,49.614605,51.472401,51.438023,60.439285,50.510265,2020-08-25 09:48:40.017,Vehicle Movement,0.6806349158,,,,,,,,,,,,,,,,
0.46383724,0.33170235,0.17509072,0.16014227,0.23737481,0.33240631,0.31733409,0.40263057,0.41654027,0.39217532,0.29971904,0.25414655,0.22513244,0.27441937,0.29721308,0.45209002,0.29439196,0.32122326,0.43728587,0.35740495,0.34191152,0.17497951,0.2570692,0.24051528,0.34912109,0.52131778,0.33846617,0.32516229,1.108182,1.0966545,2.3907301,2.5662673,3.2072952,3.8318806,5.152669,6.3187885,5.3681831,5.1818423,6.7586064,8.9405899,15.466939000000002,16.723619,15.86295,17.389866,20.288078,25.786777,18.62429,2020-08-25 09:48:40.257,Vehicle Movement,0.6806349158,,,,,,,,,,,,,,,,
0.31122282,0.3118256,0.21734864,0.21170196,0.39547268,0.43505666,0.44460118,0.39057365,0.45427895,0.42075166,0.41411507,0.50034183,0.39129263,0.39167333,0.47724801,0.53118473,0.45653903,0.42998326,0.42210203,0.52187467,0.71333045,0.68273562,0.30486444,0.50256544,0.46081606,0.62020272,0.74803185,0.72507483,1.0759921,1.4923719,2.1778655,3.0457611,3.1013267000000004,1.467696,1.8978332,2.3154991000000003,1.7642961,2.569782,2.7107053,4.516623,7.197306599999999,7.7154307,7.0914602,9.3978052,8.2346182,8.0413952,5.6651492,2020-08-25 09:48:40.498,Vehicle Movement,0.6806349158,,,,,,,,,,,,,,,,
0.2919367,0.29788047,0.21339327,0.26327389,0.31904989,0.36457446,0.34623882,0.47632626,0.42091841,0.46267617,0.329496,0.38153145,0.31926191,0.3575902,0.37729588,0.39448312,0.33904767,0.3193261,0.31347311,0.39542651,0.54322875,0.50703216,0.27788991,0.41811675,0.51731944,0.90658087,0.87977427,0.6548025,1.3507136999999998,2.2372515,5.221849400000001,6.3522506,7.673524900000001,5.464426,4.1271129,3.0620658,0.66617137,0.87374061,0.83394945,1.6269938,3.3809755,4.252472900000001,3.8929985,3.5013046,3.0674365000000003,2.4460368,1.7232291000000002,2020-08-25 09:48:40.738,Vehicle Movement,0.6806349158,,,,,,,,,,,,,,,,
0.89092016,0.68697447,0.71881998,0.22620866,0.226382,0.36767507,0.28525296,0.49927044,0.4816805999999999,0.43106905,0.30654231,0.24045852,0.23290133,0.26769251,0.26122507,0.23836945,0.2559379,0.26022294,0.33112165,0.18709674,0.2991024,0.32702088,0.40463486,0.40714228,0.38882199,0.29590669,0.48334876,0.51028466,0.48496574,0.68052852,1.5908911,1.9322317,2.3374856,1.7031306,1.2724128,0.93909615,0.34747502,0.35765567,0.89627343,2.1983888,5.6285696,6.5788069,5.7047682,2.2695198,1.9740496,1.6079818,0.80522567,2020-08-25 09:48:40.978,Vehicle Movement,0.6806349158,,,,,,,,,,,,,,,,
0.68768007,0.51130223,0.55554545,0.37603959,0.43506351,0.25659439,0.42549181,0.67655462,0.8247896999999998,0.78764516,0.68780869,0.28932202,0.2838029,0.20224971,0.16609915,0.20769569,0.37664574,0.33276072,0.36364308,0.38280872,0.41255146,0.41167858,0.39416355,0.55772096,0.50810921,0.32975453,0.37199667,0.40566391,0.36846402,0.33070397,0.83839482,1.3049103000000002,1.314214,1.0309347,0.52690715,0.30626833,0.22740246,0.16868596,0.27262926,0.66870749,1.7121018,2.0011456,1.73528,0.69034415,0.86554962,0.61652994,0.41345513,2020-08-25 09:48:41.219,Vehicle Movement,0.6806349158,,,,,,,,,,,,,,,,
0.70300889,0.3981066,0.39596528,0.23793226,0.41626945,0.21970829,0.33351198,0.56437695,0.71540165,0.62646455,0.6613210999999999,0.45092925,0.33055294,0.2280177,0.17221493,0.26996309,0.3130466,0.28237697,0.60049486,0.63078707,0.50950897,0.50668466,0.6124841,0.49257192,0.59843493,0.33100796,0.26085684,0.30203333,0.32510003,0.31016362,0.74783111,1.1070454,1.0416254,0.84238172,0.75590521,1.2408293,1.5564512,1.0601107,1.016354,0.81313527,0.62151271,0.61587375,0.60283291,0.44560963,0.64279854,0.45786455,0.30705154,2020-08-25 09:48:41.459,Vehicle Movement,0.6806349158,,,,,,,,,,,,,,,,
0.46765432,0.36873448,0.2745470999999999,0.30053559,0.34453073,0.37771633,0.34543726,0.26060271,0.32301366,0.32186082,0.28759745,0.2182468,0.15572566,0.22909892,0.22324347,0.41333503,0.455531,0.46693081,0.52223951,0.33877805,0.26684779,0.3304752999999999,0.45364591,0.37223855,0.37130937,0.28291851,0.3022477,0.30017582,0.17458124,0.17523229,0.35569376,0.41835153,0.78414822,1.4999855,1.872768,2.1724443,2.4178891,3.0238929,3.2354777,3.0233045,2.6857545,2.3595879,1.9452113,1.3631388,2.3415542,4.848182700000001,3.2154331000000003,2020-08-25 09:48:42.421,Vehicle Movement,0.6806349158,,,,,,,,,,,,,,,,
0.59638238,0.43701771,0.35459453,0.33683673,0.27515197,0.32954371,0.28325382,0.53777784,0.68083978,0.68194854,0.46879107,0.32600099,0.33706006,0.29906192,0.33721006,0.50575876,0.42226619,0.45839882,0.51709706,0.46652892,0.34809959,0.30212313,0.34104851,0.68236625,0.84584367,0.90410423,0.37077439,0.24769104,0.62045616,0.80358434,0.81826133,0.3364262,0.38831168,0.5877406,0.69976974,0.7458145,1.2555583,1.0979996,1.1284223999999998,1.1670853,0.9193334,0.85715055,0.71028978,1.8947318,2.2664344,2.3944774,1.6927880000000002,2020-08-25 09:48:42.661,Vehicle Movement,0.6806349158,,,,,,,,,,,,,,,,
0.55119783,0.37256786,0.32748288,0.28509325,0.27890459,0.36541083,0.32638562,0.61227453,0.76472318,0.75591302,0.56157845,0.40485108,0.78942382,0.55550706,0.45330662,0.30049092,0.55613875,0.58770448,0.68184054,0.48851013,0.26509723,0.23685178,0.2173475,0.38201118,0.5372057,0.54621428,0.35637203,0.33726025,0.55703902,0.70106,0.61530507,5.8354344000000005,8.9375134,13.924176999999998,12.66171,9.2687712,3.6163919,3.4789064,6.799017,19.252821,29.205038,26.761766,17.048429000000002,3.688967700000001,1.9508085,3.1585827,3.0026824,2020-08-25 09:48:42.902,Vehicle Movement,0.6806349158,,,,,,,,,,,,,,,,
0.65966672,0.46111989,0.47451881,0.42267534,0.27841097,0.39026085,0.41775241,0.33912802,0.40931085,0.38552496,0.23849656,0.20918629,0.31045589,0.31185186,0.32196438,0.2939277,0.36196792,0.35529405,0.34432268,0.25764304,0.37083086,0.39211223,0.31622827,0.32849807,0.46889353,0.7885558000000001,1.0078853,1.1733876,1.0810947,3.2078974,2.67348,4.333673,6.637424900000001,10.422564,9.6784801,7.110052099999999,2.8315809,4.0997286,5.0834079,14.374491,23.731514,21.724064,14.438015,2.7396038,3.5092893,3.6791697,2.3467429,2020-08-25 09:48:43.142,Vehicle Movement,0.6806349158,,,,,,,,,,,,,,,,
0.45699558,0.35595983,0.36242685,0.36344254,0.20676127,0.3113448,0.32959169,0.34515339,0.37526563,0.34276861,0.34756082,0.33547151,0.34607169,0.44949794,0.43988624,0.22115742,0.22205332,0.25372535,0.46237952,0.38659832,0.43099833,0.38511583,0.32090515,0.26893348,0.29068506,0.51485115,0.65881068,0.79960078,0.70764536,1.8413923,1.4973869,1.5387068000000002,2.6401060000000003,3.9016833,3.9705155,2.9209526,2.5872903,3.5878370000000004,2.7102494,4.3724413,8.1785078,7.355013400000001,5.3082371,7.4237185,11.145419,13.882237,8.825030300000002,2020-08-25 09:48:43.382,Vehicle Movement,0.6806349158,,,,,,,,,,,,,,,,
0.41251007,0.39405686,0.34528655,0.26831117,0.35297623,0.32136863,0.33677861,0.37241453,0.34106714,0.34989536,0.29895371,0.23275296,0.32819888,0.38132304,0.51531124,0.37063828,0.37530702,0.34093922,0.38538489,0.38073879,0.34811836,0.29552591,0.2787649,0.19108254,0.30432004,0.27818167,0.49446455,0.70775783,0.63406128,0.76312125,0.72673094,1.9369613,3.4879904,5.0926614,5.0897083,7.0772438,5.905465599999999,7.6659098,4.196238,4.712456700000001,3.6963561,4.3654227,3.5324857000000005,4.30302,4.573945,4.3814864,2.707109,2020-08-25 09:48:43.623,Vehicle Movement,0.6806349158,,,,,,,,,,,,,,,,
0.52070451,0.38721877,0.2564263,0.22451684,0.32746139,0.31042784,0.25813708,0.38107184,0.42074886,0.47469375,0.41942728,0.28553656,0.27761465,0.31324327,0.41372588,0.42815375,0.69058281,0.61068624,0.57725179,0.27227864,0.34112197,0.50476956,0.4500297,0.40606666,0.27070203,0.27910998,0.48946252,0.67394853,0.67762059,0.68192613,0.88725364,1.0023966999999998,1.6278807,2.4323087,2.2996068,3.4558165,2.7543244,3.7487531,1.8078868,2.4469559,1.5159917,1.7880307,1.4468683999999998,1.7624711,1.9997853,2.2897029,1.7013324,2020-08-25 09:48:43.863,Vehicle Movement,0.6806349158,,,,,,,,,,,,,,,,
0.50143987,0.346865,0.4653122999999999,0.31137946,0.34566802,0.28560022,0.24731345,0.28768864,0.3124682,0.36035267,0.31148672,0.27614921,0.21814068,0.27101853,0.4142772,0.47832111,0.62152165,0.46628851,0.4644952999999999,0.35645404,0.29360101,0.4121130999999999,0.33421353,0.32501882,0.21048297,0.26333311,0.22764175,0.27090752,0.2878474,0.4514682,0.50225502,1.3712542,1.7087063999999998,2.1172562000000004,1.8490545,2.0579121,1.4455087,1.3455124,0.99453437,1.3495593,0.71541274,0.77702248,0.79191673,1.0413306999999998,1.9844788,6.137136900000001,5.2147093,2020-08-25 09:48:44.103,Vehicle Movement,0.6806349158,,,,,,,,,,,,,,,,
0.2605291,0.29071277,0.37021214,0.31566411,0.3487837,0.3460449,0.34023169,0.13570583,0.27105474,0.26566607,0.32956097,0.26473644,0.22396125,0.27071521,0.37441906,0.28313601,0.35032487,0.3648836,0.42724413,0.59816647,0.44783336,0.23895594,0.29066163,0.40299129,0.45240879,0.35194767,0.31622091,0.39506388,0.45356792,0.52906156,0.3838571,0.633479,0.91935885,1.5221627,1.3637052,1.5020628,2.9621687000000003,4.526617099999999,5.908170200000001,5.6569695,5.345379400000001,4.0064673,3.6158993,1.2299812,0.84894907,2.0054069,1.6190428,2020-08-25 09:48:44.344,Vehicle Movement,0.6806349158,,,,,,,,,,,,,,,,
0.52421504,0.42022538,0.39077815,0.24700499,0.3631272,0.52827787,0.54683429,0.59178209,0.5117234,0.49317023,0.39512396,0.45689446,0.34473801,0.28698477,0.26508293,0.25913081,0.41553468,0.37008637,0.29256248,0.38733587,0.31071508,0.23260011,0.31263298,0.44453767,0.76589441,0.61822587,0.53047132,0.52946228,0.63060093,1.4271235,1.3314046,2.3237576,2.5656924,3.411902200000001,3.7998888,3.6332102,2.8871861,2.4990008,3.144511,2.6564882,2.6597426,1.9787711,1.9942616,0.58904761,0.44188651,1.0522348999999998,0.8296048,2020-08-25 09:48:44.584,Vehicle Movement,0.6806349158,,,,,,,,,,,,,,,,
0.40310612,0.36172512,0.34236324,0.27087635,0.35024709,0.44632104,0.50781536,0.52402014,0.45960224,0.44298938,0.40783367,0.36639705,0.31774154,0.31736708,0.23051074,0.32456377,0.50752646,0.46886015,0.37983596,0.29236883,0.2442064,0.31835052,0.42243147,0.41295472,0.42734584,0.34179088,0.68350989,0.58826691,0.65863377,0.47681129,0.60954261,1.7364185,1.7716174,2.1393714,3.2332563,3.2904935,2.4949467,3.5712335,7.6155834,9.787838,10.406015,10.834667,8.834455499999999,6.474052400000001,4.4352098,6.2560043,5.5768027,2020-08-25 09:48:44.825,Vehicle Movement,0.6806349158,,,,,,,,,,,,,,,,
0.40877914,0.37598732,0.44185746,0.44003683,0.25407696,0.21300016,0.30482253,0.48373029,0.49638069,0.45936459,0.36852604,0.39686251,0.25122198,0.3660683,0.41210771,0.33646408,0.46157485,0.36139724,0.33847198,0.23472534,0.20785564,0.26879758,0.21327931,0.22285627,0.31148255,0.39384148,1.4299732,1.2411482,1.2730145,0.52122509,0.46428418,2.0492022,1.7742946,1.6284946000000002,1.8145735,1.9698857,1.998122,4.0339174,8.964426,9.376030900000002,9.0224714,8.600292199999998,6.660791900000001,4.8079410000000005,2.7626717,2.6249239,2.284199,2020-08-25 09:48:45.065,Vehicle Movement,0.6806349158,,,,,,,,,,,,,,,,
0.31287116,0.19823574,0.20342514,0.26756042,0.19956827,0.18098675,0.2309694,0.27070528,0.35510105,0.25456452,0.33970332,0.30764744,0.33629084,0.29641971,0.32427177,0.24434185,0.34278747,0.26765877,0.26532561,0.24795555,0.25337735,0.34358379,0.32933143,0.69426239,0.78807759,0.92351115,2.7447338,3.2959704,3.3863747,1.3525751,1.6796925,1.2661905,0.93240076,0.50176632,0.65807879,0.61572021,0.85033602,1.3040633999999998,3.1410685000000003,3.4359035,3.9218278,3.9158587,3.5766456,3.3622591,2.7274504,3.2304139,3.2326181,2020-08-25 09:48:45.305,Vehicle Movement,0.6806349158,,,,,,,,,,,,,,,,
0.59279507,0.49711224,0.46582815,0.24905112,0.28768301,0.38450691,0.41447124,0.39261082,0.36393881,0.23992494,0.30418068,0.34023756,0.42162076,0.31376988,0.22179219,0.19732824,0.22606085,0.26195702,0.30369437,0.27711576,0.19768324,0.45394534,0.71399868,0.61324632,0.62319571,0.71125692,1.5511534,1.8828704,1.9137839,2.895421,5.9092007,4.4647217,4.9803858,3.7475772,4.8403182000000005,5.9954386,0.90982789,0.75098449,1.6394485,2.6239247000000003,4.6203694,4.4604235,4.2870636,2.2544672,1.4340233,1.4898027,1.3343065,2020-08-25 09:48:45.546,Vehicle Movement,0.6806349158,,,,,,,,,,,,,,,,
0.45666435,0.36917928,0.34884542,0.33156577,0.43637893,0.44720915,0.4378327999999999,0.35871366,0.37787572,0.31752449,0.3386656,0.35552925,0.32253015,0.32343873,0.31167644,0.29957804,0.41851109,0.47427616,0.46112242,0.32977679,0.35294768,0.30022258,0.43871704,0.36999089,0.67914796,1.7687204,1.8586506,3.4400237,5.2585783,3.437143100000001,6.1540227,9.3838711,14.921423999999998,16.033031,13.598309,15.36059,4.713513900000001,7.5357194,8.420993800000002,8.9556551,12.654446,8.7991295,5.5232563,1.8427858,3.6041131,4.0952673,6.5919209,2020-08-25 09:48:45.786,Vehicle Movement,0.6806349158,,,,,,,,,,,,,,,,
0.52055937,0.30615705,0.31480104,0.34521651,0.43084958,0.45680559,0.43637335,0.3797465,0.22674008,0.37348285,0.31090248,0.29919344,0.30781615,0.33459479,0.30116519,0.23873049,0.41909295,0.49735981,0.44486091,0.35428464,0.42145458,0.49037281,0.56133646,0.57413256,0.66967624,1.5111108,1.7325006999999997,1.8808144,2.1538579,1.4078174,3.5819395,3.843534200000001,6.1116567,6.5669603,5.5975828000000005,7.342662799999999,3.5004807,5.596385,6.2538323,4.1185398,5.183126000000001,3.6040292,2.3539407000000003,2.6583869,6.781160400000001,9.8250132,4.9012852,2020-08-25 09:48:46.026,Vehicle Movement,0.6806349158,,,,,,,,,,,,,,,,
0.44090179,0.2698352,0.29877934,0.28921908,0.50551754,0.61167294,0.62175989,0.3430053,0.20035516,0.2674869,0.34297919,0.38258833,0.21040288,0.39023671,0.40149277,0.34715894,0.45305946,0.37443084,0.20404106,0.23351157,0.28821149,0.65934289,1.1426709,1.5287465,1.0281633,1.1307421,1.4056783000000002,1.5636263,1.5008315,1.8395827,4.2281117,5.243517400000001,8.6350183,7.738670299999999,7.400363900000001,6.474246,4.699585,6.474518799999999,7.7187891,8.985154199999998,7.8307576,5.3414822,3.2000046,1.988688,5.0360136,7.296525,3.4120715,2020-08-25 09:48:46.267,Vehicle Movement,0.6806349158,,,,,,,,,,,,,,,,
0.58532619,0.29534191,0.3089613,0.28602877,0.36933148,0.41109258,0.45354682,0.33215162,0.27358818,0.22683641,0.26538831,0.36688572,0.31511813,0.42808613,0.53162771,0.61961097,0.68548483,0.65402222,0.5803389,0.77873212,0.89153445,0.43333018,0.72685379,1.0556166,0.8711042999999999,1.4043523999999998,4.116880399999999,4.8964705,5.0263667000000005,3.9749,2.6585364,2.8919346000000004,4.7719026,4.7292342000000005,5.0323281,4.4016209,4.456306,6.7350402,11.693871,15.012191,12.203351,8.4870577,5.0152926,1.7268283,1.5786637,2.3135482999999994,1.1179028,2020-08-25 09:48:46.507,Vehicle Movement,0.6806349158,,,,,,,,,,,,,,,,
0.4645715999999999,0.3506493,0.50897479,0.48381397,0.62041128,0.62668324,0.51779622,0.72470891,0.63772285,0.70593917,0.5396021,0.42537522,0.23826842,0.2743271,0.40330151,0.46633041,0.54456013,0.60204244,0.36099502,0.54245055,0.56936014,0.30566004,0.28805664,0.44092295,0.4893979999999999,0.67715681,1.9572351000000003,2.1778667,2.0587461,1.6280769,1.0889083000000002,1.0247927,4.21068,5.8008885,7.8810511,8.0558424,9.1050301,9.3634377,7.110071700000001,6.5686007,5.530461799999999,4.9054346,4.7921906,3.479224,2.5288763,2.8857296000000003,3.4549932,2020-08-25 09:48:46.748,Vehicle Movement,0.6806349158,,,,,,,,,,,,,,,,
0.23837487,0.2172583,0.31895739,0.35508355,0.5810709,0.5978601,0.73955959,0.79722929,0.83584338,0.62817878,0.36516315,0.28937116,0.30425817,0.20389722,0.24795312,0.27695808,0.36230043,0.62282836,0.43229023,0.85539556,1.6311027,1.8784862,6.864964,12.201621,16.053942000000003,18.901365,29.449755,34.413639,36.503384,34.432163,28.059881,21.015968,14.220204999999998,11.252312,13.294821,13.655752,14.217107,15.165368,11.79595,10.740637,10.469089,8.443126699999999,8.491711599999999,6.548830000000001,3.6202521,1.9163702,4.7224789000000005,2020-08-25 09:48:46.988,Vehicle Movement,0.6806349158,,,,,,,,,,,,,,,,
0.28995624,0.28593838,0.3046692,0.21346217,0.51358962,0.49945498,0.54810894,0.45836115,0.48868307,0.39960718,0.25846636,0.22277519,0.34037536,0.49398747,0.43336934,1.0225155,1.0094066,1.4881431,1.1668261,1.1303806,1.7037234,1.5911844,3.9485214,7.720880499999999,9.9912415,11.642545,15.660982999999998,22.847837,25.35158,23.906961,19.506207,15.662679999999998,11.974092,10.350053,10.709745,13.10977,13.695275,13.000772,11.058525,10.430778,15.051582000000002,16.273966,15.732002,10.953635,7.4404259,5.663776400000001,3.6763799,2020-08-25 09:48:47.228,Vehicle Movement,0.6806349158,,,,,,,,,,,,,,,,
0.33831602,0.26046175,0.27149683,0.28250036,0.54608363,0.54327887,0.38782442,0.35120404,0.31764257,0.34989175,0.24905235,0.24921131,0.34373978,0.3143152,0.29441017,0.58922434,0.69952953,1.0408376,1.2382938,1.4314065,1.9071267,1.4620575,2.2977481,4.9160795,5.7628951,5.858122799999999,11.061511,10.58567,11.37623,9.4297543,9.0520411,8.410991699999999,5.9758801,4.0366344,3.2576973,3.9877381,8.3252306,9.8638535,8.332405099999999,4.0891294,5.1882925,6.0486207,5.8159022,3.8064892,2.4755194,4.178628,2.5678887,2020-08-25 09:48:47.469,Vehicle Movement,0.6806349158,,,,,,,,,,,,,,,,
0.32679725,0.36818552,0.44535318,0.35583946,0.3119131,0.27303129,0.28122088,0.68825811,0.69567281,0.79716241,0.57211596,0.39844823,0.34171271,0.34496298,0.20828161,0.34580553,0.3858085,0.5936709,0.9270494,1.0789514999999998,1.1969187,0.91370595,1.2981315,4.9241347,5.800465099999999,6.6425853,5.631811099999999,7.158148799999999,7.7934446,8.284677499999999,7.7494159,7.6344905,10.145434,10.907104,7.7535515,4.430263,6.8022313,12.725257,16.860876,17.550345999999998,18.073664,13.560989,7.289636099999999,5.125554599999999,5.1574578,7.0207853,3.9056175,2020-08-25 09:48:47.709,Vehicle Movement,0.6806349158,,,,,,,,,,,,,,,,
0.91841847,0.38564795,0.3821843,0.35171485,0.29608166,0.20336337,0.26628777,0.37828752,0.42702672,0.40864432,0.36620608,0.28675893,0.27145454,0.36340371,0.2916147999999999,0.63878077,0.95517874,1.0390204,1.452451,0.93089443,0.95383096,1.0438896,0.95231599,1.7516141,1.9263614,2.254328,1.717105,2.2156656000000003,2.4500678,2.6114447,2.4917176,2.7991264,5.5954685,6.1375585,4.6047721,2.5111129,3.7516055,7.0183072,9.2992058,9.7073011,10.020885,7.4792342,4.0204225,2.0547159,1.62526,3.5380869,2.9004982000000004,2020-08-25 09:48:47.950,Vehicle Movement,0.6806349158,,,,,,,,,,,,,,,,
1.2242744,0.47184587,0.5220812,0.33022502,0.32271913,0.21731526,0.25790638,0.41710562,0.40711007,0.39895114,0.67141187,0.5879091,0.45660943,0.34093469,0.35565063,0.45810193,0.60938525,0.8846494,1.3164488,0.92814553,0.82948065,0.68224275,0.90297043,1.3573768,2.3444009,2.9762871,1.3999035,2.1890385,2.3664672,1.2416284,0.86680377,1.2123246,2.5785799,3.0203514,3.1888001,3.2810421,4.6568441,6.3203459,7.2551045,6.9320998,7.1438856,6.564805000000001,6.3956709,5.0673733,3.4834676,3.4795105000000004,2.369488,2020-08-25 09:48:48.190,Vehicle Movement,0.6806349158,,,,,,,,,,,,,,,,
0.69085753,0.36355451,0.39971188,0.29664797,0.31131598,0.26664287,0.20162043,0.28297389,0.37718597,0.38509542,0.3531777,0.40673688,0.32220593,0.25913769,0.20843618,0.22946453,0.35981169,0.47656268,0.53852367,0.32638139,0.25231194,0.21743582,0.50993121,0.55596709,0.96024168,1.2190555,0.66738695,1.625685,2.4198041,5.2812953,7.8233795,9.3021584,10.536593,11.796257,8.527972199999999,4.8651185,2.1998968,2.8143356,3.1316907000000005,3.6347184,2.92606,2.688874,2.6195986,2.1994059,4.652597,4.8081641,5.1592126,2020-08-25 09:48:48.430,Vehicle Movement,0.6806349158,,,,,,,,,,,,,,,,
0.45106566,0.25287709,0.32677117,0.31165054,0.3607997,0.42590153,0.42817339,0.56516165,0.54832584,0.46468595,0.40801543,0.36391863,0.3199119,0.3065257999999999,0.23865323,0.45727935,0.46643704,1.0062932,0.98726833,0.93841684,0.54228348,1.0966726999999998,4.1008525,5.280172299999999,7.9031363,8.7637815,7.3075709,10.637455,16.516379999999998,19.108551,20.356945,19.280941,21.507959,20.639326,14.462878,10.828388,11.551611,10.752693,9.4838238,6.9051557,4.729229,5.5913615,4.9911065,8.342046700000001,9.3074789,10.421284,5.197938400000001,2020-08-25 09:48:48.671,Vehicle Movement,0.6806349158,,,,,,,,,,,,,,,,
0.7798725999999999,0.45942682,0.55828041,0.32301146,0.30425066,0.36674142,0.34431136,0.49628901,0.4438487,0.40204722,0.61143339,0.58229381,0.32330596,0.31165811,0.27572349,0.48049477,0.79725575,1.4990231,1.802518,1.6702758000000002,0.78983396,0.93737692,3.0766094,3.921308,5.869246,6.5084023,5.4269519,5.2212043,7.687419900000001,8.319860499999999,11.555882,11.980259,13.748096,10.317347,7.283966099999999,5.0249171,5.9895763,7.104671000000001,6.9361277,6.001358,4.5190835,4.2286453,3.2523141,3.2273064,2.9557712000000005,3.2369552,2.3805254,2020-08-25 09:48:48.911,Vehicle Movement,0.6806349158,,,,,,,,,,,,,,,,
0.81527185,0.48100552,0.47567484,0.31364724,0.75745296,0.84596884,0.88172394,0.77225679,0.85992509,0.76481885,0.5713008,0.54004055,0.37826261,0.31899962,0.21380706,0.31577632,0.33599764,0.62393862,0.77753913,0.71877915,0.52666849,0.4426927,1.7479971999999997,1.7229205,2.971071,2.7528365000000004,2.5907362000000003,3.6155348,5.709045400000001,5.948780999999999,8.5819502,8.8971128,10.25911,7.6782899,5.409421400000001,3.6394875,2.591146,2.9099979,3.0081422000000004,3.5870128,4.0067015,2.8809309,2.1492627,1.2771939,0.89908838,0.9846192,1.1676859,2020-08-25 09:48:49.151,Vehicle Movement,0.6806349158,,,,,,,,,,,,,,,,
0.93785602,0.55729258,0.4041022999999999,0.26311779,0.56252074,0.62825692,0.65487957,0.72172868,0.84079438,0.75121284,0.56311828,0.46797743,0.37718987,0.30217355,0.28115353,0.43791601,0.35723597,0.38509938,1.0426394,1.8506904,2.4758835,4.4144297,5.0415068,4.7455702,4.1929016,5.5124674,7.301955199999999,6.057313,4.3670974000000005,3.8024862,5.2682199,5.9827094,7.215674400000001,7.3269458,6.844902499999999,6.7636852,3.4776797,4.4641438,4.6456971,7.7349534,11.138775,13.029653,12.521081,8.8878345,6.13902,5.6839066,2.9558694,2020-08-25 09:48:49.392,Vehicle Movement,0.6806349158,,,,,,,,,,,,,,,,
0.92009228,0.38266307,0.3553430999999999,0.25903445,0.46176481,0.46068376,0.39475852,0.56832963,0.51171863,0.44231388,0.30306527,0.34284645,0.27058759,0.19964258,0.2202266,0.58188593,0.85937452,1.1044993,1.4822121,1.8223572,2.2430737,2.7139857000000003,2.5635734,2.9175744,2.8515537,4.6405239,5.510344,4.5300698,3.2800012,2.895694,3.912432,4.4506202,5.6556826,7.4400811,9.3356256,13.39394,14.700329,17.391022,18.554716,19.99791,22.674578,22.143396,22.848248,18.707628,15.767508,11.214036,6.0819697,2020-08-25 09:48:49.632,Vehicle Movement,0.6806349158,,,,,,,,,,,,,,,,
0.37991747,0.26780653,0.39697069,0.28198102,0.26822385,0.29216883,0.26817033,0.84175271,1.2595009,1.3022921,0.85631204,0.28327787,0.34846583,0.24822792,0.22949098,0.36793071,0.50439972,0.62771988,0.82633603,1.0050769,1.2371128,1.5092075,1.4138767,1.1191651000000002,1.4329722,2.1616154,3.0390968,2.0394931,2.1479809,2.2592049,3.2085702,2.7606535,2.6822331000000004,2.3802938,2.9994617000000003,4.375478299999999,4.956676,6.0482712,12.449653,10.922974,11.322606,8.544309599999998,8.7887411,7.0695958,5.708931400000001,4.5410447,4.5167608,2020-08-25 09:48:49.873,Vehicle Movement,0.6806349158,,,,,,,,,,,,,,,,
0.76106828,0.4723154,0.44642738,0.32329276,0.21211144,0.17986038,0.43462214,1.7180256,2.3108528,2.241261,1.1347417,0.33345482,0.30175468,0.25361511,0.26816002,0.29951409,0.5001272,0.50655204,0.68444026,0.47942215,0.41837919,0.45907167,0.43007401,0.3404284999999999,0.43851233,0.65752161,0.97519284,0.83370656,1.1846669,1.2460098,1.8257971,1.7136739,4.777629900000001,10.701099,13.14476,11.437358,8.1049328,10.946022,18.243196,17.195421,17.215738,11.47766,8.5508108,4.8512554,2.9568775,1.7755493999999998,1.3739114,2020-08-25 09:48:50.113,Vehicle Movement,0.6806349158,,,,,,,,,,,,,,,,
0.60085136,0.35076401,0.33153832,0.25201473,0.17423691,0.16236469,0.31821838,0.68358725,0.84754813,0.76749092,0.46598214,0.25374955,0.45445347,0.42994067,0.4274857,1.7310772,3.7102489,4.4790721,6.3290505,7.7628226,7.9235606,9.3669252,11.195946,12.128014,12.016088,12.634033,12.11114,13.141594,13.212737,12.00941,10.911817,10.311545,9.3699455,8.8187075,11.776153,10.667042,8.0952606,5.7927279,9.0637608,9.437402699999998,8.5840216,5.492311,2.6009912,1.4845218999999998,0.93456596,0.89769983,1.1614797,2020-08-25 09:48:50.353,Vehicle Movement,0.6806349158,,,,,,,,,,,,,,,,
0.44796446,0.3313522,0.28351608,0.43830571,0.48200819,0.61431146,0.52841765,0.49787918,0.54291934,0.58185107,0.38720435,0.35108399,0.3599799,0.36852175,0.43317592,1.3082472,2.7595584,3.3263729,4.752888700000001,5.938633,6.200920099999999,7.461029099999999,8.488484399999999,9.1242142,8.9237213,9.5205441,9.1243105,9.9542675,9.8829575,10.610715,13.700477,11.878817,8.7300406,6.2403684,6.1260900000000005,5.4417138,3.9116344,2.3726394,3.7124197,3.8654602,3.9991474,3.9099047,3.8456132,2.2236934,0.63336527,0.66667479,0.88055289,2020-08-25 09:48:50.594,Vehicle Movement,0.6806349158,,,,,,,,,,,,,,,,
0.29984248,0.2507405,0.34097227,0.65689504,1.1225314,1.4780608,1.4496379,0.83338785,0.46524304,0.44300801,0.32387275,0.28381798,0.31587908,0.22275144,0.44773483,0.84698462,1.4400411,1.5961815,2.0801501,2.0102453,2.1315112000000003,4.124846499999999,4.995839599999999,4.568213500000001,3.869169,3.8463185,5.098354799999999,6.220434200000001,6.572142100000001,7.8800235,10.174628,8.821776400000001,6.483345,5.4753532,5.748225700000001,5.7364516,5.096767400000001,4.5459385,6.2557683,5.183269999999999,5.2280164000000005,4.7159915,4.0224552000000005,2.5463982000000005,1.5667862,1.0912653,0.88687509,2020-08-25 09:48:50.834,Vehicle Movement,0.6806349158,,,,,,,,,,,,,,,,
0.55576169,0.45386007,0.53367668,0.59421998,0.85892314,0.96418691,0.95744246,0.47562981,0.25320336,0.39178261,0.2653268,0.28411728,0.34374774,0.28962934,0.29248962,0.3371442,0.45029008,0.51384193,0.64772981,0.70474881,0.87005806,1.6829308,1.8758388,1.5872666000000002,1.3981042,2.279624,3.7862821,4.6195917,4.8807864,4.6443434,5.1133337,4.1271839,4.4970984000000005,4.0662589,4.2689066,4.2601633,3.7851031,3.3760309,4.6458321,3.8493443,3.8825753,3.5023205,2.4379091,1.891077,1.1635703000000002,1.0143155,1.4593968000000002,2020-08-25 09:48:51.074,Vehicle Movement,0.6806349158,,,,,,,,,,,,,,,,
0.34775704,0.33705816,0.31033686,0.36145642,0.38588667,0.44185746,0.42306483,0.24779792,0.4105842999999999,0.43053314,0.44595239,0.27279615,0.32025754,0.65381819,0.59542942,0.88329214,1.2929605,1.7494991999999998,1.3051211,0.86192262,3.5008159,6.820435499999999,6.669897099999999,7.1035924,9.2971096,13.115438,12.179271,12.184242,12.245376,12.915271,16.359442,24.58223,30.389811,34.942959,32.641106,26.524183,15.581335,9.9365921,9.6684179,12.66914,14.916364000000002,19.188931,14.706038,7.382864,3.0242779,1.7038122,1.189473,2020-08-25 09:48:51.315,Vehicle Movement,0.6806349158,,,,,,,,,,,,,,,,
0.75141901,0.53869271,0.42659312,0.33195755,0.33970737,0.49759173,0.54102761,0.46637052,0.34348279,0.26398748,0.27904314,0.24083722,0.29692411,0.50474751,0.48151058,0.96862495,1.7687186,2.3832982000000005,2.217792,1.5745643,1.4936125,2.7935777,2.7319191000000003,2.9286404,3.8140945,5.3719435,4.9884996,4.9905348,5.0171871,6.4002633,7.6207442,10.068619,12.447342,14.365669,13.370162,10.864023,6.381948,4.069922,3.9600809,5.1891456,6.1095843,7.859580499999999,6.0234356,3.6558065,3.7431908,5.1947222,3.3504457000000003,2020-08-25 09:48:51.555,Vehicle Movement,0.6806349158,,,,,,,,,,,,,,,,
0.48814848,0.3436031,0.34182361,0.28942555,0.2849521,0.41509652,0.4479753999999999,0.50615311,0.35960457,0.33514869,0.29119259,0.30244204,0.34966171,0.54405409,0.58122313,0.80965966,1.3356006,2.1189826000000003,2.3896787,1.6336696000000002,1.0220493,1.097616,1.1728492,0.97641397,1.200579,1.6340412,1.5193192,2.0471044,2.3352767999999995,2.420646,2.4069548,3.1159394,3.8063993,4.3697586,4.0669441,3.3046260000000003,2.4649594,6.3102541,9.2698336,6.8039837,5.9530735,5.9557486,8.1356564,4.5696707000000005,3.3881536,2.0822432,1.4499474,2020-08-25 09:48:51.796,Vehicle Movement,0.6806349158,,,,,,,,,,,,,,,,
0.4643123999999999,0.30843973,0.35499677,0.4751215,0.47069237,0.70634282,0.88377905,0.70981002,0.66787201,0.46800971,0.47983867,0.43841022,0.37689909,0.32223848,0.33636096,1.0674201,1.5636964,1.8682787,1.7132603,1.4050877,1.6555229,1.3440454,1.5632447,1.3271347,1.1931279,1.9018383,1.6716546,3.7147567,4.2901163,5.9462886,6.3006477,6.1823583,4.9197927,5.2566261,4.7243352,3.6620727,4.318837599999999,8.559019099999999,7.391655900000001,5.6034088,5.1973987,4.9453712,7.2319789,3.9113998,3.243211,5.621849500000001,5.449904900000001,2020-08-25 09:48:52.036,Vehicle Movement,0.6806349158,,,,,,,,,,,,,,,,
0.49965084,0.42198825,0.34060663,0.40591308,0.3676483,0.55082756,0.61658245,0.71934408,0.71464765,0.56924301,0.42062476,0.40601915,0.50057203,0.55337685,0.6102438,0.52693951,0.99807984,2.7507236,4.641297799999999,4.5538869,4.6083965,7.2708049,9.0644217,10.777286,9.5805578,12.779518,11.119874,13.133223,12.861752,12.914568,15.992136,15.850519,15.778426,14.276425,9.900218,3.089165,1.8632805,3.5056832,2.6713579,1.8119739,1.6768414,2.7815077,3.9277358,4.334322900000001,3.3685811,4.8530407,3.8995676,2020-08-25 09:48:52.276,Vehicle Movement,0.6806349158,,,,,,,,,,,,,,,,
1.0895452,0.48804945,0.4172186,0.32464081,0.28754553,0.45048147,0.59335637,0.95603544,1.1551976000000002,1.0707688,0.86093456,0.56141704,0.82368696,0.69821906,0.46797645,0.37575257,0.60336232,2.0428185,3.4439125,3.3025672,2.7791228,4.3026547,5.1867328,6.0814705,5.3999748,7.1045446,6.2586122,5.950397,6.2452836,5.8922248,8.875993699999999,9.336716699999998,9.4832907,8.491272,5.7750897000000005,1.7667986,0.71677428,1.9048246,2.6467929,2.1487978,1.0107348,0.9547435,1.2949766,1.3184173,1.1119707,1.6296294,1.6612033,2020-08-25 09:48:52.517,Vehicle Movement,0.6806349158,,,,,,,,,,,,,,,,
0.6977762,0.50870866,0.4503288,0.54495531,0.3738915,0.28153637,0.44504592,0.55445927,0.78902096,0.91289312,0.9251827,0.74216032,0.89545089,0.68764019,0.55063164,0.25495508,0.34623218,0.76780105,1.2685332,1.7210279,2.0392911,3.9620481,8.2135801,7.842822099999999,5.9101253,5.255865099999999,4.2413955,4.056438,2.0608101000000003,2.1677301,2.6999054,2.8612092,2.942723,2.6974435000000003,1.792255,3.9274693,5.5941725,7.820077400000001,6.831710799999999,4.6326237,3.6187823,2.9281478,2.0876429,1.3734183,0.925771,1.1308314,1.2027061,2020-08-25 09:48:52.757,Vehicle Movement,0.6806349158,,,,,,,,,,,,,,,,
0.49563229,0.4073697,0.36692819,0.4079195,0.39775956,0.3024780999999999,0.3733040999999999,0.34263217,0.45812219,0.50348407,0.54721898,0.52546859,2.3691545,2.3622412999999995,2.0965374,0.40944475,0.58936948,1.3751713,1.4878699,2.5773685,5.1024203,9.3187876,16.75106,19.998331,22.510109,23.434456,22.506718,22.984154,22.220409,23.690224,25.244005,27.461418,24.498388,19.296339,13.970588,14.918878,12.143647,8.3076067,4.0063052,2.5550108,1.5589826999999998,3.4020567,4.8376188,7.0706005,7.9198418,9.646597900000002,10.326995,2020-08-25 09:48:52.998,Vehicle Movement,0.6806349158,,,,,,,,,,,,,,,,
0.41754639,0.21147729,0.17563295,0.21551618,0.51862574,0.47814447,0.41299802,0.41062626,0.58651948,0.73675603,0.48465297,0.29602349,0.9764567,0.97340089,0.85871935,0.55222005,1.3251661,1.6382089,1.3550036,1.3742732,2.8220742000000003,5.1395512000000005,9.2386398,12.898565,14.301398,19.438759,14.621775,14.599672,12.60993,13.545818,15.434532,19.741131,17.914196,13.486014,8.3864174,8.553111099999999,6.6975336,4.581859099999999,2.440485,1.8245833,1.0609278999999998,1.1185771999999998,1.9931105,2.8946192,2.6526928,3.5653172,5.3130765,2020-08-25 09:48:53.238,Vehicle Movement,0.6806349158,,,,,,,,,,,,,,,,
0.80413866,0.6776765,0.55648094,0.44489124,0.38477084,0.40803871,0.3514652,0.31709945,0.24135892,0.33245564,0.34306514,0.6639924,0.94679844,0.86838055,0.58344543,0.48343572,0.86020464,0.7800739999999999,0.54619563,0.52714753,0.85842049,1.7346499,2.8102150000000004,5.789362000000001,6.379196599999999,8.6421146,6.2464261,6.0766444,4.9134331,5.6810026,6.6141243,8.325559599999998,8.1010246,7.596141800000001,6.393955200000001,5.5858421,4.7964225,2.2838130000000003,2.9861619,2.3102758,2.8199465,1.3145702,1.5765142,0.88048738,0.93591309,1.1243358,1.6161348999999998,2020-08-25 09:48:53.478,Vehicle Movement,0.6806349158,,,,,,,,,,,,,,,,
0.50426304,0.51658344,0.41326934,0.34561169,0.31437832,0.35613474,0.32355672,0.27493471,0.16582829,0.23480649,0.22790666,0.48323461,0.73005134,0.51702082,0.64437371,0.44424814,0.46250609,0.40200886,0.37733781,0.54563111,0.64663815,1.2882339,1.389848,2.2133694,2.2989395,3.0331931,1.9000423,1.8530569,1.5302632,2.059644,2.6388903,3.3420084,3.6094158,4.196299099999999,4.7484565000000005,4.1483135,3.5620525,1.6960686000000005,2.2176664,1.7157212,2.0942271,1.1461263000000002,1.1707947,0.63806766,0.39066333,0.51160997,0.5712741,2020-08-25 09:48:53.719,Vehicle Movement,0.6806349158,,,,,,,,,,,,,,,,
0.59018242,0.45431009,0.42816842,0.54142207,0.47758964,0.24207464,0.33543965,0.3479237,0.51726085,0.49346054,0.35852754,0.42608866,0.5669561,0.43058485,0.47854272,0.46401587,0.58259594,0.8825171,1.4857348999999995,2.2688046,2.2105217,3.0308869,2.2226436,1.879125,1.5101476,1.2794226,1.2358199,0.92446071,0.89049244,1.041918,1.1531793,1.259496,1.2660396,1.5917994,2.0490856,2.420655,1.7594903999999998,1.3394053,1.6951845,1.924174,1.8794992,1.7145555,1.2144396000000002,1.3328289,0.70246357,0.70547038,0.88843864,2020-08-25 09:48:53.959,Vehicle Movement,0.6806349158,,,,,,,,,,,,,,,,
0.53401792,0.35518453,0.47075602,0.61098087,0.50374138,0.4929291,0.71400946,0.90444243,0.83302224,0.61083704,0.37977773,0.23499888,0.37885362,0.32665241,0.35228124,0.3806808,0.41004777,0.55039209,1.1033778,1.6849226000000002,1.6416389,1.9211308,1.6506414,1.3955282,2.4766026,3.3692248,3.279577,3.1867018,1.9121331,1.7368124,1.8030628,2.0904386,1.950399,1.0045167,0.63559717,0.73631668,0.57199472,0.75296009,0.93493795,1.0612313999999998,1.1424059,1.3144138,1.5405403,2.9260900000000003,4.0962586000000005,4.0885539,1.2631059999999998,2020-08-25 09:48:54.199,Vehicle Movement,0.6806349158,,,,,,,,,,,,,,,,
0.67273957,0.61221689,0.65836096,0.50972426,2.3539338,3.6439226,3.6553719,3.4363694,1.9666247,1.6975425,0.59590763,0.25385356,0.36464417,0.29995978,0.34008315,0.53988349,0.65855211,1.5035999,3.1153464,3.5306839999999995,3.4187867999999995,9.5509138,13.129661,21.793463,26.386969,30.505054,27.824099,28.396099,26.197594,25.998468,21.994917,18.098982,16.39366,14.467736,14.241641,11.17887,8.9102325,5.30443,4.781109799999999,6.5931525,7.9483604,7.5116038,5.5829868,2.1855948,1.2460027,1.3635589,0.62420082,2020-08-25 09:48:54.440,Vehicle Movement,0.6806349158,,,,,,,,,,,,,,,,
0.4523912999999999,0.47386044,0.4414393,0.41263419,1.7481439,2.3777466,2.238611,1.9066534,1.0298681,0.71981102,0.3737074999999999,0.34359205,0.28726265,0.38668281,0.30682603,0.29775962,0.36320844,0.82927406,1.7181938,1.9472634,1.8855489,5.2675743,7.241345900000001,12.088636,14.553092,16.824863,15.345706,15.661178,14.448649,14.338823,12.179971,10.173481,9.1950636,8.0732489,7.854630499999999,6.205153,4.93051,2.9515052,2.834913,3.7351794,4.4618239,4.1833730000000005,3.102226,1.2054117,0.53968221,0.53839535,0.46821782,2020-08-25 09:48:54.680,Vehicle Movement,0.6806349158,,,,,,,,,,,,,,,,
0.32664296,0.28963369,0.24198942,0.31482711,0.65033656,0.95644277,0.87761801,0.77498186,0.77141303,0.92711669,0.38703099,0.20932049,0.2435203,0.3860262,0.41310343,0.44944146,1.0170579,1.2735761,2.4862854,3.1709456,3.5305197,4.0843806,5.051002,5.3459597,4.9545965,5.1787386,5.048687,5.6833429,6.0226684,5.975596400000001,5.1827106,4.6559696,5.161381700000001,6.048356500000001,4.8350887,2.5513215,1.5007898000000002,1.5093955,2.4478908,3.4707403,4.8664761,4.3443165,3.2497764,1.0197295,0.54058808,0.1767291,0.18755278,2020-08-25 09:48:54.921,Vehicle Movement,0.6806349158,,,,,,,,,,,,,,,,
0.41606978,0.50820184,0.3461954,0.30145121,0.41354486,0.36960962,0.32958788,0.28429019,0.33280522,0.40012461,0.27779281,0.26318595,0.24288532,0.297589,0.3160004,0.30726045,0.58041966,0.72048742,1.2391627,1.3715773,1.4959602,1.7221981,2.1404455,2.2984588,2.0904787,1.6664635,1.6430929,2.0630996,2.5335639,2.447541,2.1227832,1.9765188,2.2469969,2.612911,2.1146383,1.1663951,0.69878781,0.77526522,1.0026301,1.4215782,1.9955072,1.8292711,1.7013019,0.57886827,0.55954456,0.39873368,0.4774542999999999,2020-08-25 09:48:55.161,Vehicle Movement,0.6806349158,,,,,,,,,,,,,,,,
0.32544541,0.24677025,0.28785121,0.2597259,0.38523945,0.32867688,0.34801325,0.41676384,0.34730643,0.303148,0.30802557,0.34973341,0.30227685,0.31372011,0.26070631,0.23057121,0.27764308,0.32476157,0.39769763,0.42494527,0.48553544,0.54625934,0.65266109,0.69914681,0.63588339,0.50690621,0.51159507,0.73367029,0.78128541,0.7444948,0.64570969,0.60582262,0.68349308,0.79638296,0.66267502,0.47774303,0.3010444,0.38930371,0.35336664,0.5532794,0.82326257,0.77168918,0.72000355,0.49747473,0.66523254,0.48017067,0.35099503,2020-08-25 09:48:55.401,Vehicle Movement,0.6806349158,,,,,,,,,,,,,,,,
0.35669869,0.38365036,0.310224,0.19288485,0.42019239,0.33433291,0.31792152,0.24245356,0.24641079,0.2205743,0.2521013,0.25933889,0.18193209,0.21303187,0.26099658,0.24048413,0.28733483,0.19348894,0.29151693,0.40911502,0.85408801,1.0466669,1.0436014999999998,0.71409762,0.34952453,0.25995082,0.19547716,0.32437366,0.29966196,0.27154699,0.21149102,0.34201619,0.52440435,0.74799287,0.70195234,0.54858798,0.66371858,0.46747351,0.39400163,0.60110712,0.44265658,0.66815573,0.84032631,0.75833356,0.91905475,2.7101424,3.2925644,2020-08-25 09:48:55.642,Vehicle Movement,0.6806349158,,,,,,,,,,,,,,,,
0.2989113,0.23826411,0.36943468,0.2147186,0.26381442,0.19333969,0.27558562,0.46763372,0.56420177,0.50836915,0.21921989,0.29285148,0.28809252,0.39715046,0.42291829,0.48702157,0.72230577,0.79263443,0.47502178,0.63736898,0.94343042,1.1456505,1.1694391000000002,0.91301507,1.0385532,1.243607,0.79576957,1.2092607,1.2600001,1.1478993,1.0279360999999998,0.95907158,0.99138933,0.48057291,0.47923484,0.4500207,0.50546074,0.3041070999999999,0.37630451,0.49860543,0.6102006999999999,0.51124531,0.32033604,0.42069355,0.50889313,2.012681,2.4558572999999995,2020-08-25 09:48:55.882,Vehicle Movement,0.6806349158,,,,,,,,,,,,,,,,
0.40847629,0.29728761,0.27584267,0.39841646,0.5920095999999999,0.66823661,0.8563956,0.77211022,0.84597814,0.72242838,0.39213786,0.43251309,0.31162706,0.38509816,0.30169466,0.46576652,0.47830844,0.51131052,0.4767026,0.77163994,1.0381039,1.2728536,1.1159219,1.0949953,1.2045306999999998,1.5958465,0.82267278,1.0347739,1.1121877,1.0034522,0.68618888,0.57109398,0.42564434,0.26002645,0.44342685,0.61446643,0.54691005,0.4326447,0.39761651,0.42809063,0.38634121,0.29042688,0.42372042,0.40810359,0.54614776,1.4582211,1.6305783,2020-08-25 09:48:56.122,Vehicle Movement,0.6806349158,,,,,,,,,,,,,,,,
0.60440713,0.37426424,0.43562615,0.38614699,0.59132928,0.56623542,0.75761145,0.63085276,0.69577473,0.68201232,0.4131016999999999,0.37691966,0.44275716,0.3971144,0.37860686,0.55775267,0.4825755999999999,0.54929578,0.38630888,0.53816724,0.71135676,0.93830973,0.71852863,0.4712119999999999,0.63373572,0.83442944,1.6264413999999998,2.3291469,2.6246119,1.8622704,0.48400897,0.59821975,0.60843652,0.54668164,0.50313723,0.31720802,0.42837024,0.27305183,0.4036737999999999,0.3731212,0.48582277,0.47887439,0.38010287,0.33339483,0.79357886,1.0902461,1.5661938,2020-08-25 09:48:56.363,Vehicle Movement,0.6806349158,,,,,,,,,,,,,,,,
0.61460519,0.35282534,0.250871,0.35688162,0.71089989,0.84547383,0.90672386,0.83066875,0.74468142,0.52973419,0.37123966,0.43716219,0.41482764,0.4622905,0.51336813,0.58144951,0.95705247,2.0930593,12.863916,16.570917,25.745039,32.795818,41.141296,42.714779,41.890129,39.283131,41.474789,43.34993,41.647751,38.992142,38.795296,41.528454,39.231903,34.14143,25.567806,17.2019,14.099703,16.31885,18.737696,21.500683,23.508066,21.633722,18.219048,8.4564905,2.1867917,1.0426029,1.3233465,2020-08-25 09:48:56.603,Vehicle Movement,0.6806349158,,,,,,,,,,,,,,,,
0.6012301999999999,0.42069265,0.4937278,0.45412374,1.0242559000000002,1.4877493,1.8816388,2.0421371,1.8529253,1.264292,0.43753338,0.42858505,0.43639559,0.43216872,0.34283289,0.61027646,0.85868531,1.7407631,7.193661200000001,9.6210194,14.431431,18.282511,22.690481,23.558298,23.105644,21.665657,22.874414,23.9086,22.969805,21.505167,21.396603,22.904009,21.637403,18.829874,14.101303,9.6638718,9.4628181,11.952128,12.993955,14.151012,14.628487,13.203494,11.287951,5.206997900000001,1.9321431,0.86579955,1.4401656,2020-08-25 09:48:56.844,Vehicle Movement,0.6806349158,,,,,,,,,,,,,,,,
0.40972036,0.31419748,0.4010469,0.25033203,0.48583603,0.62107289,0.77069932,0.84180748,0.79268897,0.56538391,0.32690972,0.2951687,0.24398234,0.34843379,0.37652004,0.52919668,0.44961917,0.99313498,5.463317900000001,5.3377585,4.9720297,5.892631099999999,7.347836999999999,7.2627783,7.0926576,7.2027287,7.9869337,9.088336,8.5986719,8.2350111,7.0357881,7.174005,8.349041900000001,5.9118323,4.3434124,2.9937067,4.9674788,6.223108799999999,6.5430527000000005,6.3292279,5.2350631,4.4783983,4.1353588,2.9316695,1.4349018,0.40723208,0.45937619,2020-08-25 09:48:57.084,Vehicle Movement,0.6806349158,,,,,,,,,,,,,,,,
0.95502919,0.5805256999999999,0.70990229,0.47044474,0.62464678,0.52841103,0.43126759,0.35959101,0.61071444,0.43278077,0.31851378,0.26381811,0.21774128,0.40465528,0.57386196,0.80110031,1.05989,1.120636,4.0573211,3.9640744,3.6924667,2.1782913,2.2448802000000003,2.2260394,2.157449,2.9206548,6.4017072,8.670577,11.911935,12.393208,11.005065,11.92557,11.646351,10.336508,6.7038655,3.8465674,1.7077202,1.8966864,1.9902699,2.6123948,3.4375725,3.3966954,2.0205929,0.89175707,0.43646944,0.23740274,0.24547119,2020-08-25 09:48:57.324,Vehicle Movement,0.6806349158,,,,,,,,,,,,,,,,
1.1733381,0.78622133,1.1076992,0.67747992,0.47446764,0.38310015,0.33845773,0.30237433,0.31675604,0.35122082,0.25258359,0.25391379,0.77103364,0.84293503,0.68011111,0.64929283,1.0151286,1.0335047,1.3052766000000002,1.3702062,1.2672266,0.89220482,0.68284917,0.76522148,0.71099561,1.1962693000000002,2.622071,3.5699508,4.9059062,5.0761261,4.5075579,4.884586799999999,4.7702222,4.2337227,2.7458317,1.5755128,0.60427678,0.6293382,0.69042921,1.0700091,1.4079932,1.39125,0.87918717,1.0249804,1.389678,1.4840236,1.7241004,2020-08-25 09:48:57.565,Vehicle Movement,0.6806349158,,,,,,,,,,,,,,,,
0.4437491,0.34843981,0.41398609,0.29782528,0.71375269,0.80128527,0.82505596,0.67926353,0.53658724,0.3014926,0.2749710999999999,0.32036075,0.76394421,0.65137678,0.4728528,0.40937614,0.71776432,0.83016133,0.90296292,2.0498977,1.8232383,1.2623286,0.88222438,0.48405513,0.27473074,0.41030747,0.82058889,1.0936327,1.4926025,1.5440592,1.3883835,1.5426731000000002,1.6043252,2.3816576,2.8404315,2.7012303,2.3751936,2.2970481,2.6014228,2.010021,1.5214769,0.88401008,0.5789211999999999,1.1941475,1.8765556,2.2093139,2.5421636000000003,2020-08-25 09:48:57.805,Vehicle Movement,0.6806349158,,,,,,,,,,,,,,,,
0.35160851,0.22028404,0.29942441,0.22426878,0.53006679,0.59874058,0.61272603,0.53267437,0.40796366,0.26457003,0.18373249,0.24652536,0.43925965,0.30313691,0.26106977,0.18493232,0.42027321,0.42081186,0.44819841,1.8521955,2.3079042000000003,10.750953,21.672911,25.925358,25.135866,21.422169,20.471704000000003,21.178217,21.582159,17.796745,15.080955,14.593583,17.062973,19.247469,20.876955,17.302084,12.752516,12.468309,19.380049,18.59671,19.688032,15.10866,9.1335115,1.7348036,0.77529258,0.90491146,1.8741659,2020-08-25 09:48:58.046,Vehicle Movement,0.6806349158,,,,,,,,,,,,,,,,
0.46102273,0.39200315,0.46485138,0.31934735,0.42391497,0.34852442,0.28532401,0.42716658,0.48922846,0.39183033,0.33805221,0.31665558,0.42068335,0.41776577,0.31096989,0.25591692,0.31370962,0.26998663,0.28166521,0.5634020000000001,0.94529307,4.4034758,8.922098199999999,10.793156,10.366175,8.7795038,8.401330900000001,8.678443,8.8580236,7.2893572,6.1769981,5.9773760000000005,6.988811999999999,7.883557799999999,8.5776215,7.381562700000001,5.232585,5.106886900000001,7.937862400000001,7.617013900000001,8.064007799999999,6.1883464,3.7409885,0.71055704,0.40074286,0.41692832,1.0336508,2020-08-25 09:48:58.286,Vehicle Movement,0.6806349158,,,,,,,,,,,,,,,,
0.41114718,0.29631084,0.3072046,0.27396637,0.29798847,0.23512876,0.33612424,0.38728347,0.44181037,0.414397,0.42068756,0.63958156,0.60850751,1.7686206000000002,1.3678218,1.1911248,0.4661537999999999,1.4372916999999998,4.5332203,6.7017322,9.8815994,13.563548,13.114182,12.843268,11.392935,9.155142800000002,10.530598,10.403156,8.3989382,7.126616,5.989532,8.4966936,8.950731300000001,8.303019500000001,6.040089099999999,3.2127972,1.6303164,1.62018,2.4390256,2.3471735,2.4909630000000003,2.0371716,1.2063223,0.34305459,0.29761082,0.25536183,0.36698329,2020-08-25 09:48:58.526,Vehicle Movement,0.6806349158,,,,,,,,,,,,,,,,
0.29731041,0.24888296,0.32338801,0.25202581,0.60445678,0.76304907,0.6913408000000001,0.63050312,0.64210814,1.2679857,1.7982452000000002,1.8398267,2.5638804,2.0657501,1.6170204,1.2731582,0.87910843,1.3220021999999998,3.3711691,4.9770265,7.338547200000001,8.3432131,7.6266327,7.8183641,7.8155727,6.5720072,8.2775965,8.6369839,9.4519711,9.832576800000002,8.3679495,7.4447155,5.5895209,6.9957366,9.3169632,8.3984699,6.827538499999999,2.2809694,4.8554916,4.6271849000000005,4.453910400000001,2.2431514,1.2378371,1.1168659,0.90847188,0.47101679,0.71363842,2020-08-25 09:48:58.767,Vehicle Movement,0.6806349158,,,,,,,,,,,,,,,,
1.1398945,0.91374022,0.99968356,0.65308237,0.71923,0.77211332,2.243444,4.9248724,6.4892535,6.0542316,4.247815599999999,1.6209675,2.6414731,4.8122797,15.810741,29.579412,35.018440000000005,36.051105,37.130226,34.942043,30.980726,31.478504,33.459003,37.454716,37.481174,38.974979,40.559090000000005,45.344856,47.321213,43.678272,39.626064,37.924915000000006,30.136923,18.508045000000003,10.877545,8.243886,5.7000198,1.8628997,3.0604527000000004,3.1109142000000003,2.9919717,2.2983036,1.9197072,1.847958,0.89497477,1.3748249,2.0987897,2020-08-25 09:48:59.007,Vehicle Movement,0.6806349158,,,,,,,,,,,,,,,,
0.56952327,0.4242968,0.42567736,0.24559885,0.44333002,0.41451877,1.3381685,2.9382482000000003,3.8439856,3.5596733,2.5094471,1.050895,1.736531,1.5613264,4.8359251,10.695135,13.128532,12.402384,11.590061,10.88568,9.5779104,9.9345255,11.881626,14.366995,13.609838,14.846047,23.417194,34.125568,39.221851,35.844936,28.453564,25.087027,19.816532,12.882616,4.9619541,2.6807187000000003,1.9998027,1.060598,1.4566108,1.0625277,1.034634,0.7420032,0.66151345,1.0572578,2.0041866,5.4477415,5.9665537,2020-08-25 09:48:59.247,Vehicle Movement,0.6806349158,,,,,,,,,,,,,,,,
0.32671165,0.51812226,0.66093522,0.58444631,0.44070804,0.29903001,0.45090801,0.89375812,1.2098768999999998,1.178663,0.89090198,0.44273648,2.3889914,2.2136722,2.0905499,3.6412849,4.5654731,5.0452476,5.6260982,9.2689714,9.056035,7.3316717,5.102939599999999,5.6985531,5.5882192,6.058485500000001,8.814748800000002,11.511554,13.11744,12.558366,11.464584,10.587895,8.572464,6.4718046,5.1238289,5.3354602,5.3443623,4.5647044,2.6763706000000003,1.9585305,1.7352818,2.2388413,3.2485168,1.8532195,2.0134649,3.5102944,3.8622713,2020-08-25 09:48:59.488,Vehicle Movement,0.6806349158,,,,,,,,,,,,,,,,
0.45847443,0.4451189,0.58540601,0.65726072,1.1143379999999998,1.9891284,3.134109,3.2013028,2.0802927,1.0454961,1.3494915,0.57253474,1.3175901,1.2208972,1.152992,1.7618979,1.6049306,1.9670737,2.8220625,5.5213995,5.9494948,5.5130291,4.426262400000001,4.3808565,3.6213703,3.8109021,3.9944782,4.1199903,4.325586799999999,4.2098336,4.516561,4.4855499000000005,4.1525941,3.0670824,2.953331,3.3880503,2.3699062,1.9164455,1.704357,2.1612945,2.0851583,4.4032555,4.6861854,3.5555260000000004,2.0340371,1.9973443,2.1846964,2020-08-25 09:48:59.728,Vehicle Movement,0.6806349158,,,,,,,,,,,,,,,,
0.70768112,0.57384545,0.55968434,0.28919607,0.5508255999999999,0.84816551,1.0626453000000002,1.1089385,0.82156909,0.78820252,1.0042077,0.46596184,1.8974118,1.8966238,4.092186,7.4558401,7.854416400000001,11.335923,15.022106,20.732208,27.341892,21.896849,17.406295999999998,17.575373000000003,18.168905,19.273932,24.286051,24.266226,32.278088000000004,27.700207,28.737143,23.820627,24.768372,21.752972,18.299089,11.34756,11.416039,5.2209449,1.6463974,1.6050806999999998,1.5710862,2.9118307,4.312905799999999,4.1924086,2.3121042000000003,1.7177734,1.2999716,2020-08-25 09:48:59.969,Vehicle Movement,0.6806349158,,,,,,,,,,,,,,,,
0.54222965,0.44138879,0.46247226,0.21731298,0.64173102,0.66767067,0.61014199,0.6561895000000001,0.52049071,0.57560885,0.89752561,1.2871213,1.8796422,1.3546747,6.857595900000001,7.120149099999999,7.845819,8.8496284,35.985615,49.229664,58.626801,50.015591,45.992172,51.710491,58.706726,61.478989,68.472801,60.418488,69.5326,57.8895,61.552734,61.55951700000001,55.950226,47.24947,34.170967,26.544044,22.189251,8.8386421,3.2744882,2.0860231,2.490381,2.2728956,2.5025167,2.3122215,2.8943732000000004,4.4697227,5.1703343,2020-08-25 09:49:00.209,Vehicle Movement,0.6806349158,,,,,,,,,,,,,,,,
0.27315497,0.33319226,0.32974911,0.71762747,1.601649,1.7298741000000002,0.88676864,0.53128231,0.52637768,0.74621922,0.99603266,2.0947716,2.1202834,1.331252,2.2282372,2.3500125,2.5110514,2.9245205000000003,10.964196,15.577385,18.152779,15.213774,13.989928,15.729331,17.857447,20.565617,21.234064,18.378134,21.150469,17.608864,18.723146,18.725214,17.018974,17.531549,14.963584,13.330323000000002,11.786897,7.3158092,5.0550275000000005,2.5900476,3.2543156000000004,2.8315802000000003,4.6351795,3.2887504,1.704434,2.465167,3.0811048,2020-08-25 09:49:00.449,Vehicle Movement,0.6806349158,,,,,,,,,,,,,,,,
0.61942428,0.40762064,0.42403343,0.61817163,1.7050957999999998,1.5320073,1.2843088,1.9673772,1.6449330000000002,1.2321101,1.0941294,1.8647943,1.8115864,1.027253,0.88062376,1.1763771,3.646430000000001,4.386749299999999,5.4076266,4.7383394,5.5217233,4.6277361,4.443231099999999,4.9021516,5.922802,8.4234571,8.697247500000001,7.3335614,7.641933,6.557044500000001,6.6994815,6.800633,6.639615099999999,7.180736500000001,7.1055441,7.3520164,6.5007768,3.5090966,2.6135101,1.417802,1.6158267,1.5616895,2.5564206,1.8138306,0.9400394,0.88016152,1.0701027,2020-08-25 09:49:00.690,Vehicle Movement,0.6806349158,,,,,,,,,,,,,,,,
0.54291028,0.51793063,0.58037698,0.44211569,0.58356208,0.73635525,0.97227579,1.4610683,1.2216059,0.91502386,0.75199831,0.76379991,1.7359196,1.2601881,2.6938987,3.9824791,5.181146099999999,3.2965922,11.335608,14.933732999999998,14.14706,9.549454699999998,7.433894599999999,6.888514,7.1018562,7.8697357,9.8602781,8.3436241,7.7791375999999985,9.3582563,11.694377,12.356272,11.820016,9.8502455,6.4277091,3.8655968,2.7378218,1.9913847,4.2459431,4.7194772,4.085649,0.56629038,0.77761382,0.55173242,0.28594196,0.36050493,0.59018916,2020-08-25 09:49:00.930,Vehicle Movement,0.6806349158,,,,,,,,,,,,,,,,
0.26807305,0.2622999,0.25714427,0.18845055,0.29339775,0.40567386,0.44204777,0.72032297,1.5037931,1.4852426,1.3154671999999998,0.52539676,0.66046232,0.43412119,4.4801764,6.8123255,8.041214,3.3981593,10.995816,15.514938,14.378336,10.496811,7.9087572,6.349938900000001,6.2827053,5.8444414,7.5019507,6.610040700000001,7.801969500000001,9.2404156,12.748394,14.706556,15.171517,11.357898,7.3586078,3.9586511,2.5598044,1.4788975,1.3415629999999998,1.4685572,1.346465,0.88029468,1.1692027,0.64075732,0.78431642,0.81139064,0.7593208,2020-08-25 09:49:01.170,Vehicle Movement,0.6806349158,,,,,,,,,,,,,,,,
0.22888607,0.27040485,0.34965888,0.41881081,0.39849564,0.33446676,0.2296975,0.31512579,1.7691245999999998,1.5600306000000002,2.358376,1.0640068,1.1561264999999998,0.44933251,1.5488498,2.5486984,2.7004755,1.3754334,3.4511225,4.7436066,4.4654579000000005,4.3081651,4.5632253,3.9028103,4.665836799999999,4.0087214,2.8077929,3.5450566,4.0576477,3.6251407,4.7760487000000005,5.601965,4.7186723,3.4548526,3.2714014,2.4136794,1.6472586,0.75414515,1.2310998,1.525653,2.0155208,1.2772961,1.0062431,1.2229178,2.192337,4.251918799999999,5.9198241,2020-08-25 09:49:01.411,Vehicle Movement,0.6806349158,,,,,,,,,,,,,,,,
0.40754443,0.31323013,0.99433786,1.1775544,0.7887193,0.74204224,0.71923512,0.87263495,0.84474421,0.67485249,1.113542,0.95513415,2.886045,0.85386431,0.6550048,1.1927361,3.2790201,4.544703500000001,1.5129515,1.8842472,1.8385856,1.7468581000000003,2.0746284,1.1871599,1.5283408,1.9229057,1.4475843000000002,1.6541128,1.2342581,1.4673357,2.4872699000000003,3.1714568,4.6607575,6.8451114,11.110789,11.917662,10.360104,5.085857900000001,0.73358244,0.97088075,2.3550184,3.6158307,3.3576782,4.399406900000001,5.5352015,10.389994,10.891167,2020-08-25 09:49:01.651,Vehicle Movement,0.6806349158,,,,,,,,,,,,,,,,
1.2490727,0.53032631,0.54771924,0.70493114,0.44327265,1.6812866000000002,1.5222678,3.8571789,4.4503455,4.1548557,4.696269999999999,6.3051887,3.4764948,3.3610620000000004,4.4262009,9.1721592,9.6324787,9.5669422,12.607071,20.863663,27.346964,31.747723,32.299545,26.845264,23.042864,23.302666,23.307188,27.510096,27.128498,18.252333,19.664255,19.894514,15.849549,7.1646075,8.1418972,8.444274900000002,8.6922159,10.342314,4.8478899,4.3135304,3.7108598,5.062284,5.853138400000001,12.744031,21.470657,34.429989,35.558098,2020-08-25 09:49:01.892,Vehicle Movement,0.6806349158,,,,,,,,,,,,,,,,
2.3272929,1.0071639,0.70356196,0.35868594,1.2172607,2.0426033,1.609834,2.3700035,7.6573362,11.65736,9.2251406,5.2803483,2.5818112,2.4708033,3.2871082,6.8116837,7.1535397,6.0740452000000005,9.3626127,15.494351000000002,19.51712,20.263048,20.725636,20.693316,17.998995,18.958031,17.974949,20.430313,20.146919,13.555055,14.677232,14.93354,11.770631,5.3895040000000005,5.2058401,3.318717,4.9323764,5.9782691,3.9563448,2.5513866000000003,2.0466347,2.9841225,3.8064342,7.470847099999999,12.610286,18.989027,19.611204,2020-08-25 09:49:02.132,Vehicle Movement,0.6806349158,,,,,,,,,,,,,,,,
1.9093544,0.73256987,0.80600184,0.38613093,0.68668097,1.1265484,1.6939924,4.0267,4.5433969,4.2826319,2.8230054,1.8029572,2.851758,3.5165117,4.3482547,5.022634,7.600388099999999,14.121224,28.756876,33.788898,41.734035,58.988285,80.205864,95.887405,105.51559,110.35172,101.1228,90.346687,69.51722,59.151237,55.853016,57.790905,56.467728,56.036964000000005,48.493706,40.762512,31.638189,25.787529,24.00469,28.97724,26.714857,29.669596,28.439411,27.566589,15.86566,7.0407948000000005,7.3764768,2020-08-25 09:49:02.372,Vehicle Movement,0.6806349158,,,,,,,,,,,,,,,,
1.0530583,0.40403116,0.4445307,0.21078892,0.37872222,0.38248703,0.93428046,2.2208285,2.5058005000000003,2.3619816000000005,1.133409,1.0006626,1.5728182,1.577774,1.5280516000000002,2.0572178,3.1130381000000003,5.7931781,11.842148,14.246414,17.279146,24.966843,39.845352,49.702717,54.21885699999999,59.403736,64.95723000000001,68.883965,67.067131,64.42704,69.670273,74.371887,79.30081899999999,72.896896,61.369965,48.137295,32.363506,21.246502,17.827032,19.605381,17.556407999999998,19.683069,18.173101000000003,17.194506,8.9770679,3.5636604,3.4114976,2020-08-25 09:49:02.613,Vehicle Movement,0.6806349158,,,,,,,,,,,,,,,,
0.98792845,0.22933653,0.19205841,0.42905897,0.82667923,0.62417817,0.3262001,0.68543214,1.1491069,0.95475489,0.70253998,0.51456428,2.6250303,3.0699489,2.6295781000000003,3.3088286,3.271523,2.1374676,3.7920401,8.7489805,8.0417967,7.7199163,12.120187,15.118605,16.492327,18.48521,20.883596,25.527107,25.351765,24.506639,24.483549,26.134481,27.903322,28.392244,25.679754,20.605377,12.522668,6.6248145,5.4226379,6.0528727,5.3585544,6.4774055,7.5398364,9.5488825,7.7218323,4.9546461,4.3693614,2020-08-25 09:49:02.853,Vehicle Movement,0.6806349158,,,,,,,,,,,,,,,,
0.76590866,0.2789875,0.20239897,0.36964118,0.42463377,0.32009962,0.19817245,0.71473706,0.82236087,0.7721988000000001,0.64591742,0.65240467,1.4477718000000002,1.6931558,1.4502801,1.8340473,2.8150694,2.9588196,1.7870848999999998,2.662771,4.5104408,10.072051,15.060357000000002,15.381566,14.33074,14.129681,8.8203106,7.891942999999999,8.0835857,7.48353,7.7072792,9.290822,8.4876509,8.6363716,7.8386259,6.2677569,5.481886900000001,3.4495089,2.5219619,4.495153,3.2968462,4.8104305,5.5994425,7.091456900000001,5.734602,3.6795568,3.2448962000000003,2020-08-25 09:49:03.094,Vehicle Movement,0.6806349158,,,,,,,,,,,,,,,,
0.55333495,0.4269582,0.20266411,0.36934546,0.39621973,0.4044866,0.41515622,0.82914835,0.80049914,0.62341791,0.479689,0.48450685,0.61260527,0.67066193,0.73258483,0.95626521,1.6110996000000002,1.6568488999999995,3.661993,3.724247,6.8877411,12.5544,15.138346,12.269509,11.141295,12.413889,16.352137,20.451097,22.391754,12.595456,11.817945,13.401135,13.468581,18.601355,19.110825,15.170471,7.5932651,3.4709878,3.777873000000001,3.9180338,3.3669574,2.992739,2.8697302,3.9317296,4.0838499,8.019269900000001,7.5682116,2020-08-25 09:49:03.334,Vehicle Movement,0.6806349158,,,,,,,,,,,,,,,,
2.6207814,1.1499753,0.82530123,0.36397299,0.50061172,0.56482321,0.62708265,0.47430769,0.89226615,1.0666188,1.0856246,0.75921339,0.47986966,1.4646051000000002,0.6269836999999999,0.81312519,0.92941946,1.1377529,2.0213201,2.1038492000000004,11.681787,23.371365,29.74258,31.495951,30.316286,34.285740000000004,28.442949,24.918692,18.492735,19.075048,24.506229,34.272194,38.883755,44.615894,36.500496000000005,26.229559,5.9011822,2.7422035,1.5920111,2.5262728,1.6848004,1.0766053,1.3538991000000002,2.9198902,3.0328617,5.955493,5.6205153,2020-08-25 09:49:03.574,Vehicle Movement,0.6806349158,,,,,,,,,,,,,,,,
1.9470162,0.8617385000000001,0.68832475,1.5835639,4.605155,7.5939918,11.661362,12.976425,9.3880692,5.553597,3.7362828,6.1899428,4.8421822,12.986505,15.72732,22.170553,33.186474,40.392025,71.49189799999999,89.092422,151.9024,203.69859,285.10507,290.95563,299.76489,268.51962000000003,251.50009,229.34325,215.27968,244.6297,307.32968,313.13278,299.89554,260.63217000000003,228.46294,169.44791999999998,121.46623999999998,67.099686,37.462124,38.483364,36.475857,33.981804,40.291172,32.007149,22.346991,3.1117084,1.7096521,2020-08-25 09:49:03.815,Vehicle Movement,0.6806349158,,,,,,,,,,,,,,,,
0.8853059999999999,0.57560134,0.44825348,0.85151315,2.4143016,4.0570989,6.431541,7.1568317,5.177761599999999,3.0629516,2.0661497,2.8486948,2.1714172,5.2542849,7.727212,11.29838,16.92235,22.277243,45.861717,54.965557,87.304512,116.1547,164.61926,171.49889,191.84171,209.02924,213.89455,160.72821000000002,165.21085,231.49815,381.01245,390.44272,359.51895,238.24283,190.04637,140.66615,115.06398,72.663612,38.52261,36.365383,39.088612,39.677822,39.043453,35.027527,34.153969000000004,35.350636,30.714302000000004,2020-08-25 09:49:04.055,Vehicle Movement,0.6806349158,,,,,,,,,,,,,,,,
0.37416777,0.27254406,0.21447149,0.35723576,0.9250865,1.4364861,2.0582788,2.1952057000000003,1.574975,0.94465864,0.73880178,1.1952999,1.8632438,2.2749736,5.3516645,4.9648871,10.73186,16.073963,16.122318,18.162849,35.259357,41.407654,50.146412,52.293934,59.780334,72.123703,71.612579,50.445557,50.253937,70.417252,115.89661,124.36259,125.83212,99.882584,85.695587,61.456524,44.009892,26.559969,14.948778,11.086162,13.076467,13.076481,13.112754,10.847765,10.73293,13.570238,12.442178,2020-08-25 09:49:04.295,Vehicle Movement,0.6806349158,,,,,,,,,,,,,,,,
0.4551152,0.28994343,0.19490655,0.20373207,0.32165179,0.45452455,0.63123649,0.71078831,0.7068251999999999,0.58536321,0.53827846,0.88815671,1.1612251,1.3137872,5.162703,5.7226405,6.9697022,7.4334712,4.9413366,8.4773149,14.864724,17.233541,19.634586,22.102329,26.855045,33.142609,33.197323,24.445778,25.722837,32.210014,51.756779,55.450886,54.763466,45.060116,38.896564,28.342678000000003,21.034565,12.474133,6.535419,3.9834127,4.2698212,4.228172799999999,4.751892099999999,6.1128654,7.0046163,6.7876554,7.320633900000001,2020-08-25 09:49:04.536,Vehicle Movement,0.6806349158,,,,,,,,,,,,,,,,
0.7288053000000001,0.29074958,0.16607337,0.2211652999999999,0.21710268,0.21663645,0.27775759,0.42214444,0.63118953,0.5849638,0.56536752,0.36039317,0.5176270000000001,1.4807598999999998,7.1474485,11.685202,13.050789,12.25637,8.4566612,13.519132,20.700167,22.417747,19.017778,11.239823,15.039126,18.120827,15.992981,13.101024,11.105339,16.344875,24.360735,26.819363,25.921879,19.927837,15.855929,13.476714,12.946795,6.6789007,5.1250277,7.3285809,8.6580362,9.0891981,9.9747334,11.220303,6.9794407000000005,4.1285558,3.5238354,2020-08-25 09:49:04.776,Vehicle Movement,0.6806349158,,,,,,,,,,,,,,,,
0.3828584,0.30761823,0.31391492,0.33479103,0.29055747,0.4659422,0.48802575,0.67494893,0.67411661,0.50776011,0.36932081,0.18887289,0.51747262,0.76311672,3.3313797,4.7861342,5.3454633000000005,5.020079099999999,3.4637589,5.4423475,8.6991596,11.440121,8.7318077,7.309995699999999,12.827085,12.11622,12.259064,9.4515934,8.561852499999999,9.6777744,14.330987,13.527962,12.905393,11.242715,9.4904232,5.6115942,5.187871,3.8412168,2.0846066000000003,3.001709,3.2205827,3.7228389,4.0855455,4.595717,2.858705,1.2559388,1.0718823999999998,2020-08-25 09:49:05.017,Vehicle Movement,0.6806349158,,,,,,,,,,,,,,,,
0.24979006,0.20894131,0.3150512,0.36798269,0.27445343,0.36523598,0.31703445,0.83768177,2.1879742,2.3362997,2.2176094,1.2306447,0.43432671,0.38288546,2.8040369,3.0019162,3.092308,2.1730256000000003,1.3482689,2.4403484,2.7237101000000004,4.1702361,3.5764563,3.0341973,5.3703961,5.2892299000000005,5.4825473,5.4166341,5.742228,4.7512693,7.9871025,9.3141365,7.000232700000001,5.2449255,8.2561331,6.929758500000001,6.4387093,5.2539191,1.1366516000000002,1.056999,1.0681976999999998,1.1324158000000002,1.242744,1.3979284,0.92783457,0.38731763,0.35376605,2020-08-25 09:49:05.257,Vehicle Movement,0.6806349158,,,,,,,,,,,,,,,,
0.21709192,0.56864369,0.44182035,0.5176717000000001,0.47734749,0.38735431,0.53510499,0.62807262,1.206724,1.2885294,1.2230686000000002,0.90848899,1.3898793,1.4566611,0.852934,0.9131251,1.0390419,2.1506889,0.96061492,3.0325372,6.615247200000001,6.5468388,5.4105797,1.6734383999999998,3.3850029000000004,4.110867,4.130639100000001,4.398717400000001,5.754593799999999,5.5103364,6.889627000000001,7.7602701,6.6010408,6.288679599999999,5.3790426,4.6370258,3.3854291,1.7889456999999995,2.1956034,3.4930999,2.5772531,1.7024435000000002,1.10724,4.605125,8.152126299999999,10.470779,8.524655300000001,2020-08-25 09:49:05.497,Vehicle Movement,0.6806349158,,,,,,,,,,,,,,,,
0.26999596,0.42230201,0.37176237,0.34016031,0.38630211,0.25655204,0.3593805999999999,0.34893855,0.51094592,0.50156754,0.49626094,0.43078235,1.4670008,1.3072032,0.34663221,0.48553833,2.0699205000000003,1.2860506,0.47074464,1.2420950000000002,2.7095361,4.7063894,4.5721045,4.2055411,2.6185517000000003,5.2225075,4.5969138,3.2510686,2.5780585,2.2569754,2.8219185,3.1785247,2.8098319,3.3202662000000003,3.3235846,2.9661222,1.6967613999999998,0.75707227,0.89929587,1.5109003,1.2623341,0.82304847,1.0503421,2.9199421,5.261057900000001,6.3975511,5.3045297,2020-08-25 09:49:05.738,Vehicle Movement,0.6806349158,,,,,,,,,,,,,,,,
0.19402152,0.76363528,1.1725239,1.194069,1.1153536,1.0377682,1.1317582,2.5400465,3.6130576,3.697324,2.9915433,0.70894885,0.91346908,0.53469926,0.18055582,0.21178763,1.7659051,3.3912859,2.5115201000000003,2.0721664,1.252418,2.1750689,2.6273196,3.8555174,4.3542185,5.721645400000001,4.7223287,3.1894863,2.2299404,1.5405806,2.4449301,2.9781249,5.8970828,10.187254,11.751287,12.985991,13.946387,14.108382999999998,14.016865,12.574144,8.6889315,5.1618629,3.2063701,1.5153831,8.7863245,11.639865,12.922695,2020-08-25 09:49:05.978,Vehicle Movement,0.6806349158,,,,,,,,,,,,,,,,
1.1160419,0.73577631,0.91307449,0.89621198,0.89114857,0.77069622,0.85991347,2.1732714,3.9171619,4.3177238,3.8509827,1.0344974,1.9871995,1.8153424,0.99671054,0.39225125,1.3259152,2.2412767,1.7650099999999995,0.70792937,2.0001872,2.8944561,1.6412876,3.6913967,5.351842400000001,7.6153674,8.727065099999999,8.820017800000002,7.7686272,5.9629283,6.9396353,7.804873,15.042248,21.594526,26.007162,27.68576,30.814484000000004,35.246483000000005,35.397438,31.027584,21.098709,12.137622,8.856494900000001,4.6839943,8.295805900000001,9.6251755,9.6253366,2020-08-25 09:49:06.218,Vehicle Movement,0.6806349158,,,,,,,,,,,,,,,,
0.73256093,0.50212598,0.43247703,0.4093149,0.45914328,0.34128499,0.39751577,0.66106701,1.1915247,1.3359743,1.1946089,0.4793511,1.3712721,1.11404,0.79986781,3.2646213,8.8232536,9.0447063,8.9586325,6.8577647,8.0119724,8.492481199999999,7.931110400000001,8.7423563,8.738441499999999,8.689637199999998,8.054861099999998,6.8397565,6.841450200000001,8.2097282,10.584524,10.830977,10.332728,10.995344,10.656392,9.218619300000002,9.6134853,10.721296,10.775146,9.8155766,7.907492599999999,6.77526,11.757575,11.236464,11.680762,11.022313,9.4578905,2020-08-25 09:49:06.459,Vehicle Movement,0.6806349158,,,,,,,,,,,,,,,,
0.48265097,0.31647423,0.35878709,0.37219203,0.34995621,0.32209226,0.3571215,0.31034401,0.48742878,0.44829535,0.3895305999999999,0.35341066,1.0860643,0.83693838,0.72893047,2.4381845,8.6585197,10.342092999999998,15.136045,20.932043,22.051374,20.62002,20.96269,24.339211,25.102549,23.386772,17.814934,14.401645000000002,15.080276,15.582569,16.924374,15.222970000000002,15.014528,16.110121,16.315773,14.524736,13.887264000000002,12.097933,8.9139061,9.5877352,9.4935045,7.310051400000001,10.930475,8.502128599999999,8.684681900000001,8.6454382,7.529527199999999,2020-08-25 09:49:06.699,Vehicle Movement,0.6806349158,,,,,,,,,,,,,,,,
0.54205728,0.59644294,0.36347383,0.23803401,0.25568721,0.44239667,0.44977394,0.46701416,1.3279603000000002,2.970773,3.2244467999999995,2.8041091,1.6080326,2.3290312,2.3305628,8.8499136,19.743443,35.463512,45.331551,53.06953000000001,56.141098,47.361511,36.575207,19.098686,15.646070000000002,16.128597,15.183955,12.614537,12.318748,13.436511,13.156457,11.201958,12.741179,13.131232,12.503499,13.341743,12.682825,11.050934,7.9838171,8.5561485,7.321755400000001,6.7007742,9.4544945,8.2845144,5.3196788,3.0393991,2.3430569,2020-08-25 09:49:06.940,Vehicle Movement,0.6806349158,,,,,,,,,,,,,,,,
0.43895763,0.45681435,0.30595621,0.21934366,0.16691218,0.38758621,0.43176943,0.4720604999999999,1.2497813999999998,1.9383236,2.2388673,1.6402577,2.3136618,1.8382198,1.8619193,6.753467999999999,14.688118,30.188778000000003,37.623672,44.153183,46.240879,43.298283000000005,33.660892,14.663321,15.691748,18.098557,18.101534,18.004186999999998,18.691668,20.420664,19.807631,15.285343,11.870772,14.809739000000002,18.661276,21.607857,21.238621,18.455797,12.971283,8.9013901,6.5359097,7.887871700000001,7.840618099999999,7.6936345,4.1003284,2.9846206000000004,0.712713,2020-08-25 09:49:07.180,Vehicle Movement,0.6806349158,,,,,,,,,,,,,,,,
0.94154292,1.3454834,1.5590383,1.5390786,1.5178936,0.93506479,0.57689822,0.69557399,0.58547938,8.4934435,13.096078,15.024918,11.338732,8.864066099999999,14.740419,12.862021,6.728119900000001,9.739168199999998,11.671444,13.64252,14.353849,13.582284,10.752717,7.3033042,12.340204,15.174864,14.628756,11.915744,11.710436,8.9883747,7.8714724,8.330365200000001,7.901525,9.8549089,11.365264,12.638983,12.668633,12.179592,11.326748,11.426426,6.3759122,3.4167902000000003,4.7492824,4.6079044,3.1701202,1.0719175,0.31925759,2020-08-25 09:49:07.420,Vehicle Movement,0.6806349158,,,,,,,,,,,,,,,,
0.69923472,0.99922019,1.1907607,1.1429931,1.1272601,0.80710429,0.45339963,0.49121875,0.34324273,6.3076377,9.7257729,11.162114,8.4206839,8.142086,13.008511,9.5790567,4.9966230000000005,4.9783077,4.5668006,4.1682806,4.6287827,4.6785598,3.7938766,3.1566987,5.0544167,6.4639988,6.5049415,5.6950541,6.0446787,5.1761503,5.8457322,6.2206793,6.0853348,8.9202681,8.5175562,9.3863134,9.4083328,9.045145,8.4117832,8.4858103,4.7350574,2.3827512000000004,1.6623452,1.593042,1.1380907,7.3281136,10.467742,2020-08-25 09:49:07.661,Vehicle Movement,0.6806349158,,,,,,,,,,,,,,,,
0.48673701,0.45438707,0.52184522,0.75049788,0.65926677,0.58059806,0.38387436,0.41815701,0.49742627,2.4892068,3.4596303,3.5179846,2.5743172000000003,2.5679927000000005,4.0085564,2.9563384,2.1568982999999995,3.7467368,4.5957723,5.910150499999999,6.5071707000000005,8.732894900000002,8.1709709,11.229251,9.9310112,10.327758,9.2948456,15.312978,17.957491,16.235037,16.786169,17.644451,16.77421,16.349644,15.385837,17.028382999999998,19.529034,19.192081,15.451345000000002,11.307791,6.0131440000000005,5.3041492,6.228460299999999,5.8428807,3.1781017999999994,4.041643100000001,5.9614048,2020-08-25 09:49:07.901,Vehicle Movement,0.6806349158,,,,,,,,,,,,,,,,
0.40767539,0.36607698,0.46617749,0.49115458,0.35647556,0.54910326,0.65537798,0.49687192,0.61524516,1.2781502,1.5728581,1.2688465,1.5552511999999998,1.4928621000000002,1.8361342,0.95358568,1.1895851,2.066422,1.9540049,2.5839546,2.8767431,3.604917,3.3467429,7.766554400000001,12.207886,15.506119,13.44726,15.392796,18.820154,29.428474,32.933228,24.933475,19.403179,18.926098,19.940714,23.059862,23.024244,21.776867000000003,15.442714000000002,11.722952,4.7074776,2.3269324,6.2373247,5.0037737,2.8335121,1.5070576999999998,2.9438703,2020-08-25 09:49:08.142,Vehicle Movement,0.6806349158,,,,,,,,,,,,,,,,
0.24151821,0.25730145,0.27618432,0.25311205,0.26289946,0.40004689,0.32890904,0.4201157999999999,0.66656661,0.81876922,0.82502747,0.57484663,0.47307736,0.45409989,0.5883972,1.1163524,3.1760659,1.5626143,1.7696372,2.5928283,4.059961799999999,3.438103,2.3767085,5.767813200000001,9.7396688,12.726741,11.054167,11.675256,14.963702,23.112942,26.020641,18.51679,14.409731,14.055426,14.808928,17.657729999999997,18.282448,17.943873999999997,15.125373000000002,11.454491,5.4068527,7.0719829,10.055748,10.746839,8.7970085,2.322119,1.9535695,2020-08-25 09:49:08.382,Vehicle Movement,0.6806349158,,,,,,,,,,,,,,,,
0.58745337,0.56276661,0.59979719,0.65004575,0.46725148,0.3538453,0.26886415,0.7246924,1.3746368999999998,3.0735869,8.4506731,9.623262400000002,7.9161615,3.3676195,1.5445585,1.8644009,2.8321257,0.94777477,1.1564701000000002,1.6585455000000002,3.0151217,3.1610384,1.4664923,1.8838938000000005,3.3861506,4.00033,3.4374375,3.8080845,5.440477400000001,8.7495756,10.590839,8.3965578,6.686399499999999,6.3746758,7.464230499999999,9.6001778,9.9202261,11.316687,12.054463,13.723361,14.815060999999998,14.844379,9.1425581,10.099894,7.7206621,1.2167095,0.64405745,2020-08-25 09:49:08.622,Vehicle Movement,0.6806349158,,,,,,,,,,,,,,,,
1.436866,1.7853338,1.5452485,1.6122998,1.675966,1.760087,1.5911859,2.046037,1.1494386,2.2825923,6.298221099999999,7.383019,6.042489499999999,2.5238922,0.70672554,1.1727942,3.1961169,3.5740674,1.7198797,1.8980632,3.2573564,3.3546224,4.6225548,3.9333127,7.051440700000001,5.7265983,2.9949787,4.0887289,4.4412546,2.8596015,3.963436100000001,2.9476583,2.8284419,2.9562745,3.4393127,3.9791193,4.3466902,3.4805479,3.8035157,5.900070700000001,6.756290400000001,6.513609400000001,5.7243776,5.5605106,4.368185,0.70074391,0.29459736,2020-08-25 09:49:08.863,Vehicle Movement,0.6806349158,,,,,,,,,,,,,,,,
0.97717762,1.0294498,1.8700463,1.9834664,2.3187132000000004,1.3216655000000002,1.3195544,1.7027767,2.7395043,1.8669895,1.948246,2.3994906000000005,2.4747212000000003,1.7139453000000002,1.828903,3.4488547,1.8860137,2.4296863,2.7499676,2.9870515,2.0661082,1.9901407,2.4257224,6.3035111,12.122432,11.920886,3.8632166,2.2550395,2.450788,3.538799,9.8348293,9.7194252,7.9012504,2.8810966,1.4073052,1.4977056,1.6915478,1.1425991000000002,1.1569562,1.8133798,2.1049612,2.0418715,1.7412457,1.6914004,1.3287174,0.69926745,0.88531554,2020-08-25 09:49:09.103,Vehicle Movement,0.6806349158,,,,,,,,,,,,,,,,
0.40692902,0.44237539,0.56883186,0.61579067,0.7084049,0.56088859,0.54782456,1.0473931,1.8217471,1.3571516,1.350419,1.0790241000000005,1.2313657,1.3318499,1.4814522,2.8406441000000004,1.8586988,2.7721016,2.5048611000000003,2.7259765,2.141845,2.480731,1.5698903,2.0588973000000004,3.7357099,3.7760472,1.652653,1.7066244,2.0777752,2.0073471,4.2064404,4.008818600000001,3.2362683,1.1800667,0.57641762,0.72963905,1.1431047,1.4098822,1.1150396,0.75607222,0.94550431,0.71732682,0.70172304,0.77919728,0.48121738,0.4552595,0.62037468,2020-08-25 09:49:09.343,Vehicle Movement,0.6806349158,,,,,,,,,,,,,,,,
0.21925949,0.41034266,0.53030866,0.56498522,0.68324316,0.83907866,1.1180822,1.0484608,1.2253823,1.2182801,0.87807989,1.275925,4.0577865,5.0822606,6.935401400000001,10.12331,13.529058,18.328207,12.76205,9.6023045,7.987045299999999,5.4619002,7.353359200000001,7.385211,9.381424,8.266655,4.5392275,9.6371212,15.204856,18.129721,21.313452,23.752884,22.268597,22.313631,19.353342,20.493414,22.316385,24.720934,24.26436,19.666727,17.518385000000002,11.763412,8.4112749,1.5128815,0.29834256,1.0680798,1.3961827,2020-08-25 09:49:09.584,Vehicle Movement,0.6806349158,,,,,,,,,,,,,,,,
0.35188085,0.46789664,0.88998473,0.91130459,1.2315737,1.1843946,2.7398295,3.4710472,4.8389378,3.4765131,3.3515747000000005,2.8413346,3.7698328,12.633045,24.628139,30.537615,33.913658,35.09668,30.624937,31.562504,34.009388,29.613766,27.08412,24.498497,26.705111,26.808088,25.736021,26.663933,21.256533,13.946879999999998,17.763273,22.267628,25.868929,27.240091,24.644686,21.593397,21.986195,23.32795,23.822498,20.324188,19.116436,12.16858,7.260335,3.3146899,0.93267155,1.5455697,1.9207205000000005,2020-08-25 09:49:09.824,Vehicle Movement,0.6806349158,,,,,,,,,,,,,,,,
0.74360061,1.2077702,1.3866667,1.4295011,1.277499,0.92518574,2.0347283,2.5956175,3.5936265,2.5818245,2.489039200000001,2.8937521,4.5837398,7.6549735,12.344769,12.44724,14.579638,15.889194,16.825899,21.055185,25.271826,23.334251,19.125345000000003,15.907988,13.188211,12.582005,12.406359,12.610642,9.1299629,9.3887424,13.492126999999998,17.189557999999998,19.68177,20.266296,18.30232,16.036286999999998,16.328001,17.324451,17.691727,15.098692000000002,14.196776000000002,9.0825472,5.7059031,4.9960842,4.4853048,0.75000018,0.79888242,2020-08-25 09:49:10.065,Vehicle Movement,0.6806349158,,,,,,,,,,,,,,,,
0.55609047,0.5802805999999999,0.65771496,0.62717974,0.66206861,0.9735328,2.2731152000000003,2.737752,3.1411765,1.8229698,1.5830826999999998,2.1490386000000004,3.4041042,5.6870542,8.4150658,8.313305900000001,10.462067,11.574657,12.819955,13.185648,12.545575,9.7679329,8.6348038,10.356936,11.410333,11.096174,9.2335682,7.606619800000001,6.149316799999999,5.754871400000001,6.3492713,5.3211303,5.9868126,6.1646152,5.567211599999999,4.8779283,5.0461884,5.323409099999999,5.4092054,4.594666,4.318384200000001,5.2700024,9.1534939,12.092619,11.124359,7.307233800000001,3.9871025,2020-08-25 09:49:10.305,Vehicle Movement,0.6806349158,,,,,,,,,,,,,,,,
0.6732173,1.378329,2.1143634,1.6875421999999998,0.71958041,0.90351003,1.2184296,2.6152005000000003,3.2614048,1.9507339,3.5570071000000003,5.2879109,7.3963637,6.710135,6.063773599999999,6.1306486,6.8112087,7.164015299999999,6.4663515,5.9340515,5.7595029,5.1599402,5.0802016,5.933546099999999,8.459713,8.130241400000001,8.638853999999998,8.363544500000001,6.8091774,3.8549926,3.4360609,3.3086910000000005,1.9263762,2.2218146,4.037715,4.750768700000001,2.8989251,1.8202988,1.6453758,1.6745943,1.3217839,2.9065423,5.0483875,6.6693897,6.1353703,4.0301275,2.1989896,2020-08-25 09:49:10.545,Vehicle Movement,0.6806349158,,,,,,,,,,,,,,,,
3.1626885,4.2807641,5.801452200000001,3.1255484,3.3153012000000004,2.7496424,5.051467400000001,6.5523911,10.137197,6.3826947,5.4683805,3.576431,3.2108905,2.8748138,2.4943388,2.5110490000000003,2.7897985,2.9343047,2.6485496,2.4305251,2.3590317,2.1134567000000004,7.5206103,11.228127,15.149449,17.714344,13.931975,11.267838,5.0568199,3.804456,1.6567227,1.3233323,1.378047,1.7721894,2.106529,2.1364615,2.0202229,4.8345027,5.9720817,4.5191393,3.5989347,1.3570411,1.5356218,2.0563607,1.8816065,1.2258869,0.67445564,2020-08-25 09:49:10.786,Vehicle Movement,0.6806349158,,,,,,,,,,,,,,,,
1.2730193,1.6521776,1.9912968,1.3518162,1.5879538999999998,1.7063241999999998,5.9070401,7.435717599999999,8.976643600000001,8.602202400000001,7.483272099999999,7.0033183,5.874091099999999,5.9772534,3.5689323,3.1028965,6.9125605,8.8901796,8.749054,7.6182599,5.863430999999999,3.9816034,6.9857969,11.3044,16.956083,20.657604,16.519545,11.803326,4.1997614,2.8630328,3.4450104,3.1365092,2.6361024,2.0046117,1.8923322,1.5380545,1.3219148,3.4813062999999995,4.3663363,2.9869106,2.6727405,1.0225446,0.63230115,0.76054364,0.6516639,0.86006564,1.2119805,2020-08-25 09:49:11.026,Vehicle Movement,0.6806349158,,,,,,,,,,,,,,,,
0.50879461,0.6882050000000001,0.86827213,0.63465345,0.82768452,0.8798402,4.4233127,5.7559066,7.1458106,8.232496300000001,12.254535,14.171257999999998,22.477289000000003,37.712749,38.411438,37.915543,29.942005,38.22364,44.783077,49.686111,50.920818,50.936199,52.460701,49.76123,41.718266,33.541225,25.48818,21.258577,17.348682,14.32596,19.787012,20.820419,20.047468,11.194849,8.2477531,5.9189544000000005,3.7550576,2.6828866,1.5526,1.4068024,1.3375458,1.170712,0.51588702,0.38614768,0.27347493,0.52896369,0.90007454,2020-08-25 09:49:11.266,Vehicle Movement,0.6806349158,,,,,,,,,,,,,,,,
0.39986455,0.30435091,0.29718241,0.1930493,0.27112958,0.32534724,1.4744708999999998,2.0399802,4.233552,6.1923466,8.879263900000002,11.56853,9.5322256,16.541674,17.436451,18.051035,17.390829,22.734789000000003,27.63706,28.878735,35.494522,35.993992,36.926769,46.984573,42.866089,49.536133,59.697388,72.046295,73.417824,59.674549,50.352261,43.365437,34.753536,29.581394,28.563835,25.520906,21.068785,14.292816,11.036541,7.4297004,4.0798383000000005,3.861007700000001,3.4610426,2.2493448,1.1649711,0.73329902,0.53995776,2020-08-25 09:49:11.507,Vehicle Movement,0.6806349158,,,,,,,,,,,,,,,,
1.00423,1.2147278,1.0032891,1.3192114,1.1829009,4.1789627000000005,5.9850616,6.731945,11.361253,15.999127,19.359442,22.963472,17.070488,17.568851000000002,19.806458,37.877426,51.718815,59.335659,52.369164000000005,51.897202,65.797585,75.840561,70.18969,77.011116,63.359173,86.343536,96.626991,116.99843,107.95149,78.747589,56.262524,42.82378,28.15967,22.08287,22.208057,22.304707,17.830654,14.804042,9.7437992,8.3795109,6.66717,6.8655477,10.004397,7.104776400000001,6.6466327000000005,0.38161537,0.34816223,2020-08-25 09:49:11.747,Vehicle Movement,0.6806349158,,,,,,,,,,,,,,,,
0.75979626,0.73022062,0.92602253,0.84307003,1.0182903,2.0713985,2.4514177000000004,2.7944493,8.4374084,11.881717,14.377244,17.263002,12.67736,11.046575,14.670115,21.154118,17.856516,22.928968,44.036083000000005,78.03656,79.427536,104.651,89.565048,89.070328,73.166618,72.207657,48.561005,40.140903,37.6026,27.861362,19.333345,14.164948999999998,8.565627099999999,6.717181200000001,6.7552614,6.7846594,6.329436299999999,4.7551613,3.5557513,2.7603846,3.3592191,3.3987398,8.9216576,8.4627705,9.218874,0.83220243,0.65679777,2020-08-25 09:49:11.988,Vehicle Movement,0.6806349158,,,,,,,,,,,,,,,,
0.77625531,1.2903545,1.8044269,2.041842,2.356755,1.4125663999999998,1.6476406000000003,1.305299,11.891323,47.430668,38.199989,72.098473,56.610928,60.657387,64.641266,162.32623,149.74477,131.80533,191.30472,281.09161,322.57132,324.41309,267.47922,206.9883,193.62778,179.13408,180.34509,170.85771,129.8873,103.94907,113.85233999999998,86.465141,61.356846,23.77626,12.744331,10.570529,8.9043016,3.9536567,2.4993637000000004,3.481513,3.7637446,4.490630599999999,5.4239335,5.3301029,5.084446,1.0331604,0.90472054,2020-08-25 09:49:12.228,Vehicle Movement,0.6806349158,,,,,,,,,,,,,,,,
0.58339834,1.3019071000000002,1.8384629,2.1478066000000005,2.4951458,1.8122852,2.3308208,0.90365601,9.0165701,37.940155,33.682446,43.139503000000005,41.205433,36.114666,48.005699,130.61351000000002,124.68848,95.363007,111.45898,174.73199,227.46033,231.37538,182.73521,142.93629,142.45741,136.6136,131.9398,121.8317,95.361076,87.048225,88.48754100000001,63.602329000000005,48.938797,15.354393,5.9945779,4.8115554000000005,4.2900205,3.0219829,1.4750450000000002,1.213917,1.6523516,1.4231331,1.7007813000000005,1.6927421000000002,1.8127359,0.70408362,1.0236852,2020-08-25 09:49:12.468,Vehicle Movement,0.6806349158,,,,,,,,,,,,,,,,
0.76875442,0.63016856,0.60037446,1.5649049,1.8511263,0.64186913,1.1305134,1.545053,14.314535,43.195705,78.84478,77.029556,108.77563,144.25722,314.12924,333.80115,313.08511,233.53667,264.01917000000003,269.28311,246.77374,275.55582000000004,272.60724,287.65363,277.91199,271.37936,218.2966,139.35413,77.36628,77.988815,72.99140899999999,42.971985,23.748079,19.965824,20.599934,15.270751,7.886194199999999,6.6287451,4.424703599999999,4.7817421,6.9434171000000005,6.965387799999999,4.6210279000000005,2.2938924,0.81120181,0.24723314,0.43397141,2020-08-25 09:49:12.709,Vehicle Movement,0.6806349158,,,,,,,,,,,,,,,,
0.54442227,0.36022952,0.3054682,0.66010779,0.80395335,0.25657487,0.41584709,0.98336816,9.9594841,30.747601,51.674805,52.465366,44.253757,74.306595,191.06752,206.29384,192.16299,143.38383000000002,138.19226,128.72739,116.68111,130.62046999999998,135.20334,145.81902,129.63295,126.36423,102.21915,90.230873,93.658524,83.777328,72.697823,55.350819,46.213909,38.958733,22.74263,11.266875,5.1104927,3.5190403,2.4040961,2.014632,2.8474972000000003,2.9225979,1.973222,1.703554,0.66389543,0.33498517,0.42858022,2020-08-25 09:49:12.949,Vehicle Movement,0.6806349158,,,,,,,,,,,,,,,,
0.41275412,0.34078011,0.44089615,1.319694,1.2230273,1.1043303,1.8018153,1.2446455,3.5172591,12.446709,21.218193,35.300552,40.734444,22.749918,60.49324,64.580238,60.102093,48.238869,44.282455,42.350319,41.71822,45.859219,46.754032,47.677612,42.522514,42.313255,38.382885,37.665493,43.201927000000005,36.783955,29.963388,22.793812,18.932083,15.957085,11.192327,11.494572,11.277302,6.2205958,2.6445517999999995,0.61281228,0.86724997,1.3146242,1.1423687,1.2424711000000002,0.98931319,0.27506915,0.31828409,2020-08-25 09:49:13.189,Vehicle Movement,0.6806349158,,,,,,,,,,,,,,,,
0.38653705,0.33506787,0.30669782,0.74888396,0.70599794,0.79993075,1.1136124,2.0622077,18.275072,22.598137,24.847305,28.110649,57.606808,60.179916000000006,65.498627,48.812572,56.290417000000005,55.338623,42.925735,42.252136,46.965858,38.336918,32.865967,26.683603,19.224606,13.824917,11.675332,11.457115,13.141191,11.188967,9.458312,9.0553904,7.0247116,6.870543,12.068984,16.467396,20.32151,15.670417,4.964431299999999,1.7132938000000002,1.8519471,0.76899391,0.87859166,0.89200521,1.1811194,0.55970806,0.82290614,2020-08-25 09:49:13.430,Vehicle Movement,0.6806349158,,,,,,,,,,,,,,,,
0.39943004,0.35318151,0.28782916,0.52395326,0.59008175,1.3845674,1.5773954,2.4745562000000003,14.095284,49.935692,55.63511999999999,51.630329,62.475601,65.141182,72.257233,60.498718,88.531586,95.427193,82.914703,70.920158,79.580109,85.36635600000001,84.90124499999999,94.664757,81.393753,81.476715,45.543736,36.322243,14.800461,24.664555,35.244755,43.291519,36.490997,27.999743,10.039095,12.229474,15.091723000000002,11.637599,5.9954047,3.5360048,3.1537795,2.1696739,0.99028611,0.72178185,0.8080982,0.92332697,1.642946,2020-08-25 09:49:13.670,Vehicle Movement,0.6806349158,,,,,,,,,,,,,,,,
0.69131052,1.2546608,1.7375566999999998,2.3232529,2.5261545,3.0121574,5.4416199,6.3329544,10.088287,34.850502,42.214279,33.813889,36.236404,52.574574,91.550972,128.21477,160.22378999999998,185.21249,176.26357,184.19414,173.60069,206.21234,195.5625,177.18149,153.02324,170.77321,163.07028,148.0746,65.951584,53.451061,46.446838,42.953548,36.332771,26.387835,8.5341177,7.9890213,8.3695402,7.1220737000000005,4.5383735,2.7351215,2.3755801,1.6962041,1.0321927,1.1580622,1.6899519,0.75032866,1.2610813,2020-08-25 09:49:13.911,Vehicle Movement,0.6806349158,,,,,,,,,,,,,,,,
0.43331227,1.2870423,1.8993633,1.2024198999999998,1.4900692,1.5938716999999998,3.0011926,2.6640577000000003,3.5856113,27.332151,31.673195,25.447546,25.909258,36.500908,72.000778,101.47356,125.68786,144.82925,138.30472,147.9449,139.7374,162.7056,148.95235,154.1855,148.18015,142.95599,131.40712,131.17461,86.952492,68.651039,46.597092,23.681557,14.925318,10.367376,7.0249772,3.5473104,4.4546428,3.6826959,3.5680273,4.702001999999999,4.7867441,4.229046299999999,2.4085727,1.5265889,1.255039,0.51169753,0.68087566,2020-08-25 09:49:14.151,Vehicle Movement,0.6806349158,,,,,,,,,,,,,,,,
0.22768255,0.77556837,0.92259389,0.96482551,0.87095213,1.1413269,0.96309924,0.83554298,1.4093688999999998,12.738319,15.204907999999998,18.030287,17.400988,21.644302,32.538334000000006,43.58638,50.004211,48.022099,42.871788,48.071453000000005,47.098057,53.416779000000005,48.851231,49.982544,47.204552,45.038361,41.634438,41.018509,32.727253000000005,23.6266,15.491164,10.861166,6.996585400000001,3.5205789,4.1855917,2.305588,3.8780935,3.7871518,4.0702791,5.3603492,8.547249800000001,7.6453595,6.8159366,2.6717234,1.3829622,0.51887101,0.45776597,2020-08-25 09:49:14.391,Vehicle Movement,0.6806349158,,,,,,,,,,,,,,,,
1.1311003000000002,2.07816,2.3963702,4.624177,3.3681335,4.9444284000000005,5.6792078,6.3622804,3.5964074,12.723648,14.355785999999998,11.588924,8.0996037,9.8943853,25.17473,36.632191,37.941372,27.275833,16.94677,18.361599,18.32295,19.844786,20.616034,22.286037,26.790689,28.114544,26.872568,25.135729,18.823359,15.595074,10.958484,8.1733484,7.065732000000001,4.043151399999999,2.8116338,2.5126078,3.5679119,3.2300389,2.9826369,2.5869431,3.5008626000000005,3.1314580000000003,2.7981312000000003,1.1261711,0.72056848,0.89833629,0.91020375,2020-08-25 09:49:14.632,Vehicle Movement,0.6806349158,,,,,,,,,,,,,,,,
1.0524083,1.5481396,1.8386428,3.4859633000000003,2.5013366,3.6719689,4.217650900000001,4.7811627,2.6788297,4.254437,4.3667526,3.6723318,2.4637451,3.0096819,7.785107099999999,11.647499,12.229218,8.4543171,5.2298698,5.630764,5.6166267,6.0823059,6.3054085,8.0761681,12.23141,16.069557,16.449423,15.347713,12.940187,16.249174,26.05759,14.975822,9.1578093,4.846816099999999,4.6972561,2.0351918,2.6149461,2.2616343,1.8101616000000005,2.4041746,2.2918508,2.9516363,3.2349336,1.6671348,0.95300061,0.88520038,0.53019774,2020-08-25 09:49:14.872,Vehicle Movement,0.6806349158,,,,,,,,,,,,,,,,
0.50924659,0.53765094,0.55988985,1.0603625,1.2903322,1.5621957,1.3893235000000002,1.6402569,1.4016036,9.1141729,8.3575554,6.2700510000000005,7.7698884,14.084373,5.237493499999999,9.9887133,13.626089000000002,16.438097,27.109457,31.084002,39.347626,44.131245,52.57106,63.246265,71.73833499999999,65.863174,53.846169,37.827923,26.296017,22.178621,15.162999,8.459471699999998,5.809814,6.274786,6.7468367,7.010731699999999,8.044000599999999,8.925381699999999,8.5015259,8.965323399999999,9.3676519,10.522272,9.9816494,10.076961,6.4744129,3.699644600000001,1.6588085,2020-08-25 09:49:15.113,Vehicle Movement,0.6806349158,,,,,,,,,,,,,,,,
0.4596861,0.27500618,0.40456951,0.74893749,1.1852596000000002,1.2039028,1.8616365,3.5320544000000003,5.2614379,11.328831,28.347742,47.962505,59.066391,69.38279,70.35697900000001,75.606499,73.80034599999999,69.705765,72.537239,67.991837,69.158958,71.972725,72.449478,86.119476,100.521,105.98695,80.798805,60.13369399999999,46.716427,36.373737,21.096231,12.108214,5.1876078,4.1842985,4.4727483,9.341732,5.527295099999999,5.517534700000001,5.023931500000001,5.766512400000001,6.1587782,6.8654866,6.4597068,6.6478882,4.4035349,2.0635366000000004,0.94433355,2020-08-25 09:49:15.353,Vehicle Movement,0.6806349158,,,,,,,,,,,,,,,,
0.5047586,0.33094794,0.49607128,0.40114915,0.88023049,1.2870263000000002,7.1479692,8.0684538,13.582479,12.058396,26.47175,58.689728,75.480858,83.60289,92.541451,96.90403,86.266472,87.037048,88.365387,90.412628,88.96350100000001,83.38022600000001,72.878242,74.66214000000001,84.344849,81.824547,83.751198,87.056694,75.415749,59.525227,42.17374,37.652988,26.365446,13.158372,7.5030923,7.9555821,7.579914599999999,8.2582121,6.3938904,6.4049759,6.061028,7.3490038,4.5743794,4.965028299999999,1.6392453000000002,1.0956344999999998,0.71562767,2020-08-25 09:49:15.593,Vehicle Movement,0.6806349158,,,,,,,,,,,,,,,,
0.83329463,0.57473123,0.91276729,1.3912762,2.1301341000000003,2.501334,5.3084235,5.9920192000000005,10.086999,8.955141099999999,15.690257,37.893017,51.378864,56.393776,75.071602,79.34162099999999,69.881638,54.872726,47.775764,52.74835600000001,55.58671999999999,73.179985,99.03315,128.98038,133.73042,131.49039,116.29544,120.7491,106.09366,82.194923,60.924286,51.737926,42.06839,35.332443,30.784719,11.808025,4.1805177,5.124477400000001,4.316121099999999,4.4027314,3.3428128,4.053165,2.4665825,2.3516908,1.006209,1.2548434,2.0015385,2020-08-25 09:49:15.834,Vehicle Movement,0.6806349158,,,,,,,,,,,,,,,,
0.47920135,0.44443297,0.67786461,1.0332283000000002,1.6328853,1.9094676,5.005292900000001,6.9172878,10.394511,18.286926,9.4374037,11.667118,15.828582999999998,17.153893,24.867643,26.839279,39.675076,42.222313,39.828232,35.4123,51.763668,57.692677,71.049614,91.664391,90.591202,94.33699,83.441086,86.342781,83.15641,62.913731000000006,57.510365,49.636669,38.815044,26.482903000000004,23.187496,8.7692013,3.5513222,3.8056822,3.2053468,3.1987267000000004,1.503952,1.3458583,0.82114124,0.79142582,0.62551743,0.9544636,1.4864383,2020-08-25 09:49:16.074,Vehicle Movement,0.6806349158,,,,,,,,,,,,,,,,
0.3658717,2.4127023,3.1961753,5.3177218,6.4268599,5.693491000000001,10.835881,9.4863815,16.237869,25.997585,22.46221,22.662264,19.62142,19.564432,29.585329,34.457747999999995,39.862122,36.918495,33.390598,32.704529,49.13028,50.292919,52.48595400000001,43.111408,27.556099,28.695484000000004,25.381178,26.263809,25.294573,19.137144,17.879143,16.102196,14.60841,10.562529,8.674133300000001,2.9106603,1.972556,4.7726994000000005,5.0735793,4.6748943,1.8344429,1.0459309,0.45288065,0.28418785,0.28314251,0.53068233,0.71370518,2020-08-25 09:49:16.314,Vehicle Movement,0.6806349158,,,,,,,,,,,,,,,,
0.77941865,1.122421,1.4849286,2.44437,2.866236,2.3371372000000004,4.438262,5.2319837,8.9556036,10.769832,7.066216900000001,8.453697199999999,8.6585541,7.213534399999999,9.8407698,10.673068,12.476753,12.476718,10.295619,10.855994,18.090572,22.084768,22.057858,24.658113,25.786329,27.956476,18.585762,9.7540073,8.3839417,5.8211489,5.4384918,5.4572816,6.6403317,10.516729,10.587214,4.1546073,4.362286599999999,5.630403,2.9759705000000003,2.7509809,2.9228318,2.4595182,1.227344,1.1270076999999998,1.2486018,1.6496109,1.7391376,2020-08-25 09:49:16.555,Vehicle Movement,0.6806349158,,,,,,,,,,,,,,,,
3.1676207,13.211778,17.290707,21.129482,22.906826,22.249138,13.746593,10.479841,12.303408,15.596516,11.698398,10.777334,13.634583,23.283152,26.049517,31.215433,32.332138,39.722103,46.021244,52.98031999999999,67.692245,75.49086,77.492531,73.292732,69.671539,62.748638,60.494617000000005,64.22261800000001,62.579632,50.225266,41.688976,51.513412,60.815262,61.82605,47.733486,20.229464,4.5180945,5.1604204000000005,4.8099737000000005,4.66679,2.1832967,1.8265557,1.0233676,0.94704878,1.0217304,1.2364278999999998,1.3580086999999998,2020-08-25 09:49:16.795,Vehicle Movement,0.6806349158,,,,,,,,,,,,,,,,
2.3524267999999995,9.8298016,13.088657,15.859801,17.011703,16.523272,10.208877,7.782831699999999,9.1370993,11.582718,9.2219677,11.181193,13.742916,17.881901,19.429268,23.182074,24.011391,29.184338,27.325769,27.683899,32.061325,34.54483,37.266594,40.790337,38.58654,34.689323,37.825203,45.422554,47.306316,39.737274,22.185247,23.863302,28.531387,27.884178,18.623095000000003,6.7317719,1.7882861,3.8323748,3.5721159,3.4657812000000003,5.5578413,6.3838696,8.0876846,7.6116261,7.8594966,5.3782463,4.524998200000001,2020-08-25 09:49:17.036,Vehicle Movement,0.6806349158,,,,,,,,,,,,,,,,
0.85452867,3.0962322,4.2594523,5.034553099999999,6.6225896,5.2972879,5.9868364000000005,6.9654193,7.5328083,10.636128,4.942893499999999,3.621232,4.1803303,5.502678400000001,5.910008900000001,8.4733877,10.488998,14.587352,14.85462,19.689005,20.392233,21.956123,21.875134,28.077463,33.143318,35.254936,37.302597,39.487103000000005,38.050049,29.917469,21.746056,16.288588,13.920801,13.147935999999998,11.786616,3.639286,1.6556755,1.3061124,1.2029949,1.5052037,3.6783636,4.654242,6.624807799999999,6.2674322,5.393406400000001,3.217346,2.5640323,2020-08-25 09:49:17.276,Vehicle Movement,0.6806349158,,,,,,,,,,,,,,,,
0.40499946,0.95258749,1.2956431000000002,1.5314136,2.2054105,5.841229,5.9710736,4.8084388,6.6345811,6.012168900000001,3.9924664,1.2798228,2.4276826,3.8744712,2.6663339,9.7374153,16.468719,22.531237,26.019983,23.387362,23.739851,24.549397,25.754505,29.827509000000003,31.672403000000003,33.863056,25.942102,22.171165,19.831024,19.865358,20.191721,14.831938,9.6297655,8.6542444,6.8559985,2.3225813,2.0242271,1.2842438,1.2585936000000002,1.1091305,1.7114154,1.7234693,2.0554786,1.960266,1.6692151999999998,1.7783391,2.1509666000000003,2020-08-25 09:49:17.516,Vehicle Movement,0.6806349158,,,,,,,,,,,,,,,,
1.0214552,1.9812562,2.3020537,2.5982471,1.2303214,3.2215881,3.3218901,2.6519783,3.3895227999999995,2.6990061,1.7701519,0.59011328,1.2851527,5.1210113,11.140354,15.486506,18.583836,21.111343,37.07053,41.282997,46.164261,48.124969,54.187237,47.367508,35.251511,31.10878,26.953876,25.965014,24.715128,21.121395,15.515224,18.706182,19.379318,17.412958,7.4083681,2.5953512,1.503288,1.6378529,1.5800172,1.28282,1.2709788999999998,1.2138839,1.1086704,0.92546111,0.74043727,0.99028212,1.1863135,2020-08-25 09:49:17.757,Vehicle Movement,0.6806349158,,,,,,,,,,,,,,,,
16.838535,36.955673,52.223289,60.613983,81.63990799999999,84.98951,108.41276,106.78293,133.05472,128.59859,128.71625,105.13249,98.640434,107.47038,115.26907,131.57825,157.28268,168.9899,175.57071000000002,178.04861,169.54851000000002,182.45537,182.46619,184.26297,202.90149,223.4402,235.30914,202.4444,145.08836000000002,87.160347,50.15741,43.547337,41.878914,15.615145000000002,9.1284761,7.443832899999999,4.9527469,4.7426386,5.0706778,4.558546499999999,3.8432481,2.911459,2.1289423,3.3310213,2.5699563,2.293226,1.92379,2020-08-25 09:49:17.997,Vehicle Movement,0.6806349158,,,,,,,,,,,,,,,,
44.266335,91.613197,115.37941,118.39043,159.28973,160.88959,209.83141,245.92427,330.82538,330.96384,300.47314,249.45346,237.62143,222.83733,209.27658,166.26248,137.18742,140.14203999999998,142.47632,140.00133,128.97666999999998,138.60806000000002,141.12771999999998,140.46532,152.57211,166.57365,177.31276,153.98113999999998,117.55362,87.065956,81.75412800000001,58.246925,50.719646,24.566418,14.653408,7.1965399,7.2117882,5.1515303,4.2519307,5.3049746,2.8541794,1.7777781000000004,1.2981994,2.174726,2.3176639,3.1601396,3.4281805,2020-08-25 09:49:18.237,Vehicle Movement,0.6806349158,,,,,,,,,,,,,,,,
39.320721,53.292732,67.58154300000001,67.959946,104.00188,103.53294,128.25894,151.7645,202.90666,217.44701,202.04948,185.25609,176.46902,165.48962,155.41878,123.47446,101.88194,88.36288499999999,87.905663,97.623894,96.649696,88.619049,79.784477,71.33551800000001,66.610687,71.960342,77.49943499999999,77.066513,68.933105,53.728291000000006,53.777889,43.25695,37.666832,18.59243,10.65493,5.2902527,4.6768131,4.8265638,4.1147165,4.3863244,3.0988514,4.357789,8.3449764,8.0336552,8.5338249,7.2446117,6.1044126,2020-08-25 09:49:18.478,Vehicle Movement,0.6806349158,,,,,,,,,,,,,,,,
11.960599,16.210617000000003,20.565786,20.688286,31.645706,31.492714000000003,39.013882,46.163818,61.720264,66.242271,63.42602900000001,63.481552,66.693138,59.1161,51.573658,37.55854,30.990511,28.113743,37.120823,45.022404,53.767284,60.379276,66.516243,68.445419,64.500275,63.974476,61.223785,69.16243,71.850822,76.520607,81.33545699999999,71.601212,64.53215,46.384045,31.460722,13.925657,1.4937837,1.5626664,1.4392492,1.501146,1.0502557,1.3491309,2.5405900000000003,2.624963,2.5958242,2.2036705000000003,1.8568441,2020-08-25 09:49:18.718,Vehicle Movement,0.6806349158,,,,,,,,,,,,,,,,
3.6381824,4.9309554,6.2557125,6.2929749,10.198167,13.599599,19.047367,20.702946,22.438284,21.184385,19.904591,21.065939,25.988796,24.579441,19.322205,13.755564,15.806919,20.878611,33.701061,45.071774,52.325935,61.276821,61.226055,58.667805,53.168098,47.510506,45.467712,51.363323,56.438084,77.984367,115.62242,140.17934,143.86115,117.75497,65.622665,21.946896,0.7679401,0.76659137,0.58407193,1.0246308000000002,0.50144476,0.55869758,1.021659,1.4625582,1.1421911,1.2063956,0.87702513,2020-08-25 09:49:18.959,Vehicle Movement,0.6806349158,,,,,,,,,,,,,,,,
1.2857788,2.0976412,2.6497023,2.6401927000000005,7.2645683,9.397748,12.261218,9.9665203,12.494143,15.960439,14.987101999999998,16.211693,16.802284,11.502796,10.723367,8.9906826,6.511448400000001,10.351809,17.696274,24.824284,28.319664000000003,33.997322,33.105274,32.661564,33.204758,40.068233,48.441257,65.325417,56.157585,44.46241,53.752613,63.566517000000005,63.789433,48.241337,26.927446000000003,8.7399731,0.65235823,0.4604544,0.32213092,0.43859941,0.27902347,0.41418996,0.62884688,0.65725875,0.68998694,0.77752072,0.84052217,2020-08-25 09:49:19.199,Vehicle Movement,0.6806349158,,,,,,,,,,,,,,,,
0.76625431,1.4606287,2.0414286,3.1538415,2.4623458,5.7283506,8.1181517,14.602559,18.530504,19.253794,24.234007,26.90505,29.517942,23.13488,23.87261,23.623722,17.485863000000002,14.623494,26.808193,32.891518,37.212933,45.747719,51.702095,50.245934000000005,49.925224,56.764545,62.161385,65.781029,65.18321999999999,54.468456,43.200161,34.040932,29.711601,23.34074,10.822591,6.3193541,1.4852602,0.49583438,0.33544761,0.23448578,0.20721616,0.31009057,0.52415425,0.48774296,0.51124322,0.57742405,0.62421185,2020-08-25 09:49:19.439,Vehicle Movement,0.6806349158,,,,,,,,,,,,,,,,
0.27543873,1.4531933,1.5470824,2.2386208,2.152915,6.1184173,7.4745879,12.815464,14.060709,14.726017,18.923029,24.948803,26.540512,21.423784,21.9848,22.904716,15.755836,9.6095505,9.842981300000002,12.313546,14.434169,17.75716,19.821857,18.693775,18.014128,19.604399,20.952305,23.012402,24.260464,20.248629,14.667157,11.654047,9.9648323,7.8365731,3.999846,2.5883405,0.63203192,0.36457494,0.30807117,0.17141929,0.13052784,0.12147064,0.40471345,0.55811703,0.6630398000000001,0.62411833,0.44905829,2020-08-25 09:49:19.680,Vehicle Movement,0.6806349158,,,,,,,,,,,,,,,,
0.54326326,0.58921814,0.71237004,0.88130683,1.3542866000000002,3.8599267,3.9614806,4.804555400000001,4.8796492,4.9072471,5.9058518,8.2371502,8.9233475,14.27141,23.658691,30.882097,21.738989,13.827445,9.9400597,11.334592,9.6830301,6.3818088,9.9891796,10.207656,9.693244,9.459096,12.898617,12.823023,12.297314,11.783249,5.0943494000000005,3.8486946,3.6827955,3.21208,1.9475332,0.83983314,1.3033569,1.4167688,0.54221815,0.20840694,0.27829188,0.30812049,0.64402401,0.64991975,0.78242081,0.52613974,0.33349219,2020-08-25 09:49:19.920,Vehicle Movement,0.6806349158,,,,,,,,,,,,,,,,
1.5127531,1.1357918,1.662095,0.59718812,1.1827989,2.6305094,2.1848586,2.4499018,15.354124,18.930536,27.086349,27.14497,26.598875,23.271351,22.073824,23.154058,16.144410999999998,8.337212599999999,9.3717012,9.5881176,10.964538,10.704487,11.35292,13.144746,12.938485,10.70828,9.0214911,9.6532192,14.08535,20.315153,28.869925,27.725054,21.546959,7.5605907,3.9252462,1.2582135,1.5364968,1.3044152,0.75029975,0.54401374,0.61245441,0.29769954,0.50100052,0.9002650999999999,1.0463083,0.88648057,0.42165804,2020-08-25 09:49:20.161,Vehicle Movement,0.6806349158,,,,,,,,,,,,,,,,
3.5713646,2.6078744,2.5511098,2.0612142,0.72024333,2.4272044,1.7723068,2.9138367,8.7387428,13.178688,21.479904,24.304749,25.79026,22.881121,28.307335,27.428221,23.14847,21.523273,20.983728,19.478912,17.762043,14.175916,17.189633999999998,16.310076000000002,20.998571,21.54978,20.469772,15.284697,15.910722,19.609413,32.65995,31.553717,27.676714,14.542936,5.8518095,0.80004275,1.0277926,0.68620771,0.62455803,0.71624571,0.48062056,0.44953462,0.42249975,0.59705806,0.62425077,0.51957124,0.27523467,2020-08-25 09:49:20.401,Vehicle Movement,0.6806349158,,,,,,,,,,,,,,,,
3.0400240000000003,2.353898,2.1146553,2.4692349,3.1937399,3.1742463,2.7267356,2.3528461,6.592236,8.6286459,9.6802368,11.992621,15.59675,17.380966,21.205055,20.369509,20.992937,22.897942,27.477541,26.672243,26.230705,27.772715,29.194107,27.691755,28.092258,27.304173,27.143663,23.985195,16.991745,13.992652,12.257278,11.455185,9.6481705,6.286077,3.2142005,4.784056700000001,4.618738700000001,2.111001,1.8261483,1.4392128,1.4274018,1.6643617,1.2767,1.3577545,1.962361,1.8370407,2.6151326,2020-08-25 09:49:20.641,Vehicle Movement,0.6806349158,,,,,,,,,,,,,,,,
2.2576673,1.7481171999999998,1.570444,1.8337715,2.371824,2.3573475,2.3396645,2.3948522,4.8957095,6.4080443,6.0655556,3.897583,4.9737606,6.721157099999999,12.08153,13.789801,9.9694366,9.3787556,11.254509,10.924669,10.743816,11.37541,11.957597,11.342248,11.506291,11.183498,11.157569,9.969794300000002,6.992358199999999,5.7312431,4.487582700000001,4.8328228,5.402133,3.7809968,1.2298344,1.5285312,1.4412315,0.74663973,0.56614429,0.56922436,0.57287055,0.94249415,0.71192396,0.76518494,1.0999454,1.0131751,1.4423128,2020-08-25 09:49:20.882,Vehicle Movement,0.6806349158,,,,,,,,,,,,,,,,
0.94456953,1.2190677,1.6826328999999998,2.3297807999999995,0.92819655,1.5359806,1.4105839,1.8273599,1.6668285,1.9683021,1.8790624,1.18557,1.5135933,4.9914527,8.9723206,10.240966,7.403780499999999,4.1637945,3.6972651,4.4118886,5.1955886,5.651763,5.739192,4.8694053,4.7153316,4.7932467,3.531667,3.9576559,3.2041206,3.1643429,6.070204299999999,5.855379599999999,8.5159273,14.243945000000002,16.653637,13.127339,4.5863004,2.9929423,2.5107751,2.0463779,0.67759132,0.60628265,0.54593843,0.52897382,0.40895721,0.51533091,0.60537678,2020-08-25 09:49:21.122,Vehicle Movement,0.6806349158,,,,,,,,,,,,,,,,
14.689266,14.738492,17.693468,19.385944,23.179375,22.286449,21.548862,27.034517,27.651682,25.801867,17.244221,15.975208,12.036404,7.417351200000001,4.6112823,4.746881,3.2290006,5.6351089000000005,11.653288,12.918519,11.287661,6.7497239,3.7000134,2.0287204,1.9315193,1.9573025,2.398248,3.1341617000000004,1.5090013999999998,4.1189637,8.551404,9.3798914,9.3713646,12.890482,14.393627,11.581126,4.1681814,2.5982099,1.5117316,1.6351883,0.66010463,0.47597778,0.40827462,0.39284125,0.35844097,0.59160936,0.51685202,2020-08-25 09:49:21.362,Vehicle Movement,0.6806349158,,,,,,,,,,,,,,,,
4.4794683,5.848866,6.0512581,6.8258734,7.050716400000001,7.5723848,6.5547462,8.2233763,8.4111061,7.8484273,5.2453585,4.8593497,3.7343199,6.1317677,12.979237,15.398704,1.6680476999999998,3.1481202,4.383575,4.8533173,6.119311799999999,5.6257267,5.7839332,4.8329992,2.377938,2.8243808999999995,3.2117281,4.3977995000000005,1.4652658,2.7559605,3.4387336000000004,4.7926397000000005,5.1685491,5.6444855,6.817211200000001,5.600633599999999,2.7836468,2.0485594,0.68032241,0.63778716,1.3177431,1.9218589,2.0990257000000003,1.2899415,0.96779335,0.77345932,0.85086739,2020-08-25 09:49:21.603,Vehicle Movement,0.6806349158,,,,,,,,,,,,,,,,
1.631269,2.395633,2.5197508,2.7958052,2.8295417,3.1015682,2.4159689,2.8524275,4.1666365,5.8035941,4.975789099999999,7.025175599999999,7.2756686,7.917233900000001,12.872467,15.862393,4.5362353,12.901362,14.675694,15.001316,12.389835,7.525997599999999,6.0138106,6.4224715,9.2922697,11.353157,12.492565,13.979676,13.95226,14.411522,13.409485,14.126272,12.280713,11.710621000000002,9.775767300000002,7.216726299999999,5.3570123,1.9985769,1.1401317,1.0855657,1.6655828,2.645458,2.9650004,1.4424763,1.0191005,0.64553535,0.77858031,2020-08-25 09:49:21.843,Vehicle Movement,0.6806349158,,,,,,,,,,,,,,,,
1.0429828,0.81278968,0.76645952,0.85764807,0.86069179,0.94343716,0.76907909,1.4016372,2.8543551,4.3100262,3.2931726,2.9712252999999995,3.0211253,8.135764100000001,12.361405,18.461626000000003,16.338816,24.19828,26.714933,34.430508,37.019257,30.647329,18.024147,6.0236955000000005,7.3815436,8.2874117,11.696809,13.271337,16.862545,17.152626,19.422497,21.963646,21.609755,21.496607,17.152172,9.9401817,3.9783738,1.4842387,0.35298446,0.54265267,0.68414032,1.0888008999999998,1.1408112,0.52325171,0.36091134,0.3153258,0.30899045,2020-08-25 09:49:22.084,Vehicle Movement,0.6806349158,,,,,,,,,,,,,,,,
0.50345206,0.7529996,1.7809009999999998,1.4585164,0.7177124,0.55526727,0.49613163,0.81956148,1.4463587,2.083158,2.0592182,2.0824418,1.6298758999999998,5.5311942,10.557802,11.472409,9.8300514,15.283476,15.027871,15.470813,16.691902,12.55282,13.194919,18.868935,24.059792,23.770092,23.239248,22.389874,16.020123,12.946225,13.158054000000002,14.101556,16.140759,18.722635,14.529566,8.0709257,2.4964156,1.2873736999999998,1.0310796,0.4927524,0.49631375,0.40894598,0.40767533,0.34176359,0.29482612,0.39422578,0.40928,2020-08-25 09:49:22.324,Vehicle Movement,0.6806349158,,,,,,,,,,,,,,,,
2.1670005,1.5708729,2.3425131,1.9486181,2.2799732999999995,0.92532897,1.8174821,2.4761412,4.2995915,5.7929263,8.6414146,10.630258,14.247767,21.025173,21.451334,22.17606,9.738904,11.722024,12.277864,14.050055,15.003260999999998,12.528893,17.965014,21.287552,23.628199,18.270603,17.356165,16.62779,11.897307,11.285512,10.475884,10.922144,12.281039,11.190571,7.4072185,4.0026464,2.1041136000000003,3.4159744,2.8803303,2.659904,0.65387094,0.5169034,0.49959335,0.36122,0.3694264,0.70809859,0.66302949,2020-08-25 09:49:22.564,Vehicle Movement,0.6806349158,,,,,,,,,,,,,,,,
0.9039101,1.520749,2.3676476,2.6979973,2.1793363,1.5414799,5.127551599999999,5.396817700000001,6.073995099999999,5.3936343,7.3848648,8.8038311,16.217506,27.180222,36.048477,41.490089000000005,29.186443,30.675426,36.474106,40.077061,45.690613,44.606098,36.207203,26.273247,34.388943,35.134823,42.044701,36.750847,26.897917,18.824993,21.848406,35.794052,44.191879,36.910145,26.135431,22.983532,2.7551959,2.2475839,1.5987545,1.1387104,0.56471997,0.43564582,0.48427492,0.37241673,0.53593516,0.76929361,0.66278571,2020-08-25 09:49:22.805,Vehicle Movement,0.6806349158,,,,,,,,,,,,,,,,
1.054029,1.2298735,1.7583282,2.0036619,1.656745,1.2341883,3.1526835,4.3396163,5.9897041,8.7697592,8.5142984,7.1421719,13.415577,22.879457,29.365894,32.704796,22.795954,42.19141,75.679749,90.986252,91.38784,78.45094300000001,61.222446,37.445488,31.21279,35.480831,36.7854,42.123371,24.573627,15.829528,34.524998,48.054569,53.537727,38.088886,20.862926,12.032588,1.599833,2.2469287,1.4297881,0.62802809,0.73622811,0.71506804,0.73017019,0.49483535,0.39801103,0.57955009,0.55815071,2020-08-25 09:49:23.045,Vehicle Movement,0.6806349158,,,,,,,,,,,,,,,,
1.1236313999999998,3.9829435,3.9829528,3.9837554,2.3286695,4.698334200000001,6.4792852,7.7552862,9.5812283,8.308829300000001,7.4400086,7.600471000000001,9.5757494,9.8851261,28.752699,29.178507,33.797176,79.09317800000001,146.84208999999998,167.27886999999998,162.81842,142.60172,120.79909,101.26978,111.61214,134.75737,125.99458,113.63495,55.764847,50.50864,83.75604200000001,108.67732,108.37987,75.236305,47.208839000000005,11.03375,1.6502582,3.3255906000000004,1.2181643999999998,2.0111475,1.1017421,1.3609256,1.3091123,0.72522873,0.58457917,0.36862269,0.42903402,2020-08-25 09:49:23.285,Vehicle Movement,0.6806349158,,,,,,,,,,,,,,,,
0.87234032,3.2886317000000003,3.5391352,3.3309307,1.1582322,2.0870087,6.8121405,11.258288,15.590633,17.874842,19.5415,13.662772,8.5159283,8.2846699,21.353125,21.07988,13.842971,31.984203000000004,62.484562,71.274651,70.460464,59.183403000000006,52.944798,43.709759000000005,47.465515,57.897846,55.432144,51.970005,31.745657,28.406336,46.958389,68.94626600000001,71.232864,47.912708,22.821436,6.6593413,1.2255607,8.5900707,1.242624,1.209507,0.81820637,1.0342386,0.97220939,0.57917625,0.52848291,0.38136181,0.3888948,2020-08-25 09:49:23.526,Vehicle Movement,0.6806349158,,,,,,,,,,,,,,,,
0.51672244,1.2546921999999998,1.2674633999999998,1.0975273,0.65369445,3.3231497,8.9985189,16.258029999999998,22.044973,25.804708,28.453611,16.732328,12.174253,8.864068,9.8716669,17.125452,8.918096499999999,10.652944,19.219042,22.081932,22.337168,20.118032,18.359047,15.148767,16.251879000000002,18.830244,17.918766,18.456514,10.932364,9.0005636,14.289534,20.972124,21.825367,14.80057,7.0233421,2.4018831,1.4063687,4.2282982,1.0992999,1.4300853,1.1128221,0.99538082,1.0461732,0.42949441,0.32759008,0.33935937,0.35866964,2020-08-25 09:49:23.766,Vehicle Movement,0.6806349158,,,,,,,,,,,,,,,,
1.0204083000000002,0.9477303,0.61364716,0.59473509,0.48882404,1.0667256,3.7401953,11.382902,17.348927,20.902859,25.931482,21.808376000000003,15.228057000000002,14.3188,18.517466,20.026808,17.106165,35.009215999999995,48.946575,45.343628,39.141468,26.686081,22.66522,22.180647,25.052958,29.206076,31.37937,29.171806,10.436274,11.506127,14.149516,17.059195000000003,17.073086,16.599634,12.960238,4.4994087,2.3400743,2.2650864,0.4138535,0.82079542,0.55158108,0.79949743,0.95492625,0.32963377,0.17582907,0.25111115,0.28436518,2020-08-25 09:49:24.007,Vehicle Movement,0.6806349158,,,,,,,,,,,,,,,,
0.57258093,0.70331591,1.3294198999999998,2.2665784,3.3232031,1.2588136,2.3879371,5.4084258,8.1588926,9.3918428,11.607028,13.001376,12.422067,10.779148,13.582545,11.579401,14.209736,32.611488,41.946262,39.247692,32.835361,21.722113,18.104856,18.970259,25.978605,28.834429,28.992676,26.813181,12.224983,16.000828,16.545181,16.648039,17.417074,20.252289,17.195677,7.6026864,2.1013734,1.1399121,0.19693112,1.0806452,0.36298957,0.32652277,0.5057564999999999,0.35604167,0.22160162,0.24661751,0.24831077,2020-08-25 09:49:24.247,Vehicle Movement,0.6806349158,,,,,,,,,,,,,,,,
1.8940595,0.74238515,1.4357551000000002,2.1975799,1.9287775000000005,2.2459197,2.1979823,2.5340095,3.7764034,9.2499628,17.761979999999998,24.497509,27.360466,24.06226,26.175434,29.028074,30.263269,44.229527,44.846905,45.170631,42.712753,40.419529,37.524982,30.480871,24.22603,19.436348,15.780951000000002,11.255851,7.2654834,7.053501600000001,7.1825128,7.064099799999999,11.169504,17.233547,17.073679000000002,14.031534,6.0204153,1.8153436,0.72530586,0.34529278,0.19862348,0.20529091,0.26804423,0.40617016,0.24705082,0.28202894,0.28949273,2020-08-25 09:49:24.487,Vehicle Movement,0.6806349158,,,,,,,,,,,,,,,,
2.3812547000000004,2.9740343,2.2367196,2.2676015,1.8837193,6.6610837,12.796258,22.356245,24.918749,21.101543,16.649076,10.209381,11.527448,10.325674,11.462244,11.815861,9.8183546,14.649363,15.46739,15.372682,14.485439,15.451578,13.645329,12.503403,12.120581,15.355968,17.511808,17.666355,18.503189000000003,17.353859,21.568745,25.622803,30.537682,32.803837,25.362576,18.585806,4.109087000000001,0.68467891,0.33783203,0.47344512,0.30934426,0.31459236,0.40174988,0.59862512,0.34881169,0.28980774,0.29877955,2020-08-25 09:49:24.728,Vehicle Movement,0.6806349158,,,,,,,,,,,,,,,,
1.7684335999999998,2.0542696,1.3574228000000002,1.881232,3.4239212999999995,4.9468393,9.5031118,16.602814000000002,18.505854,15.673293,13.898881,17.869225,30.644867,22.695196,24.529041,22.769583,23.209341,32.29892,34.623905,37.045765,29.537985,27.572445,24.481205,24.015142,27.931736,20.256039,18.860949,19.065823,18.444857,16.130079000000002,18.340092,22.946217,23.878901000000003,24.742935,18.835459,13.865419,3.1201391,0.57176971,0.5925768,1.3624572,1.0590581,0.54940736,0.45321301,0.39331114,0.36208001,0.45918408,0.49158141,2020-08-25 09:49:24.968,Vehicle Movement,0.6806349158,,,,,,,,,,,,,,,,
0.77536356,0.62486905,0.69448525,1.3621428,2.5496745,1.6819661,3.2738638,6.8069549,8.0898371,7.2393398,18.936672,32.325298,48.914185,49.435886,52.334221,48.954216,45.777908,48.23111,56.630974,58.734791,57.913776,51.206493,47.886276,42.218361,38.904404,34.139263,34.435116,35.293549,21.987221,14.589651000000002,13.221302,14.906185,15.508437,18.266281,18.40457,11.863282,0.95848268,0.3044575999999999,0.45581827,0.85622311,0.68804318,0.47708115,0.62364107,0.49641213,0.30483544,0.34800541,0.36507183,2020-08-25 09:49:25.209,Vehicle Movement,0.6806349158,,,,,,,,,,,,,,,,
0.82312965,0.73284853,1.483232,3.1386158,4.9971032,4.2933121,1.7444712,2.5512428,3.61359,4.6520801,8.4519787,12.263032,16.839482999999998,16.951744,17.843546,16.57634,15.207749,17.690233,20.609343,21.054886,21.092485,19.459774,18.150414,14.562559,13.325867,11.713176,11.689097,12.188025,7.393513700000001,5.9641666,5.4255648,5.4725013,5.3911738,6.625973200000001,6.975565,4.445575700000001,0.75028712,0.44798669,1.0011901,1.2645645,1.3470527,1.5260744,1.3521198,1.0747593999999998,0.54185897,0.41854894,0.43065879,2020-08-25 09:49:25.449,Vehicle Movement,0.6806349158,,,,,,,,,,,,,,,,
0.66333079,0.57641238,1.9067367,2.8540461,3.7185135,2.7738883,1.4583132,1.4970289,2.622494,4.204366200000001,4.877130999999999,6.4105597,9.5684347,8.7401991,7.3852072,6.1038685,4.9918308,9.1138,7.0602694,9.5839434,7.9632788,6.657599,6.198786699999999,12.818615,20.335371,27.502338,27.175438,28.275013,22.053701,23.840462,20.301538,17.652599,10.561772,7.522700299999999,8.420434,4.146925,5.3393545,5.3173566,3.117496,0.98709619,1.0547585,1.2419403,1.0467907,0.82170284,0.42239517,0.34457833,0.27486107,2020-08-25 09:49:25.689,Vehicle Movement,0.6806349158,,,,,,,,,,,,,,,,
0.48358703,1.2815104,2.6062119,7.2738819,7.3831697,12.766535,15.474771,20.101915,16.933243,14.717265,13.464237,18.336048,21.271645,20.499918,19.128281,13.873845,7.9915495,8.127494800000001,7.672334700000001,7.516399400000001,6.4558849,6.064428299999999,5.5589767,9.9755049,19.344885,22.664593,21.467031,23.384329,20.88096,24.243273,20.979834,18.126968,13.840043,5.189559,4.847203299999999,3.1178219,3.9696326,3.9598472,2.3152015,0.42962652,0.33899799,0.39965305,0.36969027,0.48623449,0.4447332,0.4546054,0.46817711,2020-08-25 09:49:25.930,Vehicle Movement,0.6806349158,,,,,,,,,,,,,,,,
1.2097994,0.80561417,1.4373927,5.4019322,5.4830947,9.481039,11.492305,14.928642000000002,12.575436,10.929746000000002,9.9991856,13.617226,15.797338,15.224221,14.205574,10.30338,5.934907,6.0358667,5.6978426,4.2921062,2.6442626,2.4839261,2.3004830000000003,3.4556887,6.718297,7.5976133,6.687294500000001,8.6023397,8.1358709,9.204003300000002,14.204294,13.461951,10.278276,2.9374263,1.5145084,0.9483813,1.2074856,1.2045088,0.91950804,0.57104355,0.54350054,0.36545435,0.37553477,0.34772325,0.4138194,0.33164719,0.36806998,2020-08-25 09:49:26.170,Vehicle Movement,0.6806349158,,,,,,,,,,,,,,,,
2.056803,4.0484352,3.9078233,3.7949555,4.499351,7.3134632,9.3495922,9.7204285,8.7597523,7.552108299999999,5.4071627,4.4919105,5.9385543,5.847964299999999,6.2687230000000005,10.277055,6.7203712,6.4673223,10.619859,12.103754,12.153958,12.727203,11.803155,11.333435,13.124011,19.463421,17.847691,17.484428,20.800631,21.691185,21.730869,13.779184,7.1600094,1.2309914,0.58652437,0.4172495,0.51881295,0.4806799,0.34582108,0.50491518,0.33770531,0.44380772,0.41651505,0.47773352,0.32107183,0.26289862,0.17917541,2020-08-25 09:49:26.410,Vehicle Movement,0.6806349158,,,,,,,,,,,,,,,,
2.4467003,3.20872,3.8230386,3.9289765,5.4465199,7.920221300000001,10.768081,13.36364,15.879567000000002,17.420557000000002,17.699165,23.705235,23.12055,21.202099,19.82616,21.579342,12.979782,16.42247,26.846088,29.136318,28.096258,23.139248,20.29221,13.778532,23.153923,32.898506,32.380623,28.224567,22.880653,23.754387,28.733095,28.558279,20.02906,12.028096,4.9610949,3.7799921,1.5511132,2.442811,0.79508418,0.37497413,0.30327424,0.34855026,0.33466029,0.42343283,0.31003559,0.32372743,0.39382637,2020-08-25 09:49:26.651,Vehicle Movement,0.6806349158,,,,,,,,,,,,,,,,
1.8170364,1.4493774,1.5208483999999998,1.6272774,4.0740252,10.670382,13.838102,13.326068,14.466075,11.0958,9.5368748,11.99873,12.75158,10.014077,13.410931,15.039559,7.370760400000001,8.507006599999999,23.469542,24.464037,18.850634,11.999228,9.6846418,7.767530000000001,16.418636,23.05496,24.121183,17.934324,16.938017000000002,25.998241,30.75972,30.371962,21.366375,12.396237,4.652014299999999,2.2240024,0.85547888,1.347273,0.56476754,0.31118858,0.45775327,0.48632184,0.50547123,0.36081845,0.37338251,0.35441369,0.44705579,2020-08-25 09:49:26.891,Vehicle Movement,0.6806349158,,,,,,,,,,,,,,,,
2.5764325,2.6971145,2.9027002,2.989289,2.2469296,4.3704753,5.667939700000001,6.1893234,7.978413099999999,5.864562,4.3089066,8.7840395,10.264877,7.4369321,9.9595976,11.169094,4.4477954,2.8728025,7.3499765,7.552455900000001,5.7339997,3.6499338,2.9458814,2.4766734,6.163271900000001,7.8988633,10.735036,9.4432421,9.9244843,10.725999,12.062324,10.510109,7.2803092,4.1028519,1.5500762,1.9135921,1.6816671000000003,1.2221617,0.46616003,0.33730954,0.25993621,0.40134224,0.39426807,0.31592697,0.3529714,0.56587994,0.65395898,2020-08-25 09:49:27.132,Vehicle Movement,0.6806349158,,,,,,,,,,,,,,,,
3.1181459,4.2464666,5.6929193,5.866817500000001,8.4963093,8.1553507,8.0807381,8.814339599999998,5.8667192,6.776623700000001,6.1152468,10.515661,15.697568,12.460633,5.7990475,6.134059,7.1715393,12.724007,14.921979,12.30647,7.6439533,8.0018072,7.015001799999999,10.21334,12.041224,8.4363899,3.5929782,2.9131608,3.1408994,3.3080575,3.669126,3.2146175,2.5128272000000003,1.2858669,1.1360514,1.6479361,2.0243704,1.7636648,0.72197717,0.40065956,0.5057593,0.21213239,0.31677642,0.33964327,0.33649385,0.37218022,0.48930633,2020-08-25 09:49:27.372,Vehicle Movement,0.6806349158,,,,,,,,,,,,,,,,
1.8100812,2.3934522,3.1985722,3.2357008,4.685933599999999,4.4978867,6.174933900000001,8.7372856,5.5590129,4.693069,3.5504158,7.889480099999999,12.733017,9.576685,3.5633743,3.3709362,4.0680308,9.1797838,13.104719,13.603735,10.574555,7.213591099999999,5.2121263,5.6970754,7.4161658,4.0914416,1.4788659,0.93597603,1.0328548,1.243799,2.3884223,3.2819571000000005,3.7429571,2.1695237,1.4238952,2.3718801,2.4263418,2.4528060000000003,0.59691012,0.32396466,0.4008463,0.29132077,0.37057701,0.41203848,0.38600767,0.34249413,0.36338231,2020-08-25 09:49:27.612,Vehicle Movement,0.6806349158,,,,,,,,,,,,,,,,
40.185497,83.41622199999999,101.84521,129.86629,160.96895,201.15047,217.00842000000003,193.03377,169.21057,128.5213,122.86833,83.349976,78.544937,61.624649,55.541,40.914738,42.922668,46.651848,32.340897,32.291821,22.638338,11.295876,6.9915032,11.8851,52.575027,46.562996000000005,25.72617,5.6919761,1.6818947,0.39460883,0.7265119000000001,0.99830788,1.4986193,2.3917866,3.0184186,4.523664,4.904624,3.6207125,1.1657957,0.27244002,0.27708539,0.15677369,0.23538636,0.33396921,0.31935766,0.23045531,0.28653273,2020-08-25 09:49:27.853,Vehicle Movement,0.6806349158,,,,,,,,,,,,,,,,
17.062286,34.667889,42.216183,53.54764599999999,66.59169,83.283562,90.672234,82.168312,72.75155600000001,54.758858,50.541199,34.139263,32.171173,25.240799,22.748999,16.758242000000003,17.580669,19.108101,13.247391,13.228948999999998,9.2741795,4.6846066,2.863646,4.8680105000000005,21.583057,19.601652,11.068168,2.5482676,1.9369979,1.3378808,0.6691906999999999,0.77518642,1.1129462,1.7762547999999998,2.241622,3.3798158,3.6837101,2.798259,0.88263375,0.27829534,0.28322145,0.30148146,0.27696311,0.2790791999999999,0.37835658,0.37319976,0.42960909,2020-08-25 09:49:28.093,Vehicle Movement,0.6806349158,,,,,,,,,,,,,,,,
5.1900172,10.552455,12.841344,16.299692,20.278967,25.564974,28.14373,26.067173,24.216496,18.352907,16.884418,11.704077,12.860679,11.788919,11.900221,11.179087,8.7514029,6.947522200000001,4.0546656,4.108593,3.1296704,2.0306816000000003,2.1954567000000003,2.5236394,6.922757099999999,6.2869353,3.7506161,2.674253,3.1034467,2.12116,0.83592075,1.498516,4.3809128,4.166799500000001,4.3036785,2.8505552000000005,2.4410703,1.332026,0.401025,0.46722686,0.32427463,0.48531434,0.48168615,0.41364264,0.23426484,0.24252234,0.42148712,2020-08-25 09:49:28.333,Vehicle Movement,0.6806349158,,,,,,,,,,,,,,,,
3.0144448,4.1618075,6.001218799999999,5.575254900000001,7.2119799,8.0288973,9.3365602,9.0458593,8.2955694,6.0209851,5.2460589,3.826446100000001,6.1173706,6.1996384,6.5632787,6.165554,4.8266239,3.1034606,4.1375294,10.385288,14.172537,11.235847,9.4792118,4.2389989,4.8809123,4.5569725,5.3876176,5.1198344,3.3418682,6.395853,10.598508,17.325354,18.915215,17.959055,14.698927,11.394596,4.1108279,2.3740809,0.34889415,0.40432835,0.36411405,0.46260816,0.44647312,0.49251649,0.45538706,0.3087554,0.47933972,2020-08-25 09:49:28.574,Vehicle Movement,0.6806349158,,,,,,,,,,,,,,,,
0.95908588,1.5262641,1.8254546000000005,1.6958846,2.6974874,3.5314318999999994,4.8243613,5.1788774,4.8746157,3.602634,2.043221,1.3154194,1.8607861,1.8858104,1.9964225,1.9085424,1.4697869,1.4501457,1.7133113999999998,4.3065648,5.8049197,4.6020832,3.8825846,1.7362489,1.9991699,1.8664875,2.2067111,2.0970297,2.4701207000000003,2.6196735,4.3410363,7.0962806,7.747470900000001,7.3558378,6.020524,4.669579,1.6853647,0.97239822,0.32045379,0.25309813,0.33292791,0.35228252,0.27016762,0.35281125,0.43438092,0.39040941,0.3854208,2020-08-25 09:49:28.814,Vehicle Movement,0.6806349158,,,,,,,,,,,,,,,,
1.0361078,1.4380515,2.6295552000000004,3.4038522000000007,3.0157175,3.4927778,4.2787266,4.8036523,3.7685323,3.4019876000000004,3.8322129,3.776093700000001,5.8630452,5.4334264,4.004788899999999,0.90961152,0.93694907,1.0769476,1.0160086,1.6292984,2.2463315,1.92906,1.6008118,1.8746264,3.2794948,4.2896447,5.3448753,3.802114,2.0796669,0.98894942,1.3295003,2.1589277,2.4009328,2.3318596,1.984488,1.5278537,0.75082481,0.68037498,0.3256287,0.34608722,0.34265497,0.30918396,0.23087661,0.2157256,0.33413529,0.40998507,0.47712332,2020-08-25 09:49:29.055,Vehicle Movement,0.6806349158,,,,,,,,,,,,,,,,
0.76946312,1.1445668,1.9528338,2.5773168,2.2396159,2.5939033,3.1775866,3.5674217000000006,2.798692,2.3907218,4.2883244000000005,4.049601999999999,4.7752619,4.8050385,7.547172099999999,14.413547,14.983069,15.129243,9.0937595,6.4557886,5.6932306,7.7647963,7.8694038,13.26484,15.731791,17.016769,12.042465,6.6281261,6.3686113,6.4865417,6.6440673,5.3967962,1.3970687,0.91755283,0.64177632,0.55205995,0.32223943,0.37227082,0.35301453,0.37012747,0.33588389,0.35285741,0.27807564,0.27577057,0.36691007,0.45878214,0.4676947,2020-08-25 09:49:29.295,Vehicle Movement,0.6806349158,,,,,,,,,,,,,,,,
1.7663970000000002,0.99869651,0.72522855,1.9992948,8.2337484,11.424781,13.365226000000002,7.011919,8.3692951,7.638216000000001,7.391464699999999,4.537851799999999,2.7573371,4.6103773,11.549419,23.875237,22.22686,18.940037,7.7701073,5.4999719,5.5723438,5.0261154,3.683921100000001,6.1033611,6.6405425000000005,6.9818621,9.417146699999998,9.1333752,9.7917128,14.80046,17.343374,15.651888,8.862230300000002,3.0769022,0.84731805,0.6635797,0.63566053,0.72486311,0.88453621,0.72606277,0.67451209,0.42895475,0.36839893,0.41484427,0.41598305,0.41563272,0.48216942,2020-08-25 09:49:29.535,Vehicle Movement,0.6806349158,,,,,,,,,,,,,,,,
1.0013404,0.70023173,0.73253393,1.3700252,3.4374239,4.687058,5.7897940000000006,3.2318265,3.6639807,3.0538688,2.2483408,1.487902,1.0226585,1.4587865,3.5131094,7.444333599999999,6.7609806,5.7655277,2.82987,3.0489402,3.2808568,1.9573478,1.5195633999999998,2.4998717,2.2419133,3.3691485,5.1937981,5.0372915,5.4003816,8.1628342,9.5952473,8.6324177,4.906517,1.7010968000000002,0.72792953,0.79765528,0.72084618,1.2138416,0.93106699,0.75850618,0.60055065,0.47735649,0.36145148,0.40013075,0.52462798,0.43795401,0.37364534,2020-08-25 09:49:29.776,Vehicle Movement,0.6806349158,,,,,,,,,,,,,,,,
1.2399493,0.82836586,6.0905294,7.5003672,10.161175,12.128045,14.329003,11.919451,7.2769027,2.1365199,1.6238195,3.2815022000000003,3.6777141,2.4464135,1.7819451000000002,3.5386,3.8108296,5.1625042,4.6092963,2.6099043,1.9843528,0.76370656,0.66353261,0.76625556,1.1187278,2.2727237,2.4419034,2.0370131,1.6426915000000002,2.4829757000000003,2.9186885,2.625814,2.9250872,3.1536467,1.9469434,1.3161178999999998,1.2355864,0.93953145,0.92808491,0.8758235000000001,0.8762091999999999,0.99373716,1.3323774,1.1414909,1.0525658000000002,1.0343976,0.72043622,2020-08-25 09:49:30.016,Vehicle Movement,0.6806349158,,,,,,,,,,,,,,,,
5.1505775,6.4362435,6.0109487,7.8054156,14.845147,18.687393,20.549835,17.750729,14.863124,12.017179,5.0035062,1.9931585,2.3299494,1.8168235,1.1636883999999998,2.9124982000000004,2.9630377,3.8339229,3.4230835,1.9382396,1.2878741000000002,2.9468961,2.6316733,2.7742143,3.2837908,4.0434685,4.7543235,3.0024989,2.0354545,1.4833556,2.1210153,1.8444537,2.3406467,3.3052349000000003,2.7440317000000003,1.4932582,1.3703196000000002,0.8314507,1.0233716999999998,1.168193,1.0897279,0.97294748,1.4729071000000002,1.4572664,1.7836343,1.8167013,1.3208345,2020-08-25 09:49:30.257,Vehicle Movement,0.6806349158,,,,,,,,,,,,,,,,
4.9257045,4.779862400000001,3.4898589,3.788676,7.179903,8.9230938,10.200694,8.4725132,7.603103599999999,5.906034,3.1738799,3.5010388,4.4949212,2.9963231,4.728569,5.561643599999999,3.5887721,2.7161522,3.0058286,2.5441532,1.0977335,1.3300935,1.545262,1.4842107,1.492618,3.3026352,3.7373614,2.7038519,1.2101661,0.88048363,1.2962271,1.3697792,0.97172415,1.0644127,1.0144366,0.67992073,0.50751454,0.54330492,0.52130663,0.61376464,0.60078269,0.68263322,0.60488558,0.78281027,0.93310869,0.82362664,0.56910092,2020-08-25 09:49:30.497,Vehicle Movement,0.6806349158,,,,,,,,,,,,,,,,
7.420656699999999,8.7348061,8.158949900000001,7.560990299999999,6.550449400000001,7.913956599999999,8.6335859,9.724102,8.9412489,7.351654499999999,7.2266083,8.6977415,13.24866,10.981746,8.8762884,6.0629358,5.304500599999999,7.6133294,9.977479,10.251051,10.947248,7.7124996,8.7739906,14.834742000000002,15.447235999999998,6.1126804,3.535785,2.4449501,3.9997141,4.4488564,5.900074,5.025239900000001,3.3501291,0.59201956,0.55948782,0.33847091,0.62675393,0.65566027,0.43281415,0.31164116,0.29699984,0.31302083,0.23446439,0.31633115,0.31486818,0.27740729,0.26657811,2020-08-25 09:49:30.737,Vehicle Movement,0.6806349158,,,,,,,,,,,,,,,,
3.1583674,3.5776842,3.3418195,3.0969014,2.6829944,3.4034386,4.1608095,4.669889,3.9845338,3.0111597000000003,3.7032633,7.371163799999999,10.026314,11.05793,13.103764,14.111881,10.695341,12.524096,12.775893,13.797613,12.601096,11.483261,6.5159845,11.016987,11.471856,4.539568900000001,2.5936124,1.6620816000000005,1.9158865000000005,3.3039329,4.3816772,3.7319834,2.5365484,0.58047122,1.1205341,1.203195,0.8353681000000001,0.5562228,0.65264332,0.57894921,0.46411538,0.28661564,0.28954032,0.41541865,0.52800941,0.30394849,0.33330777,2020-08-25 09:49:30.978,Vehicle Movement,0.6806349158,,,,,,,,,,,,,,,,
2.102072,1.8263886000000005,1.1071031,1.3937417,2.2603252,2.3188341,2.7549829,2.915539,2.1585846,1.3827858999999998,2.1551595,7.4443474,8.4456158,8.673714599999998,9.7314796,13.85855,25.412228,32.47263,35.201546,28.70883,23.717344,15.888383,7.802658099999999,3.9850292,6.5562797,10.797531,17.02346,14.369621,8.070641499999999,6.3187003,3.2426965,3.4944849,2.4837821,0.99070036,1.5372024,1.6786054,1.7354292000000002,1.6654696,2.1876042,1.6447436999999998,1.3653488,0.70610851,0.88882995,1.4967051000000002,1.7354963,1.5287752,0.73352945,2020-08-25 09:49:31.218,Vehicle Movement,0.6806349158,,,,,,,,,,,,,,,,
3.5884125,3.3556445,4.670878900000001,6.2342319,5.5419908,4.4088778,3.0269511,3.6373663,3.2211971,1.4344773000000002,0.89221013,3.0491261,5.7600107000000005,4.9518747,3.5683212,5.676315799999999,10.408579,13.300444,14.41818,11.758831,9.7143717,6.5077133,3.1958857000000003,1.4473928,2.6853826,4.422554,7.228098399999999,6.0363503,3.3948720000000003,2.5880723,1.4131665,1.6043196000000002,1.399767,0.45177701,0.74164557,0.6963048000000001,0.74873304,0.80565077,0.96729255,0.70048594,0.65254426,0.34336406,0.39835688,0.61303449,0.72486812,0.64664781,0.57914543,2020-08-25 09:49:31.458,Vehicle Movement,0.6806349158,,,,,,,,,,,,,,,,
2.837487,2.7248707000000003,3.0848076,2.6139085,2.2790813,1.8719234,1.6942623,3.2052157,6.3198843,3.684283,1.9655101,3.5261621,5.0093641,5.3330359000000005,4.4471102,5.693345099999999,7.084901299999999,8.8953743,9.6410074,7.547144900000001,6.6346855,4.7056627,3.5304642,2.3178036,3.0017991000000004,1.8607284,2.2037709,1.8361408,1.3523008,0.84559113,0.42985788,0.48800299,0.4675914,0.28050545,0.53645855,0.35045165,0.34743664,0.31959945,0.55745965,0.41684315,0.40319717,0.32151777,0.26916897,0.3390521999999999,0.46601447,0.37263185,0.37533331,2020-08-25 09:49:31.699,Vehicle Movement,0.6806349158,,,,,,,,,,,,,,,,
5.8633995,3.4717269,2.0249128,1.2347246,2.5580943,3.6773312000000007,4.3180375,5.110597599999999,5.9469948,4.6102371,7.931119,9.8307838,8.2054281,3.7742646,3.674644,6.208345400000001,6.5114827,7.192028,7.79882,5.4928689,4.825265900000001,3.0104864,3.0350006,1.9491080000000005,1.5215368,1.0216440999999998,1.9248114,2.0804458,1.871292,0.94405514,0.39922577,0.49491888,0.60110569,0.28687701,0.57910967,0.53681463,0.28261152,0.34595478,0.39805734,0.36754763,0.37803861,0.39471617,0.50513935,0.64592713,0.8041444999999999,0.82713944,0.50929004,2020-08-25 09:49:31.939,Vehicle Movement,0.6806349158,,,,,,,,,,,,,,,,
2.6339617000000004,1.4275181,1.0200094000000002,3.6091578,5.2915678,11.902717,11.943476,4.8892565,6.063793700000001,7.642687299999999,7.3771052,10.257865,8.6619759,4.317133900000001,4.566071,10.454398,13.637132,17.372789,22.050566,18.900763,16.613135999999997,10.525423,6.7352734,4.403759,4.0437946,1.7996069,2.828455,2.5372822,1.5169008,0.76934528,1.5155437,1.9104725,2.0579369,0.89836997,0.52759922,0.74005735,0.70042878,0.71124858,0.27319506,0.29093707,0.3121236,0.52991211,0.7853601,0.98921287,1.00901,0.87079859,0.47305658,2020-08-25 09:49:32.180,Vehicle Movement,0.6806349158,,,,,,,,,,,,,,,,
3.1804819,4.0463624,4.1346951,2.1858695,2.9184356,6.564653900000001,6.587134799999999,2.6965506,3.3443377,4.215138400000001,2.4039197,3.120244,2.6348057000000003,1.3131893,1.4246533,3.3618300000000003,4.284133,5.396078599999999,7.0420814,5.7591438,5.1674261,3.2016296000000004,2.1428225,1.9444758,3.0031154,1.0753182,1.1956342,0.77179217,0.46141189,0.25481889,0.50816041,0.64565057,0.69355434,0.40910479,0.44068876,0.38541174,0.30230409,0.336034,0.34852973,0.33152601,0.38876262,0.4622848,0.49308854,0.37124896,0.38275123,0.3219609,0.19660106,2020-08-25 09:49:32.420,Vehicle Movement,0.6806349158,,,,,,,,,,,,,,,,
2.1873314,1.7940884,1.7486466,1.0251987,2.5144796,5.7102475,5.8844752,3.5351305,1.8884273,1.6001573,1.7606056,3.2430513,4.4042764000000005,8.0371733,10.012012,10.356485,8.389940300000001,5.0923843,2.2074585,1.8313129,1.6773258000000002,1.1683881,0.65180522,0.59147203,0.93997455,0.7004838000000001,0.8879351000000001,0.54163569,0.2623924,0.15560499,0.20910992,0.31267542,0.35467058,0.32644698,0.35161483,0.54042077,0.5194093,0.58622718,0.45403925,0.40807593,0.46854478,0.72500819,0.90314049,0.69301188,0.74670786,0.4858073,0.30253854,2020-08-25 09:49:32.660,Vehicle Movement,0.6806349158,,,,,,,,,,,,,,,,
3.34395,6.5181742,11.558349,16.813007,18.003885,15.621862,20.60771,24.006472,26.171366,21.770519,13.275607,4.6176848,1.5532562,2.9772675,3.9795852,3.8675311,3.2529507,2.0429838,0.74395841,0.6063118000000001,0.52758873,0.5475964,0.19826664,0.17991443,0.28592232,0.2901037,0.55248922,0.9928776,0.65622336,0.75958288,0.70066708,1.9822013,2.9783499,0.95171613,0.22956388,0.26518148,0.34290117,0.33509597,0.32675824,0.34356856,0.24386331,0.3293663,0.43703479,0.37004963,0.42523456,0.39707857,0.23034768,2020-08-25 09:49:32.901,Vehicle Movement,0.6806349158,,,,,,,,,,,,,,,,
5.114485299999999,5.901934099999999,9.641757,6.5022373,6.3277173,4.7518678,6.2684665,7.331375099999999,8.855864500000001,8.2740879,4.0779619,1.4046103,1.2002217,1.6142662,1.3542216,1.7136664,1.8313338,1.4122621000000002,1.3625288,1.1692855,0.76966208,0.62741756,0.30606025,0.23739555,0.17622331,0.20444044,0.4372630999999999,0.47856033,0.93467736,1.2945826,2.9905655,2.920929,2.8841236,0.6638754,0.25876963,0.25810838,0.24729666,0.28254315,0.34078771,0.34094816,0.28251857,0.22188881,0.36918509,0.51595181,0.52904451,0.67388463,0.65539181,2020-08-25 09:49:33.141,Vehicle Movement,0.6806349158,,,,,,,,,,,,,,,,
3.7458045,3.1042542,4.1301866,3.393708,4.0831246,4.1204262,5.468163,8.600647,13.09394,11.216696,9.162777900000002,6.9251933,7.372665400000001,6.244319,5.6146407,4.7066031,4.7475252,5.965299099999999,8.145476299999999,7.816279400000001,6.0067453,4.2642107000000005,3.4017224,4.7982168,3.4842088,2.8891523,1.3297591,1.8901665,1.336838,1.1401291999999998,2.2255719,2.1996894,2.2264447,0.62607789,0.30987483,0.28318045,0.38434818,0.40204546,0.55555606,0.54386437,0.39518902,0.18796983,0.27484745,0.52069473,0.52864015,0.55374062,0.55264425,2020-08-25 09:49:33.381,Vehicle Movement,0.6806349158,,,,,,,,,,,,,,,,
5.5850849,2.0385675,1.3796343,1.5603195,3.6229939,5.3663898,7.280656299999999,9.2947998,12.648294,10.608431,11.849562,12.586864,12.049207,12.934765,10.318674,9.3778343,9.3577995,9.4695263,12.16144,10.059237,4.1017561,5.8881178,6.4971571,6.5867705,4.0777426,2.0391588,0.85559595,1.0424757,0.64286387,0.68141925,0.86471409,0.90772927,1.1228405,0.47403893,0.41295946,0.66606891,0.44226611,0.38339582,0.3620961,0.34762573,0.40246814,0.37847117,0.40606984,0.41284254,0.42541993,0.37539312,0.52917862,2020-08-25 09:49:33.622,Vehicle Movement,0.6806349158,,,,,,,,,,,,,,,,
6.2101197,3.644978500000001,2.4884572,3.4002578000000003,4.3085189,4.621069,5.4197264,4.8225956,4.294927599999999,3.606503,4.198669000000001,4.784646,6.3312068,7.55583,8.2562284,12.655179,14.111744,10.14414,6.1894588,4.1554861,4.262928,6.146509200000001,4.03827,3.3529191,3.6856174,2.0704751,1.5155938999999998,0.75835156,0.69595742,1.0872038999999998,1.3244505,1.1842574,1.147444,0.64567554,0.44843224,0.64403284,0.39996973,0.31410497,0.22932252,0.21495022,0.31929958,0.46976361,0.41104984,0.39344501,0.31406108,0.22799914,0.47599801,2020-08-25 09:49:33.862,Vehicle Movement,0.6806349158,,,,,,,,,,,,,,,,
4.7329035,4.6551733,6.093984099999999,14.023037,21.930149,28.037525,28.115129,21.960112,14.402426,3.9604146,4.9735632,3.558995,1.925831,2.2983375,2.5132232000000005,3.8494604,4.2925191,3.140161,4.5109916,6.1526952,10.397801,13.30319,13.258254999999998,10.624532,11.039017,11.828341,13.526896,13.145973,8.450983,1.5173888,2.5290751,3.2967119,2.4290988,0.41364381,0.48184136,0.57008141,0.74238902,0.68239576,0.62771744,0.49648452,0.50457633,0.5908041,0.52962792,0.7834536999999999,0.8992091999999998,0.76065117,0.26252514,2020-08-25 09:49:34.103,Vehicle Movement,0.6806349158,,,,,,,,,,,,,,,,
1.9492662,6.260930999999999,8.0925283,10.870261,13.41646,17.283907,17.142241000000002,15.181671,13.67906,11.145757,9.4071207,6.2722802,3.8250527,5.9007492,9.4796257,14.8349,16.901611,14.330941,9.6279049,5.6015882,6.1719613,5.5344014,4.47229,4.7271113,4.5963235000000005,4.664527400000001,6.079846900000001,6.1535578,3.7818227,0.5910247,1.0561316,1.3694551,0.99812865,0.33321351,0.57971013,1.0624671,1.4623947,1.4121986999999998,0.7525624,0.66375685,0.49718377,0.40380132,0.54729003,0.83340156,1.3110138,1.0378023,0.7701571,2020-08-25 09:49:34.343,Vehicle Movement,0.6806349158,,,,,,,,,,,,,,,,
1.3441166000000002,3.4530647000000005,4.4632378,5.9952283,7.3995237,9.5325193,9.4543867,7.7068863,6.4877391,5.2976332,7.429768099999999,18.167324,23.013266,22.423912,18.550055,12.916624,12.360424,12.171456,11.152876,9.003725099999999,6.5289087,7.312780900000001,6.1417069,3.6957059,1.8826054,1.5407933,1.8524415,1.8816473,1.179715,0.40169758,1.1509366,1.3343079,1.1687707,0.57382631,0.45652455,0.52112442,0.5364213000000001,0.65473455,0.40053234,0.41349787,0.39668122,0.43332049,0.3052879,0.41290933,0.63143808,0.52132481,0.42388755,2020-08-25 09:49:34.583,Vehicle Movement,0.6806349158,,,,,,,,,,,,,,,,
2.4382374,7.8819485,11.096264,8.1967306,4.0898175000000005,2.8996081,2.8758419,2.344286,1.9734452,1.6896813000000002,3.043154,7.4411416,9.4259882,9.1845961,7.597904700000001,5.2905111,5.062697900000001,4.9852991,4.568099,3.68783,2.6741717,2.9952371,2.515578,1.5137218,1.7410134999999998,3.7712836,3.8955932,3.7533805,2.9908993,1.6175983,0.8547405,0.99092078,0.86798483,0.4261508,0.33903694,0.38701186,0.3081375999999999,0.45695415,0.36202681,0.3550888,0.5508166,0.80769491,0.88017482,0.79948127,0.70756471,0.37796861,0.51720399,2020-08-25 09:49:34.824,Vehicle Movement,0.6806349158,,,,,,,,,,,,,,,,
1.5335678999999998,4.5877724,6.149498,4.520707099999999,2.2556396,1.2350075,1.2277272,1.1584067,2.1289699,3.5103230000000005,12.136299,20.676039000000003,24.994484,23.445663,19.989998,13.49133,10.09556,9.0819454,9.6292248,8.6453848,7.808449700000001,12.601747,15.948409,21.767954,18.858423,15.255772,4.800845099999999,4.6183195,4.8584166,2.4819551,0.58439201,0.75760704,0.67147207,0.40251121,0.26706156,0.24387364,0.18341807,0.28016752,0.25899163,0.21667852,0.32940215,0.34601638,0.35096943,0.36900181,0.35613251,0.14794557,0.34908727,2020-08-25 09:49:35.064,Vehicle Movement,0.6806349158,,,,,,,,,,,,,,,,
0.4842442,1.4172790000000002,2.1472464,1.4085757,0.68612206,0.41662917,0.56445736,2.4874136,3.1907239,2.9076555,9.0129957,15.355012,18.599873,17.548841,14.864647,10.019307,7.4974446,6.7564182,7.1840439,6.450602099999999,7.0384588,10.118695,15.334255,16.165922,14.005166,11.329665,2.8716116,2.7881281,3.0271318,1.5554727,0.37265617,0.42990407,0.39092541,0.2154332,0.30223063,0.29712853,0.27321044,0.37201938,0.37207952,0.27761266,0.2689175,0.36715418,0.38721013,0.29636472,0.22091916,0.23102623,0.33779871,2020-08-25 09:49:35.305,Vehicle Movement,0.6806349158,,,,,,,,,,,,,,,,
0.48123527,0.55066884,1.5615774,5.16675,7.7818871,9.6715336,9.7043886,10.147614,11.234482,11.89232,13.733185999999998,15.724294,13.361106,12.883769,10.993183,10.756276,12.513294,12.871072,12.648887,9.7992544,11.064028,11.955543,12.954629,9.165093400000002,7.376502499999999,3.7375579,0.97981215,0.91223812,0.93912506,0.47314483,0.21138839,0.2841455,0.4020991,0.5700556,0.48904854,0.27585554,0.30423674,0.35729554,0.47496024,0.53350198,0.61125702,0.74521625,0.98257357,1.2573783,1.2609217,0.81545746,0.3544988,2020-08-25 09:49:35.545,Vehicle Movement,0.6806349158,,,,,,,,,,,,,,,,
4.6563501,18.039017,21.955246,27.482616,25.785601,31.053373,29.438019,24.123714,17.337426999999998,11.372423,5.7361517,6.7994738,6.2723951,8.1466179,8.749506,10.402555,8.5289831,8.131987599999999,7.4811573,4.3096304000000005,3.6930683,3.6366446,3.9405472,2.7878439,2.2437894,1.1431736,0.32620174,0.33340383,0.30857152,0.16390546,0.24523827,0.50329834,0.565763,0.47207394,0.53122663,0.37094963,0.39148831,0.44655821,0.43779832,0.61496317,0.6911478,0.86819774,1.0553585,1.1730034,1.10232,0.66647851,0.37391022,2020-08-25 09:49:35.785,Vehicle Movement,0.6806349158,,,,,,,,,,,,,,,,
2.4560511000000003,7.7762594,9.4060793,11.327874,10.753177,12.719131,12.121365,11.642803,9.5620365,6.2721834,2.7104166000000003,3.4473245,3.4593867999999994,4.493069599999999,4.8255768,5.737275599999999,4.7039537000000005,4.485000599999999,3.6966133,2.3768725,2.0431986,1.4434662,1.2005725,1.0689129,1.0845996999999998,0.75300086,0.27148065,0.38922906,0.19195154,0.56416929,0.49885842,0.55058056,0.37417096,0.34918746,0.34971654,0.22897051,0.19062251,0.23840308,0.26721311,0.35421637,0.33929339,0.47896162,0.56187594,0.59445488,0.46189326,0.41699579,0.32969475,2020-08-25 09:49:36.026,Vehicle Movement,0.6806349158,,,,,,,,,,,,,,,,
1.3013788,2.4984331,3.0255075,3.568718,3.6669972,4.1628547,3.7030334,3.6282794,3.2479951,2.3448126,1.1815552,1.6390083,1.3390443,1.7732279999999998,2.093344,2.2424231,1.9769087,2.2723355,3.6047096,3.4048076000000003,3.7716918,4.2149129,3.6756556,1.8316655,1.8927177,0.72545105,0.67302001,0.68655872,0.27461958,0.41897902,0.37942266,0.40888742,0.28303546,0.33517349,0.27661803,0.21456763,0.32561415,0.30466235,0.25616148,0.30247617,0.21692602,0.2757425,0.22765815,0.30574703,0.27860776,0.30131486,0.26068339,2020-08-25 09:49:36.266,Vehicle Movement,0.6806349158,,,,,,,,,,,,,,,,
4.4686255,6.2507973,9.8816004,10.953321,11.222277,10.423832,10.115636,10.601191,11.135929,7.641817999999999,5.3537402,6.966297099999999,10.356975,13.415810999999998,13.872385,11.41548,10.014254,10.089684,9.8000164,8.629318199999998,4.866840799999999,4.472343,3.612463200000001,3.0689504000000003,1.3882313,0.3691909,0.81914723,0.90175271,0.69668949,0.56055146,0.3687035999999999,0.21945971,0.24012554,0.28165364,0.22910495,0.27341089,0.34219873,0.37243113,0.42449722,0.57556951,0.7169798000000001,0.57272267,0.50550425,0.29307881,0.38284093,0.20273258,0.3676331,2020-08-25 09:49:36.506,Vehicle Movement,0.6806349158,,,,,,,,,,,,,,,,
1.8323971,2.5928473,4.0821567000000005,4.6321859000000005,5.0030017,4.9034104,5.269341900000001,5.228331099999999,4.9279547,5.9610944,10.270875,14.189289000000002,17.488348000000002,18.011045000000003,20.419998,19.532072,21.319374,18.702776,17.094316,16.5681,16.152136,14.469485999999998,11.27568,13.364025,12.89722,9.8495531,1.0640415,0.79961789,0.49451965,0.45758581,0.9603554,0.95775664,0.63499379,0.28738108,0.40150779,0.31903476,0.39916569,0.37455183,0.41406739,0.45765376,0.54193145,0.45789862,0.45424944,0.34621349,0.42986211,0.35448244,0.36079398,2020-08-25 09:49:36.747,Vehicle Movement,0.6806349158,,,,,,,,,,,,,,,,
3.9574223,3.9421396,6.5191493,4.0832582,2.114783,1.7595087,2.0239186,1.7366427,4.5119319,5.4079766,4.2068405,5.8343782,8.7575331,7.586949799999999,11.919675,18.149216,18.006781,11.003295,7.403193499999999,7.589436999999999,8.5555859,6.8254685,5.3522463,5.5229988,5.8636122,5.0102172,3.9145284,4.081418,3.4973526,1.8458587,0.77483678,0.7466531999999999,0.62147117,0.37575683,0.29817888,0.39152589,0.50441486,0.54083252,0.48902294,0.40401569,0.61657405,0.56205791,0.5463146,0.43850157,0.3418453,0.33340004,0.42882502,2020-08-25 09:49:36.987,Vehicle Movement,0.6806349158,,,,,,,,,,,,,,,,
3.6298771,5.395794400000001,6.3126731,3.9572313,1.2289298999999998,1.0959538999999998,1.6284048999999998,2.3331404,9.665970800000002,4.0778379000000005,2.1621535,3.3002994,3.7110653,4.2808456,8.852119400000001,13.478476,13.372695000000002,8.171571700000001,4.6858401,2.3606911,3.4541135,2.7939708,3.8575578,2.4085584,2.2485795,1.6230537,1.4911885,2.0739546000000004,2.1643558,1.4001836,1.3807132,1.5597411,0.98294979,0.71911669,0.30670878,0.35732412,0.36803165,0.39412165,0.41904625,0.29464763,0.35815868,0.33742455,0.48667163,0.60382473,0.75571007,0.24810022,0.35540417,2020-08-25 09:49:37.228,Vehicle Movement,0.6806349158,,,,,,,,,,,,,,,,
3.0656347000000004,5.531268099999999,3.5635307000000003,2.1534417,3.1392913,3.1869137000000003,3.4524784,2.3801789,5.3310308,5.143513700000001,3.5941157,1.0513843,1.4968704,1.434728,2.7076592,4.0998912,4.0677152,2.5202737,2.011965,1.3686357,1.407959,1.1531725,1.272926,0.81364518,1.4729527,0.9727819,0.75647336,0.94375885,1.0525417,0.89834583,0.86904669,0.88777971,0.57744026,0.37864953,0.16705464,0.44036719,0.40267321,0.41666847,0.60456991,0.47859725,0.43120965,0.29519182,0.36688125,0.63840801,0.78323829,0.51421833,0.60180748,2020-08-25 09:49:37.468,Vehicle Movement,0.6806349158,,,,,,,,,,,,,,,,
2.465143,4.131053,2.6464481,1.5992486,2.3443103,2.5595801,2.7053707,1.8631909,3.4018757000000006,3.8789082,2.8377759,2.8992400000000003,6.188817,6.0925655,5.9196706,5.1315527,3.0432007000000003,1.3449141000000002,0.97516578,0.86423105,0.77652562,0.86979133,1.2316923,1.947549,1.5130716999999998,0.90319544,0.59149444,0.41292727,0.70658159,0.35046098,0.3988018,0.40581802,0.25914216,0.22100012,0.14787151,0.38908806,0.4392297,0.35932067,0.46096617,0.35388634,0.41303638,0.78448367,0.83741623,0.71101737,0.37582424,0.3033573,0.61878711,2020-08-25 09:49:37.708,Vehicle Movement,0.6806349158,,,,,,,,,,,,,,,,
2.492054,4.0626678,3.8193662000000006,2.9477227000000004,1.7938576000000002,0.93482566,1.6994166000000002,1.3836946,1.3400246999999998,1.8194884,1.6284858,3.0313132,5.8916645,7.686242599999999,9.029007,10.97023,8.9317875,6.538434,3.199321,3.2717826,3.844357,3.7858565,2.2559159,3.9269867,5.7379804000000005,5.0585208,3.691586,1.6915147,1.1449109,0.77359045,0.33272669,0.4182094,0.232263,0.21242048,0.1994385,0.22364704,0.26757595,0.23457009,0.19251132,0.31454289,0.24264619,0.57829452,0.91988021,1.1269023,0.94851923,0.76288438,0.32167143,2020-08-25 09:49:37.949,Vehicle Movement,0.6806349158,,,,,,,,,,,,,,,,
8.3530054,9.0977507,4.6307049000000005,6.2095137000000005,9.3670816,11.722045,9.5710888,5.2839785,4.7162509,10.910786,19.012259,21.603889,15.846879,6.1693845000000005,4.9797292,6.050363099999999,4.926110700000001,3.606114100000001,1.9883496,1.9821618000000003,2.1828768,2.0879972,1.2441956,1.1991462,1.768521,1.5549343999999998,1.377299,0.76633018,0.52106678,0.35302162,0.38071761,0.39698604,0.43050489,0.30473197,0.26150295,0.35691813,0.33179757,0.3302229,0.42488387,0.45061311,0.29009801,0.55676633,1.1011286,1.3639814,1.2348946,0.95250249,0.48493046,2020-08-25 09:49:38.189,Vehicle Movement,0.6806349158,,,,,,,,,,,,,,,,
4.606896900000001,5.0176435,3.2581317000000003,4.6114821,6.297225,7.3837147,5.9118404,3.753535,3.5025136,7.169608599999999,10.822342,11.96199,9.2621107,3.7156472,2.355078,2.5019238,3.6624753,5.0133109000000005,6.3174148,5.4655466,3.3537941,1.3994241000000005,0.37846038,0.40574995,1.2585615,1.0091324000000002,1.3512535,3.3223903,3.9980578,3.0278792,0.99130529,0.60727715,0.54620463,0.58362097,0.45308435,0.30492386,0.34273317,0.32135105,0.34404749,0.33889967,0.27184659,0.28116691,0.46948797,0.50765675,0.44368142,0.37197971,0.29420978,2020-08-25 09:49:38.429,Vehicle Movement,0.6806349158,,,,,,,,,,,,,,,,
1.8294727,1.5262702,1.3547895,2.003279,2.0033624,2.4540956,1.7982676,1.2143794,1.1285335,2.1808562,3.2919474,3.6386056,2.8173549,1.1302284,0.73802656,0.83223659,1.1167165,1.5249522,1.9216354,1.6868643,1.0201594,0.42567781,0.18831518,0.13297045,0.41040692,0.31576231,2.2639329,3.8964338,3.9428246,2.9377935,0.64447892,0.46097976,0.42039213,0.47971192,0.34695053,0.40792266,0.49074036,0.4214071,0.36612672,0.34877002,0.30959389,0.45055604,0.58059847,0.63245952,0.64287436,0.39927042,0.29571041,2020-08-25 09:49:38.670,Vehicle Movement,0.6806349158,,,,,,,,,,,,,,,,
4.4534292,1.2223446000000002,1.3030742,4.5397563,9.8245325,16.802887,16.518709,12.479988,10.860091,7.8317189,4.5712948,1.5416487,1.3457928,0.99333608,1.1606572,3.4354451,4.1830955,6.1066136,6.520151599999999,5.7388244,3.4002161,2.1089132,2.0987415,1.6219513,2.0770307,1.9851694,2.9354447999999995,3.5971684,3.602114,2.0849135,1.654454,1.2671238,1.3844504,0.68347704,0.30229351,0.38422006,0.30050293,0.29178855,0.28093722,0.29256815,0.25255209,0.33460444,0.36509451,0.43950543,0.48719409,0.35790545,0.2677539,2020-08-25 09:49:38.910,Vehicle Movement,0.6806349158,,,,,,,,,,,,,,,,
1.657372,1.4223617,5.838213400000001,13.338356,20.27112,21.354057,22.427614,24.727121,28.973143,25.780836,18.548204,15.11744,9.7823191,9.1494513,10.829214,13.909479,15.370621,13.581585,8.1933908,2.3377008,3.0011330000000003,4.4696503,5.349319,7.2802601,9.8038664,8.973896,7.122737400000001,6.198947,4.6642971,2.484261,1.2385225,0.98790413,1.1979394,0.65049458,0.33729511,0.25563157,0.35125729,0.4104906,0.64452034,0.74962223,0.92681557,0.93918449,0.41487592,0.37294462,0.40900692,0.27976683,0.31953055,2020-08-25 09:49:39.151,Vehicle Movement,0.6806349158,,,,,,,,,,,,,,,,
1.8911625,3.7614567,2.9313392999999994,5.6018162,8.3052616,8.864825199999999,9.3217888,10.218791,11.86709,10.559556,7.5971475,6.1919427,4.0067339,3.7475171,4.4355311,5.6971745,7.5165443,9.2693825,8.0537844,6.690218400000001,5.4246759,4.5790367,3.9851754,5.420881700000001,5.840578099999999,5.5108356,4.080586,3.4188783,2.6301894,1.4007635,0.86096144,0.88170427,1.1686938,0.8667224,0.31539419,0.29802024,0.65193367,0.46048874,0.49003249,0.59475386,0.71957076,0.87130225,0.8619351999999999,0.76922369,0.93498456,0.80766076,0.62032801,2020-08-25 09:49:39.391,Vehicle Movement,0.6806349158,,,,,,,,,,,,,,,,
112.26305,104.93549,61.33650600000001,68.773651,94.425423,122.43266,126.67949,129.45506,131.89001000000002,117.20358,119.57661,110.52541,141.34283,147.13976,148.31381000000002,144.59332,144.6799,146.56429,136.89229,109.39508,102.76973,85.365639,81.646225,93.652199,108.05313999999998,103.74553,83.323181,71.514877,67.315102,74.00864399999999,81.459564,71.297821,49.850105,36.986263,36.490669,35.83886,31.067453000000004,30.959801,28.216089,26.721619,27.148603,25.505726,26.564251,23.169291,19.273232,15.927705,9.9211359,2020-08-25 09:49:39.631,Vehicle Movement,0.6806349158,,,,,,,,,,,,,,,,
84.913383,83.08744,57.093906,65.59693100000001,73.81094399999999,85.51037600000001,85.640259,86.007172,83.953331,73.335464,71.79303,70.190361,92.463585,96.230873,95.535797,90.197739,84.892616,80.482109,77.67429399999999,61.639091,52.894711,38.253201,36.448895,43.20631,50.419373,55.27647,45.687962,40.95816,33.994484,35.426853,40.911774,40.729675,36.329216,35.815681,31.528416,29.074169,23.924707,22.992226,20.954617,19.844751,20.161852,18.941769,19.727882,16.399641,14.041741,9.647507699999998,7.0882931,2020-08-25 09:49:39.872,Vehicle Movement,0.6806349158,,,,,,,,,,,,,,,,
25.998991,25.303473,17.366861,19.953312,22.451859,26.010595,26.050108,26.161718,25.536972,22.30723,21.838043,21.350542,28.125629,29.271568,29.060141,27.436399,25.822687,24.481098,23.627012,19.342682,17.074182999999998,12.0639,11.224163,13.14542,15.336598,16.81403,13.897394,12.458676,10.340462,10.776162,12.444569,12.389179,11.050644,10.919554,9.9253578,9.334856,7.4267993,7.092107799999999,6.3739872,6.0663657,6.1701055,5.8439655,6.1848617,5.7658768,5.0769267,4.0328889,2.8739953,2020-08-25 09:49:40.112,Vehicle Movement,0.6806349158,,,,,,,,,,,,,,,,
8.0501289,7.860071700000001,5.2959604,6.776430099999999,8.1097317,9.386198,9.1953878,9.073472,7.7678523,6.785425699999999,6.642709299999999,8.633523,10.833187,10.674236,9.473562199999998,8.345621099999999,7.854762599999999,7.4466753,7.1918783,5.9195175,5.2096205,3.669605,3.4141731,4.079725700000001,4.8145051,5.2671585,4.3895597,3.8966687000000007,3.2260435000000003,3.294579,3.7948635,3.7685483,3.3613915,3.3215168,3.0191016,2.8596249,2.2719352,2.2081363,1.9388435,1.9381188000000005,2.0028222,2.1193535,2.2175415000000003,2.7851644,3.0393879,2.6921852000000004,1.6472949,2020-08-25 09:49:40.353,Vehicle Movement,0.6806349158,,,,,,,,,,,,,,,,
3.100853,2.7026353,3.7975795,5.032500700000001,6.0226755,6.970638799999999,6.8289337,6.7841706,5.8046956,4.2614908,4.895268,6.4116664000000005,8.0452423,7.9271989,7.0355201,5.5180831,3.7394671,2.8166237,2.7242851000000003,2.6569805,2.5201283,2.0965648,2.7225373,2.8750842,3.3077695,2.2532177000000004,2.133925,1.2143813,1.0411023,1.088398,1.3546493,1.169643,1.0667402,1.0130991,1.0762229,1.0303699,0.84110045,0.71323419,0.59827888,0.59508842,0.64001387,0.70795214,0.67453319,0.84719318,0.97135949,0.83963239,0.50107533,2020-08-25 09:49:40.593,Vehicle Movement,0.6806349158,,,,,,,,,,,,,,,,
2.5487669,3.8977611,6.4974003,6.3047762,5.8580585,2.3701656000000004,3.5793699999999995,3.6379528,4.6839123,3.4639311,2.967412,3.2211249,4.1316848,3.7576284,2.6694372000000004,2.1229868,2.528017,3.4661007000000006,5.0442085,5.926416400000001,6.6980557,6.238110099999999,5.5315652,7.142489,7.2147436,5.2172017,2.9262357000000003,1.2145487,0.68630743,0.58728659,1.0060273000000002,0.8167631,0.79263639,0.7076062,0.98100835,1.1157343000000002,0.87539911,0.99179554,0.80173123,1.0255154,0.96794569,0.62906551,0.39821967,0.38662475,0.29562646,0.4032644,0.40341136,2020-08-25 09:49:40.833,Vehicle Movement,0.6806349158,,,,,,,,,,,,,,,,
28.013321,12.457295,12.16504,10.246194,10.403554,8.0995131,6.5216541,5.5422673,7.1057048,4.344955400000001,3.8883028,4.486194599999999,6.4443154,6.8026128,10.445979,10.266324,11.713139,12.088643,13.625566,15.750406,17.677053,17.475119,15.652025,14.377364000000002,13.008656,8.186573,5.020147799999999,1.9689291,1.8821476,4.186213,5.1121697,4.7696719000000005,2.9555671,1.2107654,0.98713911,1.8371971,1.9165756,2.8036816000000004,2.8312354,2.8962603,2.1317682,1.5636486,1.2111573,0.59660518,0.30531648,0.20013934,0.23974235,2020-08-25 09:49:41.074,Vehicle Movement,0.6806349158,,,,,,,,,,,,,,,,
20.821136,9.2513828,9.0343409,7.609313,7.726174799999999,6.0150847,4.8432922,4.115952500000001,5.277035700000001,3.2267711,1.5938345,1.8834888,2.9891808,4.5216222,4.750493,4.6920328,5.2336445,4.346971,4.4029050000000005,5.1875324,5.720078,5.6112781,4.761042099999999,4.3733153,4.079602700000001,2.83321,1.8017243000000005,1.0782424,1.3977727,2.987046,2.8611326,2.7560658,1.7966986,1.0535823,0.84840178,1.3840811000000002,1.6343707,2.2211628,3.149785,3.185267,2.5162668,1.0144699,0.68370438,0.47492358,0.52177244,0.75210798,0.80927563,2020-08-25 09:49:41.314,Vehicle Movement,0.6806349158,,,,,,,,,,,,,,,,
6.333385900000001,2.814091,2.7480714,2.3146055,2.350153,2.4580219,2.1465003,1.770848,4.9349165,4.2897248,4.6724153,0.84955996,1.2243369,1.8520085,1.9457513,1.5680515,3.2923017,4.9556012,6.792962599999999,7.4265356,6.4764862,5.0472198,3.9088244,3.4688675000000004,8.654955900000001,4.422924,3.0915987,2.0368426,1.4615566,1.4490757,0.93941963,0.95259905,0.78873259,0.44462156,0.37158942,0.47619477,0.57166433,0.75778615,1.011736,1.0079905,1.2155432,1.415009,1.8413732,1.5890347,1.3505396,0.90499628,0.55412501,2020-08-25 09:49:41.554,Vehicle Movement,0.6806349158,,,,,,,,,,,,,,,,
14.773284,14.194338,8.3581533,7.4217649,8.948589300000002,6.6373696,4.494627,3.2199669,3.300755,2.3149948,2.8779254,4.0565057,4.9267783,4.3822169,3.1280212000000005,2.7485285,2.1410868,2.5685735,3.3359308,3.4606504,3.1046515,4.2053595,3.5306792,2.1691599,3.9145052,2.7540214,4.0320845,4.694147599999999,4.2132053,2.8556433,0.46599367,0.4349636999999999,0.34486237,0.31791651,0.50968027,0.40054974,0.47468591,0.45185578,0.52485448,0.44364089,0.67694706,0.86382318,1.121161,0.96764809,0.81072778,0.53254718,0.36977023,2020-08-25 09:49:41.795,Vehicle Movement,0.6806349158,,,,,,,,,,,,,,,,
10.971348,10.541392,5.8919787,4.0932941,4.935378099999999,3.6606801,2.4789028,1.7758948,1.2942121000000002,1.0952293,2.1372848,3.0125551,3.6588607,3.2544439,2.3684664,2.0411885,1.4738201000000002,1.0471743,1.3388059,1.431874,2.2905691000000004,4.0132871,3.5614791,3.1632111000000003,2.4677749,2.2315955,3.5283642,4.784416200000001,6.0056095,3.9984927,0.49476627,0.26765409,0.20773219,0.54395765,2.2849393,2.3987052,2.5854657000000003,3.2668507,3.3049536,3.4148259,3.5670414,3.0709445,3.2596374,3.7444506,3.6947665,3.4031391,2.0404637,2020-08-25 09:49:42.035,Vehicle Movement,0.6806349158,,,,,,,,,,,,,,,,
3.3372712,3.2305961,1.816119,1.2451012,1.5012463,1.1355674999999998,0.80346757,0.60497081,0.39367458,0.34079671,0.66260302,0.91636097,1.1165795,0.99189144,0.72044152,0.64171839,0.44830766,0.31853029,0.40723905,0.43554851,0.69674683,1.2207642,1.0833328000000002,0.96218759,0.75064927,0.67880809,1.075125,1.4553266000000002,1.82679,1.2833424999999998,0.21302368,0.14682907,0.0997191,0.22614838,0.85317111,1.0264239,1.066511,1.3380673,1.3536741,1.3986763999999998,1.4610221,1.2578263,1.3351129,1.3354537,1.213576,1.1508077,0.90273172,2020-08-25 09:49:42.276,Vehicle Movement,0.6806349158,,,,,,,,,,,,,,,,
2.4348907000000004,1.9611897,1.8983488,1.6454253,3.3404155,5.0075183,5.2890263,5.4285917,3.4459696,2.2426162,0.81727386,0.67529231,0.75251526,1.1433458,1.5545862,1.2139723999999998,1.3280988,1.1043152,0.71330774,0.60944384,0.7325927,0.82079059,0.56395239,0.63046217,0.49531496,0.44186741,1.1178902,1.865382,2.471077,3.0146625,3.1939425,2.6275907000000003,1.6029891,0.32010671,0.36272675,0.41464958,0.59055889,0.76886493,0.70191944,0.56409156,0.50812483,0.45745355,0.54207057,0.57575566,0.54198039,0.4318380999999999,0.45799154,2020-08-25 09:49:42.516,Vehicle Movement,0.6806349158,,,,,,,,,,,,,,,,
8.2019548,9.5251236,5.7122216,1.9773642,2.0205684,2.8697093,3.4893112,3.6795955,2.8246517000000004,3.2804778,9.4789705,10.699757,7.766851400000001,1.7745299,1.6078378999999998,1.7995453,2.8150959,5.1769013,4.3091559,5.0591607000000005,6.6898332,7.4183226,6.2135882,4.6605587,3.929842700000001,4.5093389,5.582037000000001,5.1521249000000005,2.7680407,2.1529553,1.6328969,1.945128,4.7147083,3.8155122,2.1655869,3.1976118,3.9921336,4.0019054,3.3913863,2.7823129,2.0263343000000003,0.6010139,0.96697605,1.6475631999999998,2.8175194,3.2359159,4.0852923,2020-08-25 09:49:42.756,Vehicle Movement,0.6806349158,,,,,,,,,,,,,,,,
3.6712258,3.803136100000001,3.3661714,2.6807327,1.5005705,1.7366526000000002,2.0128386000000003,2.0756304,2.0977213,2.4362395,6.008003700000001,6.6324234,5.5732284000000005,3.8816056,6.1085825,4.989180999999999,7.551463099999999,9.963527699999998,12.075058,11.199024,11.273029,9.2469788,6.5383267,4.464489,3.4313152,2.5308955,3.0786371,2.8415294,1.1617362,0.99705607,1.2126671999999998,1.4445446000000002,2.8775017000000003,2.2691178,1.7725677,2.754724,3.2907233,3.2227206,2.5528567000000004,2.1937017000000005,2.0643904,2.4929106,3.2462211,3.3887856,3.6261845,2.8736212,3.0548317000000003,2020-08-25 09:49:42.997,Vehicle Movement,0.6806349158,,,,,,,,,,,,,,,,
1.8219494,1.5683793,1.8565302,1.5307565,1.2180748,1.5117201999999998,1.7877886000000005,1.9481039,2.0002906000000005,1.4362366000000002,2.7593257,3.1154895,2.2968898,1.5898643999999995,2.5020103,2.0435157,3.0929995,4.094409,5.1815057,5.1057963,4.878528599999999,4.799703599999999,5.5074778,5.0620079,5.8222041,3.8889902,3.6466818,2.0504746,0.4044615,0.3856979,0.51081932,0.64035916,1.0155141,0.72390354,0.72127414,0.99398673,1.1094507,0.99361694,0.80781776,0.72302008,1.533115,1.8531184,2.4107988,2.5380459,2.6929781000000004,2.1340888,1.542869,2020-08-25 09:49:43.237,Vehicle Movement,0.6806349158,,,,,,,,,,,,,,,,
1.8640655,1.1300229,0.75756717,0.65865767,0.49891058,0.77192521,0.87264067,1.0175194,1.0895766000000002,1.9272423,2.9926202,2.7401683,0.96419632,0.52576613,0.76106328,0.94610691,1.1211437,1.6327015,1.8867246,2.9942262000000004,3.7468719,4.2760482,3.7190874,2.9112332000000003,2.3847125,1.5928888,1.4936417,0.87751001,0.17129678,0.34725016,0.34909359,0.41335702,0.55516207,0.41412169,0.3155387,0.40008062,0.43918109,0.3756315999999999,0.349314,0.28078252,0.50059801,0.59021819,0.73331833,0.81897557,0.84907526,0.72760659,0.66048896,2020-08-25 09:49:43.477,Vehicle Movement,0.6806349158,,,,,,,,,,,,,,,,
13.155895999999998,13.370456,12.819562,12.136425,10.403074,14.187278,14.9134,13.356548000000002,9.3905468,6.3066525,10.608447,14.181493,21.45676,33.001144000000004,38.214344,39.862202,32.811565,26.663578,16.286163000000002,9.6305285,4.5213022,3.1755974,2.761972,2.1620207,1.4686397,0.92174166,0.74759763,0.59384155,0.22949946,0.61566848,0.60136598,0.51950896,0.45893377,0.38337567,0.30919978,0.592834,0.55253947,0.84054291,0.84757972,0.95130259,1.8677788,2.1032178,2.4439824,1.4149497,1.0642163999999998,0.32056138,0.30852705,2020-08-25 09:49:43.718,Vehicle Movement,0.6806349158,,,,,,,,,,,,,,,,
5.4161105,5.8364134000000005,5.5218983,5.1428308,4.5999465,6.3333979000000005,6.3047361,6.189361099999999,4.366251,2.7557468,4.3451066,5.8085885,8.788459800000002,13.983303,16.066662,16.480068,13.439267,10.982985,6.6706386,3.9445615,1.8518772,1.4346663999999998,2.9466991,3.6613569,4.450021700000001,4.9474711,4.6826439,4.3063025,2.3985641,1.4453858,0.80722558,0.72655123,0.87108839,0.81081116,0.24836217,0.39968121,0.34394062,0.47504088,0.52237701,0.56849933,1.141355,1.2357184,1.4024428999999998,0.82260406,0.58948523,0.28912604,0.26341239,2020-08-25 09:49:43.958,Vehicle Movement,0.6806349158,,,,,,,,,,,,,,,,
1.6474758000000005,1.7753241999999998,1.679655,1.5770686,2.1630092,2.0272696,3.2709146,8.1408243,10.835129,10.108118,6.5605655,1.8758636,2.7821126,4.253449900000001,4.8871665,5.012917,4.0879650000000005,3.3408115,2.0290792,1.7432818,2.3886013,1.8555385,1.414474,1.7637678,2.1540434,2.5017996,2.2404366,1.8510456,0.98258859,0.59201461,0.33063105,0.36692822,0.53823918,0.41444996,0.34986287,0.32385671,0.59501278,0.57626826,0.58785194,0.36898404,0.49288362,0.53349608,0.89771223,0.95378375,0.75071931,0.69614214,0.54568446,2020-08-25 09:49:44.199,Vehicle Movement,0.6806349158,,,,,,,,,,,,,,,,
0.5672552,0.54001927,0.8132691999999999,1.7292396,2.0586658,2.3323848,3.3563588,6.0457654000000005,8.046684299999999,7.506772,5.5042663,5.3384695,5.1795449,5.616951,6.922393799999999,6.9684515,6.9346418000000005,6.710325699999999,5.1702013,5.2323403,5.663484599999999,5.346621,5.5552173,5.706625900000001,5.920651,5.2739167,4.4439745,3.5398345,2.7196724,1.915476,1.3169638,0.82133621,0.69147897,0.32361376,0.4096151,0.41304395,0.50715297,0.41451403,0.4836219,0.37220854,0.39767459,0.2656247,0.45398927,0.44888461,0.33526593,0.3459301,0.29890153,2020-08-25 09:49:44.439,Vehicle Movement,0.6806349158,,,,,,,,,,,,,,,,
5.9196715,5.844167700000001,8.9009838,6.0332623,4.3253198,8.5892954,8.4568005,7.420675800000001,5.024188,2.8585026,3.0643258,3.104142,2.8566523,2.7644193,3.2023966,3.3348713,6.6165414,8.940728199999999,11.303209,8.4864769,9.425293,8.9978027,8.7304926,6.1357598,5.0026894,3.0152946,1.7320644,1.0875924,1.0396421,0.84236145,0.89908832,1.1212342,0.94796515,0.70134991,0.46794993,0.73311538,0.51571167,0.52646625,0.38509321,0.5641883000000001,0.88103259,1.5068727,1.7191805,1.6766737,1.5032384,0.76807964,0.43342513,2020-08-25 09:49:44.679,Vehicle Movement,0.6806349158,,,,,,,,,,,,,,,,
3.2860506000000003,3.2743571,4.9423962,3.3274994,2.4371295,4.9773426,5.129457,6.2676239,5.4101472,5.231267,4.8461094000000005,7.5684061,5.7761569,7.370976400000001,8.9392462,6.8016491,7.167475200000001,8.0030489,8.3943033,6.302464,6.999672400000001,6.682198,6.4836802,4.5567083,3.78479,3.175102,2.1814647000000003,1.6850483,2.9776928,2.1976361,1.6037006,1.3045669,0.84187508,0.49362135,0.37444413,0.57220149,0.41024396,0.41995654,0.41066521,0.44215417,0.66536564,1.0057417,1.0952034,0.97031426,0.85350192,0.53977752,0.27654886,2020-08-25 09:49:44.920,Vehicle Movement,0.6806349158,,,,,,,,,,,,,,,,
4.9837184,12.299766,13.337665,14.055185,14.442263,17.374487,16.743011,13.984917,8.6442022,9.8631105,10.128768,10.578548,7.4126997,5.1284947,4.441631299999999,5.6891108,6.9043283,8.5762272,9.507209800000002,12.234941,12.360237,11.672189,8.243825900000001,6.8672247,8.4843006,8.1598873,6.7018266,4.396625,3.5968463,3.6284091,3.073334,2.8747792000000003,2.0668321,1.2884088,0.21034451,0.35183257,0.42055807,0.34312016,0.42642674,0.3906382,0.40103868,0.34663877,0.43317074,0.45778641,0.39339787,0.57179672,0.60727537,2020-08-25 09:49:45.160,Vehicle Movement,0.6806349158,,,,,,,,,,,,,,,,
19.719896,23.655565,20.003122,13.545273000000002,10.736356,12.903125,12.43416,10.618608,6.9342871,9.8007002,8.718923599999998,8.6287699,5.8888292,4.6326985,4.8331642,4.5855222,4.047393799999999,4.7300096,5.2510209,7.379331599999999,11.073558,13.058773,11.013513,8.8274069,5.8203273,4.6070747,3.7041872,3.2974448,3.2491753,4.2093620000000005,4.4587808,3.6920061,2.6503096,1.1712577,0.21790478,0.39116424,0.71963274,0.92943376,0.95872903,0.70371127,0.58067489,0.33511508,0.47270447,0.68809241,0.81344676,0.37090045,0.41520804,2020-08-25 09:49:45.400,Vehicle Movement,0.6806349158,,,,,,,,,,,,,,,,
5.9984102,7.1955652,6.099156400000001,6.855001400000001,8.4606295,13.794862,10.83593,7.7647762,3.2111645,3.1583157,2.9706242,3.3135757000000003,4.939321499999999,7.2166576,9.1985188,7.619005199999999,4.785985,3.0999165,2.0311236,2.2446494,3.410346,4.0370579,3.3500974,2.6851263,1.7883790000000002,1.471226,1.2420456,1.3587096,0.98833603,1.2804064,1.3754654,1.2310108999999998,0.87368172,0.50405037,0.25740275,0.48623157,0.70547849,0.87353808,0.96381068,0.75014198,0.67911077,0.26598969,0.3765083,0.55637079,0.62085891,0.33676055,0.32620758,2020-08-25 09:49:45.641,Vehicle Movement,0.6806349158,,,,,,,,,,,,,,,,
3.2148466,2.8095436,2.6188591,2.1655204,2.5735598,4.944562,4.0072646,2.5995576,0.97677439,0.96069908,0.90360677,1.007926,1.9122671,2.9558663,3.7676148,3.1206632,1.9602884,1.0956253,0.78668946,0.68308491,1.5435035,1.776644,1.4007568,0.93357563,0.63654625,0.549842,0.68502015,0.75988013,0.50526506,0.6038604999999999,0.58993053,0.54432362,0.38138819,0.29064205,0.33389631,0.33444032,0.28328773,0.31529057,0.37714416,0.38385853,0.40199322,0.20295726,0.24437356,0.23299317,0.30121481,0.46132499,0.49062806,2020-08-25 09:49:45.881,Vehicle Movement,0.6806349158,,,,,,,,,,,,,,,,
5.53196,3.6334994,0.7966063,1.5872364,2.5818832,9.2084913,9.8452625,8.443580599999999,3.5373251000000003,1.8136481,3.0758317,5.578216599999999,7.2229385,6.754344000000001,8.0956192,7.7174067,6.4436655,2.4080677,0.93177003,1.8268176,3.4640243,4.0571628,3.5431101000000003,2.7459919,1.7662088,1.6647949,2.1392894,2.2293813,0.72073495,0.96467042,1.156662,1.2899268,1.0317106,0.65512288,0.37333444,0.37124607,0.34107989,0.28392687,0.30906385,0.31159818,0.29828286,0.4678911,0.52339429,0.52555919,0.45568818,0.41273081,0.61200362,2020-08-25 09:49:46.122,Vehicle Movement,0.6806349158,,,,,,,,,,,,,,,,
3.173703,6.1083102,7.1297064,1.9717031000000005,1.2416315,3.7717004,4.0325141,3.4584010000000003,1.4488508999999998,0.74285114,1.2598281,2.2913945,2.989676,2.7878211,3.4175594,3.4195983,2.9909499,3.9493654,4.2029352,1.7637699,1.6846328000000002,1.9641613,1.8470105,1.5561552,1.0398945,0.71686041,0.88764131,1.0785242,0.64657623,0.69872546,0.85615569,0.78165609,0.85670668,0.45593223,0.30709019,0.32266241,0.36734948,0.25751078,0.2612249,0.27377486,0.23227978,0.3833112999999999,0.4425638,0.44580829,0.42965811,0.32433462,0.39612576,2020-08-25 09:49:46.362,Vehicle Movement,0.6806349158,,,,,,,,,,,,,,,,
11.753721,20.442659,22.577168,14.912726,15.845686,17.115054999999998,19.366484,21.755999,26.179308,27.388746,30.183331,33.054047,38.920834,38.293556,37.992977,37.753963,34.940075,36.124367,33.035042,31.962097,32.26643,33.721088,32.387671999999995,31.429634000000004,28.944702000000003,24.457979,17.843287,12.277776,8.3162804,6.919274799999999,6.4115338,5.5182605,4.1771455,2.5668621,1.0666417,1.2544723999999998,1.3719351,1.1585283000000002,1.192718,1.1558886,1.0228758,0.59213936,0.64416921,0.74658453,0.75101948,0.68609834,0.71308875,2020-08-25 09:49:46.602,Vehicle Movement,0.6806349158,,,,,,,,,,,,,,,,
4.3220038,6.2182612,7.0705385,5.1851683,5.6709504,6.2856741,6.643696799999999,7.1109924,8.3172197,8.965904199999999,11.072443,12.448605,13.272761,12.220042,11.759273,11.50717,10.628092,11.174416,10.587677,10.240886,10.847704,11.583775,11.088815,10.305262,9.3580275,7.6142125,5.4999442,3.7371852,2.6041851,2.2031283,2.0747817,2.0737629,1.6201974,1.0485538,0.70586544,0.69344753,0.76758581,0.80833828,0.72422606,0.72689915,0.64942396,0.46291563,0.48977208,0.47251636,0.49695867,0.55317676,0.59669608,2020-08-25 09:49:46.843,Vehicle Movement,0.6806349158,,,,,,,,,,,,,,,,
2.7424607000000005,7.962194900000001,8.76507,11.279718,13.391570000000002,15.179513,14.567473,15.026317,16.060198,16.973995000000002,17.278843,14.025995000000002,10.637278,7.867221799999999,6.555521000000001,5.1422682,4.0623822,3.6832018,4.1000466,3.7025583,3.3026612,3.703506,3.8941333,4.0702343,3.6572256,2.3160958,1.6729766,1.1486516000000002,0.90392268,0.7006433000000001,0.70909381,0.72394282,0.66302729,0.3803528,0.44339484,0.44322219,0.46181369,0.67365348,0.44614679,0.47222728,0.30760318,0.21971214,0.2866745,0.2851052,0.42510164,0.41081551,0.32420415,2020-08-25 09:49:47.083,Vehicle Movement,0.6806349158,,,,,,,,,,,,,,,,
6.8278546,12.061936,9.3269463,12.188712,13.580070999999998,16.067106,17.626923,17.144196,16.783676,16.108366,16.732716,16.716963,13.913085999999998,12.32975,8.9441776,6.506825,4.7608361,4.1744008,3.326144,2.7496967,3.1573205,3.4585352,3.6427352,4.9174728,6.7276788,5.1051693,2.9961171,1.6392203999999997,1.4828983999999998,1.404359,1.4171158,1.1385583,1.0232092,0.4280633,0.45829204,0.41096252,0.32020256,0.3329665999999999,0.28397807,0.30584255,0.3016277,0.27745104,0.33996415,0.35571107,0.42526552,0.46282092,0.27071649,2020-08-25 09:49:47.324,Vehicle Movement,0.6806349158,,,,,,,,,,,,,,,,
40.07568,35.175613,28.010946,18.791889,16.813309,13.512111,12.275405,10.488718,10.339858,6.8015084,6.853541900000001,6.8470898,5.6986523,5.4362655,8.0848083,10.33702,18.686583,23.345224,25.85141,24.521049,26.266441,29.625223,26.161957,24.703337,25.533588,28.353691,28.205063,30.892025,29.108519,26.93611,22.288002,20.848358,13.753212,6.8577685,1.2837421999999998,1.4706389,1.7152221,3.7564678,4.1885905,3.4198561,2.6497428,0.47688994,0.75269198,2.36532,2.4010377,2.2434316,1.3913799999999998,2020-08-25 09:49:47.564,Vehicle Movement,0.6806349158,,,,,,,,,,,,,,,,
35.13628,27.634163,20.802265,13.955754999999998,12.486368,10.034739,9.1163015,7.789422,7.085892200000001,8.9196415,12.078355,17.304907,13.52944,3.7646172,3.3421483,5.8339148000000005,13.877548999999998,17.337282000000002,19.198494,18.210505,19.506714,22.448381,19.589462,18.345879,18.962465,21.056799,20.950012,23.66077,22.380718,20.608658,19.836489,20.074776,14.63723,6.7870984,1.1049471000000002,1.1354717,1.4558897,2.9100807,3.4059505,2.5938692000000003,2.2940307,0.5948469,1.2220112,3.0669217,3.2394829,2.5185456000000004,1.3392866,2020-08-25 09:49:47.804,Vehicle Movement,0.6806349158,,,,,,,,,,,,,,,,
10.961315,8.448176400000001,6.3910775,5.4410992,5.6802425,5.4607172,4.1048574,3.9000399,6.1602731,9.2679815,9.3500299,7.599883099999999,6.216489299999999,4.453685299999999,5.040038099999999,13.689819,18.395374,21.867525,16.792585,16.693296,17.118446,13.907131,10.242796,8.6390152,8.4109631,7.3873858,7.345774700000001,9.5281982,8.8591776,7.9229932,6.7660928,6.2542205,4.5049486,2.0915253000000003,0.40341595,0.37434179,0.45955971,0.88519007,1.0691084,0.81963873,0.73559582,0.39975929,0.56496376,0.97269213,1.031199,0.82223862,0.47159529,2020-08-25 09:49:48.045,Vehicle Movement,0.6806349158,,,,,,,,,,,,,,,,
3.8154209,3.3126142,2.5828362,2.2286167000000003,2.3265674,2.2366521,1.6813068,1.5974153999999998,2.5231826,3.7960668,3.8296731,3.1220353,2.8592815,2.9073071,2.4010582,7.5502882,10.145521,12.060502,9.2615433,9.2067823,9.4412651,7.670140299999999,5.6491661,4.7646389000000005,4.6388621,4.0743332,4.0513835,4.398109,3.2295294,2.5890129,2.0581143,1.9968715,1.5485538,0.84965378,0.25107226,0.35301375,0.35127255,0.44360191,0.47770709,0.54256856,0.62739468,0.60333931,1.1159047,1.0473233,1.018392,0.68916374,0.55740047,2020-08-25 09:49:48.285,Vehicle Movement,0.6806349158,,,,,,,,,,,,,,,,
5.805966400000001,4.401616099999999,3.6879742,2.3768468,1.599422,1.0733539,1.0081884,1.1717681,1.4861954,1.7387938000000005,1.7296261999999998,1.6117507,1.7788099,2.0049531000000003,1.9171826,2.6947076,3.1100318,3.6685708,2.8221872,2.8005247000000004,2.8718491000000004,2.3331082000000003,1.9530374,2.3631909,2.7213297,1.8485746,1.5562024,1.377619,1.0441824,0.85577548,0.68843257,0.61503351,0.48926818,0.4012416,0.30459812,0.31573299,0.28591192,0.27924567,0.36316621,0.41527927,0.39618617,0.37570864,0.64663857,0.72740877,0.64057642,0.38598859,0.52447432,2020-08-25 09:49:48.525,Vehicle Movement,0.6806349158,,,,,,,,,,,,,,,,
2.378062,1.8028551,1.625766,1.2125826000000002,0.85846698,0.51064289,0.56388909,0.45393381,0.5822475,0.58572239,0.52611899,0.53163725,0.72895527,1.2986144,1.7833846000000002,2.8310056,3.601778,4.252833799999999,4.0012989,3.2687633,2.2181661,2.0546794,2.369446,2.6694446,2.0784934,1.3728397,1.1557102,0.68392843,0.4413496,0.37968767,0.4884164000000001,0.52458698,0.40774921,0.34541878,0.27422145,0.31083328,0.38906169,0.34925464,0.38437471,0.3287245,0.30564508,0.26807931,0.35922253,0.40118465,0.42586392,0.34563363,0.41535583,2020-08-25 09:49:48.766,Vehicle Movement,0.6806349158,,,,,,,,,,,,,,,,
1.8133273,1.6479613000000002,2.3951969,3.3203001000000003,3.5456884,2.7071733,2.8851378,3.3600686,5.571114499999999,6.0728617,5.8206754,4.3358779,2.734596,2.7926486,2.5506885,2.471015,2.9321072,3.1565456000000003,3.3940928,4.1378121,3.6865377,3.2660515,1.8125494,2.4130297,2.1005135,1.2953477,0.54951888,0.3987115,0.38925534,0.46036747,0.503555,0.60254991,0.36539519,0.25723821,0.17316666,0.23775528,0.2920592999999999,0.30602479,0.28274652,0.26508,0.29728425,0.46713755,0.38653797,0.22256297,0.23606519,0.18489775,0.26813778,2020-08-25 09:49:49.006,Vehicle Movement,0.6806349158,,,,,,,,,,,,,,,,
1.3466635,1.2238547,1.8729719,2.6520014,2.8266485,2.1322377,2.2698278,2.4953473,4.1489673,4.5099978,4.3227115,3.4948092000000006,4.0647731,3.9471509,3.5446506,2.6344476,2.7498322,2.7150235,2.8603432,3.334928,3.1681535,2.9089766,1.8159184,2.2065392000000004,1.7275145,1.4104823999999998,0.8211199,1.1852241,1.281274,1.2505559,0.66132265,0.84137064,0.60808843,0.47279257,0.23460197,0.35669675,0.37078786,0.31931794,0.39831027,0.44764817,0.59575015,0.42424917,0.40140504,0.43382668,0.46295691,0.39247149,0.38311818,2020-08-25 09:49:49.247,Vehicle Movement,0.6806349158,,,,,,,,,,,,,,,,
6.4606237,1.4683392,0.74759424,0.91762376,1.412692,3.5028229,3.1995921000000003,3.742676,1.7434173,1.9575589,3.6695447,5.7610264,9.6259909,11.848341,11.093468,12.796621,16.797415,20.246666,21.639704,22.849964,19.53051,10.445765,7.0381293000000005,6.780777499999999,11.57833,13.277837,14.186234,11.347675,6.560842500000001,5.5044994,4.338788,4.194307299999999,2.6165676,1.074715,0.29453182,0.32757261,0.2285215,0.22144663,0.35407406,0.41108882,0.41379538,0.34649628,0.57067937,0.65334135,0.70979184,0.41075432,0.40484259,2020-08-25 09:49:49.487,Vehicle Movement,0.6806349158,,,,,,,,,,,,,,,,
9.823869699999998,22.253914,24.858858,23.023451,23.388399,27.563232,30.461624,31.62435,32.302567,34.638592,36.255051,34.820370000000004,28.960499,26.199547,20.357216,17.0881,14.221273000000002,15.60469,16.153702,16.969476999999998,14.520514000000002,10.972882,11.048557,8.6281099,9.9818211,9.9135437,11.950317,11.785052,9.6345196,8.507589300000001,8.610232400000001,8.4821978,7.113051400000001,2.1963885,0.36902446,0.32713318,0.28554952,0.31658486,0.34383628,0.49541271,1.2899439,2.358387,3.2528369,3.3739259,3.0329804,2.3516934,1.7223683999999997,2020-08-25 09:49:49.727,Vehicle Movement,0.6806349158,,,,,,,,,,,,,,,,
5.469036099999999,9.8936405,12.687504,11.50943,13.338804,13.361285,13.561995,15.665192,17.105457,14.185133,12.54988,11.130506,13.429874,19.544863,17.480928,13.82335,9.8066549,8.8435163,6.523486599999999,7.605225099999999,8.372035,6.8449326,8.2051878,6.4076462,7.412976700000001,5.315914599999999,6.094581099999999,4.403087599999999,3.7793183,2.8220403,2.6629066000000003,2.7929153,2.5719144,0.73970282,0.25788754,0.28070125,0.27948108,0.28651425,0.3224968,0.30733615,0.52100921,1.0458912,1.259835,1.2605107,1.2422764,0.98037887,0.74725628,2020-08-25 09:49:49.968,Vehicle Movement,0.6806349158,,,,,,,,,,,,,,,,
1.6697229999999998,4.906527,13.227035999999998,16.090059,11.046921,7.6099882,6.4215045,6.078649,6.286908599999999,10.597781,11.323846,8.103200900000001,4.0851078,6.0284095,5.5599604000000005,6.247921900000001,5.5101533,4.5381765,2.7758012,7.054544,11.493505,7.7198668,5.4591022,5.3768816,5.983243,3.5898864,2.8499982000000004,1.7855306,1.9116825,2.1362157,3.1056376,3.337657,2.4097636,1.6469262999999998,0.56768084,0.77747506,1.2310268,1.6827791,1.965647,1.9147811,1.8594514,1.3878622,1.0020262,0.391902,0.44574103,0.48907593,0.75193447,2020-08-25 09:49:50.208,Vehicle Movement,0.6806349158,,,,,,,,,,,,,,,,
7.1843939,4.1760325,9.8335419,11.949246,8.2039709,5.651540799999999,5.3120322,5.16643,8.3374243,8.6718779,10.252537,18.167719,25.496445,30.242245,36.468452,42.350597,44.229313,33.44408,24.107195,18.083279,23.258591,24.440723,22.074173,25.50329,24.655901,24.402149,19.911488,16.276161,8.181867599999999,5.8168569,2.1268723,1.6781487000000002,1.0987071000000002,0.6985541000000001,0.59292185,0.61606246,0.75979388,0.85946417,1.058717,1.0196421,0.85989898,0.59563553,0.40810281,0.59764266,0.77657837,0.80681551,0.42544538,2020-08-25 09:49:50.448,Vehicle Movement,0.6806349158,,,,,,,,,,,,,,,,
2.2161865,3.2598541,5.514267,4.9869986,4.3138418,5.095121400000001,7.3811731,9.1232004,16.453548,11.95698,9.8070021,10.488912,19.704451,22.385401,23.591925,25.061583,26.292398,19.695503,13.445053,9.9733934,12.827712,13.479689000000002,12.174473,14.065721,13.598363,13.458414,10.981697,8.9767218,4.5125113,3.2081459,1.3556868999999998,1.3692139,0.76820618,0.71394491,0.57389379,0.44000953,0.40329412,0.39226243,0.494041,0.49514717,0.52171707,0.36534187,0.3163475999999999,0.40488061,0.48373044,0.47709513,0.24815752,2020-08-25 09:49:50.689,Vehicle Movement,0.6806349158,,,,,,,,,,,,,,,,
7.4282827,9.3060837,8.0040579,2.6304383,1.5671345,1.601258,2.2801654,2.7751021,5.0048513,3.6517763,2.9831004,3.1905241,5.993711900000001,7.5267715,9.9430971,15.235638,20.783855,24.94544,23.868021,21.253338,15.383195,8.503032699999999,3.7032392,4.278519599999999,4.1363587,4.0937886,3.3404198,2.7305455000000003,1.3798780000000002,1.1213361000000002,1.1126056999999998,1.164004,0.78356951,0.77578855,0.37212327,0.38266817,0.47322085,0.53227639,0.52427787,0.57811332,0.40186787,0.30493638,0.25830126,0.4106880999999999,0.36986509,0.40330267,0.28646189,2020-08-25 09:49:50.929,Vehicle Movement,0.6806349158,,,,,,,,,,,,,,,,
4.9141035,5.132545,4.4144440000000005,0.81397063,0.47669229,0.56039375,0.69358236,0.85715759,1.5223793,1.1169336,0.90740162,0.97049612,2.4732044,4.151208400000001,5.4838738,8.4028463,11.46283,13.75805,13.163827,11.721764,8.4842272,5.3108182,2.9186807,1.3211932,1.480768,1.9061364,1.7949700000000002,1.050258,0.59704673,0.37456146,0.39702201,0.43395615,0.46502548,0.47350487,0.36928472,0.48524556,0.36132672,0.44810879,0.51141465,0.56180811,0.50541192,0.63726908,0.61879122,0.44792685,0.25602624,0.4430944,0.27599865,2020-08-25 09:49:51.170,Vehicle Movement,0.6806349158,,,,,,,,,,,,,,,,
5.6271734,6.894727199999999,8.9369287,8.0375662,7.6574774,13.314654,13.426264000000002,11.033647,9.4759922,9.5498676,12.909868,11.228875,10.060234,9.7767515,7.6712928,5.1945977,3.9999089,4.473175,8.423443800000001,10.252263,13.207015,14.177279,12.276144,8.3338928,4.4136915,0.78523862,0.64571053,0.53001517,0.61446238,0.278804,0.31629753,0.32874316,0.3805285999999999,0.32625458,0.57098526,1.104152,1.2344654,1.542037,1.6709546999999998,1.6168408,1.9191693,1.6196659,1.7105738999999998,0.70625526,0.62152201,0.39696595,0.30389151,2020-08-25 09:49:51.410,Vehicle Movement,0.6806349158,,,,,,,,,,,,,,,,
2.3048306,3.5753117,4.792635400000001,3.2921021,3.4117615,5.6795855,7.128699799999999,7.3203516,7.4919076,5.8425412,7.228332000000001,6.1930127,4.1726584,4.8899288,4.0669074,3.9797702,5.0311337,5.4292178,5.4233375,6.485291,7.284007499999999,7.819134700000001,6.7706094,4.5963559,3.0875759,1.5258645,1.1031845,0.68161231,0.65938884,0.5537377,2.1100173,3.1324952,3.093086,2.5694203,1.0409986,0.5539192,0.61061239,0.58306772,0.80362725,0.82213378,0.9878605,0.73863125,0.76173002,0.58834779,0.41869658,0.24569438,0.22657259,2020-08-25 09:49:51.650,Vehicle Movement,0.6806349158,,,,,,,,,,,,,,,,
10.233216,3.8297286,3.5015664,3.090667,2.608618,2.5649126,2.2995148,2.3299439,2.2788935,2.1737623,2.5864544,2.5805597,5.2627358,6.1767688,5.8005881,7.4902053,6.2671971,4.4145889,3.4042215,5.0326428,4.9044766,4.4896064,3.3985898,3.105907,2.2929814,1.0075279,2.2578572999999995,6.0479183,6.003967299999999,5.9472094,3.5261426,4.0665669,3.2068276,1.9563985,0.95027184,0.35488611,0.25064787,0.32735097,0.57648718,0.51538551,0.48804104,0.42475969,0.39653707,0.34864092,0.29204726,0.19904809,0.23631576,2020-08-25 09:49:51.891,Vehicle Movement,0.6806349158,,,,,,,,,,,,,,,,
21.546204,3.0828242,3.0359492,2.4377077000000003,2.8794143,2.8369122000000004,1.8757538,1.9930557,5.8793578,6.216074,3.7347522,1.916447,4.082994,4.9321704,5.4468760000000005,13.208126000000002,19.789919,20.094805,21.10441,26.388140000000003,31.455669,35.617237,37.747505,36.010445000000004,37.005672,42.319164,39.243717,33.194839,18.750456,8.6908875,13.308434,13.143774,10.763915,5.506302400000001,1.4634066,1.3044542,1.3474153999999998,1.7726825000000002,1.8566059,1.7172446,1.3913031,0.77228159,0.58957404,0.24729264,0.14493999,0.19263564,0.39926171,2020-08-25 09:49:52.131,Vehicle Movement,0.6806349158,,,,,,,,,,,,,,,,
8.40413,1.2529958,6.781616199999999,18.261997,27.52615,37.984985,35.438988,34.413013,34.020084000000004,35.780056,39.684212,37.152557,36.097878,33.221012,32.151115000000004,25.844296,14.659759,8.2306185,8.644143099999999,10.808302,12.883906,14.623273,17.191732000000002,17.323328,16.719117999999998,22.16551,18.582441,14.053123,7.7026916,5.2344208,9.8834782,9.7611942,8.0044565,4.0892434,1.0867956,0.96874988,1.0006552,1.3164787,1.3788043,1.3019922,1.0332482,0.62274468,0.73860866,0.39529368,0.36447045,0.22205782,0.30666816,2020-08-25 09:49:52.372,Vehicle Movement,0.6806349158,,,,,,,,,,,,,,,,
2.8815916,1.907994,3.850085500000001,10.395587,16.590269,22.052864000000003,21.551634,20.386223,21.0891,22.585857,24.237017,23.088631,21.449272,23.077749,27.654066,31.907866,29.467159,24.818848000000003,20.862484,18.762074,21.08164,21.307434,22.398466,20.57345,23.331177,25.845764000000003,28.850576,27.616505,22.301281,14.095935,3.0063627,2.9872141,2.5040956000000003,1.2916508999999998,0.43244597,0.36151519,0.41999158,0.50389743,0.50854039,0.47032663,0.56316,0.49398252,0.56569785,0.45130986,0.46825892,0.21311933,0.3669277999999999,2020-08-25 09:49:52.612,Vehicle Movement,0.6806349158,,,,,,,,,,,,,,,,
4.8495574,4.510242,3.8876212,7.030348299999999,8.512673399999999,11.850192,13.547393,13.10307,13.755118,13.918847,15.548063,16.915781,15.506001,19.85998,22.815538,24.074495,21.883724,18.431664,15.493476,15.761025,15.656231,15.823918,16.634172,15.835501999999998,17.326847,19.194296,21.425814000000003,20.567005,16.885603,11.233899,0.9894169,1.2515786,1.0425823,0.69366938,0.46783149,0.33235106,0.2323845,0.23170035,0.27211425,0.33532587,0.6648398,0.88110149,0.92892826,0.9704659,1.2364105,0.68218952,0.39930221,2020-08-25 09:49:52.852,Vehicle Movement,0.6806349158,,,,,,,,,,,,,,,,
16.479214000000002,19.139027,28.039362,34.9506,52.73127,81.915306,89.34530600000001,117.83409,118.33664,115.3718,82.56324000000001,78.710785,73.118362,71.888176,65.371887,66.98078199999999,50.195904,31.943176,18.718555,17.390493,17.367769,18.511429,19.178762,20.093685,16.275927,13.293733,12.09962,14.08553,14.026559,16.675895999999998,24.619581,26.62208,20.763597,10.740744,1.8491572,1.0067999,0.75790662,0.39845675,0.35736367,0.34201029,0.32740366,0.39015636,0.41209853,0.6669662,0.89075583,0.64311123,0.37721559,2020-08-25 09:49:53.093,Vehicle Movement,0.6806349158,,,,,,,,,,,,,,,,
28.481297,26.960648,27.774933,26.414879,39.160751,60.834225,66.352097,87.509224,87.882446,85.680611,61.31540699999999,58.835182,54.914448,54.845314,49.227821,50.348846,37.556633000000005,23.948872,10.051132,10.697916,11.503471,11.027608,9.6552734,8.672925900000001,9.6617289,8.836867300000002,8.9857578,10.460587,10.416792,12.217032,18.215813,19.086786,15.49941,8.399085000000001,3.312762,4.6731253,5.0078139,6.3015585,7.282418700000001,6.2069554,4.6672807,4.1059613,5.762857,6.0194879,7.240184299999999,4.7324543,4.960772,2020-08-25 09:49:53.333,Vehicle Movement,0.6806349158,,,,,,,,,,,,,,,,
8.937091800000001,8.5191183,8.448596,8.0357409,11.99351,18.85116,20.632282,26.646904,26.732138,26.06238,18.650955,17.902113,16.703910999999998,16.682879999999997,14.974149,15.434810999999998,12.182194,8.6208439,5.543458900000001,5.9001765,6.436614499999999,6.1977472,5.5387473,4.8093762,4.3123846,3.5720973,3.7264559,4.1965580000000005,3.893327,3.8218663,5.6071401,6.2804523,5.625361,3.0748971000000003,1.8270735,2.5773487,2.7670875,3.6059294,4.1644783,3.524319600000001,2.7693417,2.2145512000000003,2.5933433,2.4655178,2.9655023,1.9383628,2.0810657,2020-08-25 09:49:53.573,Vehicle Movement,0.6806349158,,,,,,,,,,,,,,,,
2.9395356,3.3553278,4.4720249,5.2576084000000005,5.5494075,7.1883988,7.440531699999999,9.2568007,8.866976699999999,8.6369591,8.710507400000001,13.053716,15.604379000000002,16.245171,14.648698,17.876974,24.620853,30.262197,34.532497,32.616337,33.655781,31.605793,26.187262,13.671225,4.267138500000001,2.3225858,2.5781708,3.2007329,3.3604252,2.9421415,1.7417213,1.9633763,1.8269827,1.0722903999999998,0.89970833,1.115008,1.2194687,1.2774196000000002,1.5236801000000002,1.5051405,1.0864003,1.8497169,1.9919691,2.6138854,1.6659881,1.0887527,1.3076484,2020-08-25 09:49:53.814,Vehicle Movement,0.6806349158,,,,,,,,,,,,,,,,
1.5234702,2.6077664,2.8247585,3.0056689,2.9199152,4.6313767,5.2531638,4.3172498,3.8058357,3.5873394,2.9056635,4.601458099999999,5.496542,5.5266638,4.7222018,5.758244,7.9998512,10.177146,11.671649,11.190996,11.365982,10.94298,9.169726400000002,5.2108712,2.5474384,1.4963198,1.5405883,1.6651049,1.6498153999999998,2.0822885,1.4563048,1.2860358,0.96266991,0.67884076,0.51407754,0.47965086,0.57570833,0.58109725,0.71264279,0.68951547,0.58843577,0.83995289,0.9089787,1.1144352,0.72123724,0.45075694,0.41825861,2020-08-25 09:49:54.054,Vehicle Movement,0.6806349158,,,,,,,,,,,,,,,,
0.72931713,1.1018038,1.1574206,1.2310903,1.4880881,2.5957685,3.2296720000000003,3.0588999,3.8125017,3.5246682000000003,2.2885706000000003,1.7009414,2.2915881,2.9472179,2.9662857,6.3636565,8.3066282,9.4138184,8.1275663,8.8616028,10.807259,11.825088,8.734877599999999,5.0515175,1.4538434,0.94653612,2.002594,3.1433020000000003,3.7154329,3.1429389,3.6680975,5.0169582,4.7451644,2.6658998,0.55844742,0.57427257,0.79129565,1.0646064,0.95023042,0.83264494,0.48652297,0.37544441,0.36204058,0.75941283,0.61389136,0.61855406,0.40497732,2020-08-25 09:49:54.295,Vehicle Movement,0.6806349158,,,,,,,,,,,,,,,,
3.3004677000000004,6.8153439,6.4512863,3.6536095,1.7673136000000005,1.7598608,1.9577218,4.0518198,5.466177500000001,5.7120471,2.2358162,4.2273712,7.559047200000001,7.235210899999999,7.5125694,7.3173127,8.0450697,11.275792,14.783207999999998,15.841822,16.285614000000002,17.337818,15.266682,14.250439000000002,11.574148,14.520678,15.701025,18.123024,16.35663,12.728783,3.3873019,3.7258332,3.5239859,1.9798244,0.48108703,0.46125391,0.58765393,0.83106208,0.73789263,0.68232608,0.56746948,0.63038349,0.55400085,0.5396681999999999,0.51605588,0.44627908,0.40164697,2020-08-25 09:49:54.535,Vehicle Movement,0.6806349158,,,,,,,,,,,,,,,,
2.1633885,5.0613999000000005,4.7910333,2.7133453,1.7064781999999998,3.0662799,3.0994787,2.6340756,2.1436071,2.2370291,1.1512405,3.1394482000000004,6.1855936,6.840004,9.0836592,8.969288800000001,9.3313951,9.1538897,7.374774900000001,5.364106700000001,5.5430102,6.0757828,5.1193824,5.1299043,4.7207713,7.2121549,11.127889,9.7920465,7.874531699999999,4.0661335,1.0554091,1.1560736,1.1163279,1.0814506000000002,1.1581854,0.86357814,0.5392909,0.48908868,0.50689524,0.59473109,0.58797324,0.4418751,0.29416427,0.33739123,0.33849034,0.34685907,0.50281584,2020-08-25 09:49:54.775,Vehicle Movement,0.6806349158,,,,,,,,,,,,,,,,
4.008385700000001,4.596079799999999,4.5572886,6.214376000000001,12.563471,15.379108,17.303556,17.982758999999998,25.487434,25.28336,18.991549,10.284036,11.036383,11.429774,13.081224,18.252396,21.204205,22.517708,22.866159,26.314734,33.814613,36.398304,30.011894,20.687778,17.030613,15.115322,11.251648,7.1507826,5.5172405,5.227750299999999,5.636858,5.7183704,3.3873584,2.0701516,0.64930588,0.47628558,0.31871286,0.29204187,0.31712326,0.39251825,0.47802815,0.66048896,1.1036948,1.1386966,1.0624272,0.56272316,0.23350462,2020-08-25 09:49:55.016,Vehicle Movement,0.6806349158,,,,,,,,,,,,,,,,
2.4312911,2.2984304,1.9225535,4.6150928,9.3450756,11.421261,12.850449,13.354857,19.034227,18.71488,15.319754,9.7807722,12.472278,13.189401,20.348961,31.503746000000003,38.383102,38.726479,33.722412,32.051189,34.409786,34.852749,31.395874,29.785023,36.714268,47.46069,46.169407,39.087929,21.99921,14.8281,5.858367400000001,4.6937671,2.2233801,1.2394745,0.34225777,0.31658474,0.20707263,0.39161623,0.3583582,0.32330519,0.3678945,0.46078491,0.68757975,0.72488344,0.58062059,0.43145382,0.26369336,2020-08-25 09:49:55.256,Vehicle Movement,0.6806349158,,,,,,,,,,,,,,,,
27.223948,52.697662,73.302971,202.92719,279.57404,336.54492,367.02692,413.819,430.2587,381.10422,370.40494,395.30997,463.51962,476.76834,581.0549900000001,627.45911,585.3435099999999,464.9249,364.53641,316.23947000000004,304.02496,242.03777,217.38197,209.53668,206.4137,202.06975,150.16917,124.24862,102.54043,79.231491,62.624531000000005,59.46846,40.765606,20.90711,8.104455,6.748398299999999,6.9823565,7.131789200000001,8.5407963,7.6666274,6.4823985,3.1392581,2.01618,0.67090905,0.58983159,0.41681081,0.72339898,2020-08-25 09:49:55.496,Vehicle Movement,0.6806349158,,,,,,,,,,,,,,,,
15.028686,23.829102,31.935043,78.934341,106.6989,129.88106000000002,139.58536999999998,152.60578999999998,155.80241,143.93672,146.46635,163.47249,200.70297,207.21329,230.98877,244.43678,236.20877,211.2981,180.73769,161.74153,151.4857,126.23676,121.87387,117.60542,106.45969,87.141991,68.993965,68.54026,64.171104,47.89502,31.430342,25.177168,16.704276999999998,8.5988035,3.4313242,2.8703127,2.9768438,3.0798867000000003,4.054439100000001,3.6959734,2.895417,1.3104272,0.88650852,0.7384665,0.63237435,0.29658881,0.41846311,2020-08-25 09:49:55.737,Vehicle Movement,0.6806349158,,,,,,,,,,,,,,,,
4.5714345000000005,7.248350599999999,9.8570251,24.129168,32.533562,39.507298,42.459164,46.419724,47.392075,43.782764,44.552223,49.725166,61.04995,63.030266000000005,70.262299,74.352928,71.850128,64.27278100000001,54.976891,49.198643,48.0201,42.660675,39.504356,35.773289,32.439873,26.506905,20.986626,20.848619,19.519606,14.568734,9.5605001,7.6584072,5.1817985,2.7818749,1.1269876,0.9094575,0.94415134,0.93684196,1.2427953,1.1541601,0.95486736,0.5891394,0.47543323,0.67508328,0.43927741,0.44125229,0.34238732,2020-08-25 09:49:55.977,Vehicle Movement,0.6806349158,,,,,,,,,,,,,,,,
8.610242800000002,10.287634,14.414644,14.790628,18.234282,17.93329,19.152441,17.889904,18.611824,17.15686,16.290067999999998,16.353397,18.640123000000003,19.389101,21.700603,22.981274,22.005116,19.672508,16.765781,15.000259,14.741253,13.068066,12.285761,11.398753999999998,10.879372,8.862513499999999,6.3990855,6.3669758000000005,6.0655384,4.5363307,3.0341198,2.3887,1.5990227,0.86652511,0.42356017,0.43096417,0.38819325,0.38551903,0.49327248,0.47488302,0.4035362,0.42328748,0.55548942,0.70990467,0.67175972,0.79296052,0.64693671,2020-08-25 09:49:56.218,Vehicle Movement,0.6806349158,,,,,,,,,,,,,,,,
3.526664,4.2137055,5.9040852,6.058084,7.4685678,7.345285899999999,7.8446369,7.0893974,7.371326400000001,6.859661099999999,6.2321291,5.3884692,5.7261176,6.005338200000001,6.8146811000000005,7.4244032,7.678240799999999,7.3344183,6.1959062000000005,5.402751,6.0287127,7.9808612,6.6804686,4.1274037,5.0095701,9.3565874,10.190745,9.4873085,6.8063226,5.298687,4.907928500000001,3.1087387000000004,1.3309945,0.81007129,0.77530903,0.75580734,0.4915165,0.38007504,0.33134863,0.34424576,0.24975106,0.23895034,0.34683111,0.41210577,0.4892233,0.48233321,0.48612246,2020-08-25 09:49:56.458,Vehicle Movement,0.6806349158,,,,,,,,,,,,,,,,
1.5596913,1.6076992,2.2826288,4.3834176,6.779806599999999,4.7023263,5.5925636,7.269331,10.783924,7.4747572,6.0288577000000005,9.541116699999998,13.185093,12.276422,9.6035967,5.204275099999999,4.7934351,4.9860239,4.8796182,7.839405499999999,12.766886,14.787519,9.4788504,5.4134669,3.2667537,5.635801799999999,6.3625193,6.1221504,4.1115551,3.1289139,3.1838536,1.9690473,0.73379284,0.45674184,0.47960851,0.43024582,0.3278707,0.39936042,0.42428356,0.52650875,0.32473993,0.27299541,0.28304639,0.30471304,0.42582756,0.43401283,0.54420453,2020-08-25 09:49:56.698,Vehicle Movement,0.6806349158,,,,,,,,,,,,,,,,
2.9999235,2.7603006000000003,1.2589284,3.2553351000000004,5.035008900000001,3.4921725,4.1533046,5.398552400000001,8.0086565,5.5511117,3.3558447,4.5213013,7.4676313,6.910006500000001,5.1644459000000005,3.4292967000000005,6.1829267,9.5755873,7.3062358,6.102280599999999,9.5133181,11.006357,7.0394468,4.020299,3.0977728,2.9144547000000003,3.0321927000000004,2.5099924,1.779367,1.1677813999999995,1.231151,0.69099295,0.38451919,0.34280437,0.46765995,0.38405818,0.68078732,0.76269126,0.66448641,0.61847591,0.51910686,0.44499284,0.44667703,0.46605337,0.47169033,0.42382628,0.38823703,2020-08-25 09:49:56.939,Vehicle Movement,0.6806349158,,,,,,,,,,,,,,,,
8.7679539,8.4273539,5.9067073,7.538322,8.093173,7.3835034,6.523902400000001,2.6131599,2.5495296,1.8248227,1.0336543,3.3396358,7.0659852,4.9669895,2.200273,5.2392306,8.3743315,12.780823,12.040718,11.755436,10.327492,9.0856686,9.3429985,14.280945,20.838531,22.264853,17.899185,19.301172,17.574625,18.266743,8.9208279,4.1866374,1.1672728,0.65837419,0.63632357,0.52855307,0.7662127,0.79854339,0.56741059,0.492688,0.73481548,1.2068491,1.1951147,1.0602006000000002,0.78952819,0.6265021,0.63594973,2020-08-25 09:49:57.179,Vehicle Movement,0.6806349158,,,,,,,,,,,,,,,,
2.6943848,2.7095463,3.7245328,4.8265328,4.5969629,4.649238599999999,4.222686799999999,5.7384009,9.528677,11.880032,10.242852,7.021113400000001,9.776045800000002,8.360342999999999,11.801793,21.380032,26.557501,31.330967,29.719242,17.006695,6.2742724,5.460197,6.0160422,7.8763084,11.492988,12.279638,9.8718605,10.645095,14.690187,16.257423,7.137160799999999,4.584813099999999,5.1283617,4.982564,2.7191536,2.2149906,1.7067181,1.6293434,1.542632,1.5211041,2.5528555,2.1949662999999995,2.1779792,0.80192965,0.61949658,0.52691031,0.62903601,2020-08-25 09:49:57.420,Vehicle Movement,0.6806349158,,,,,,,,,,,,,,,,
11.321182,13.71386,14.489644,14.950422,15.609873,22.697031,22.030125,21.799192,26.3284,26.891354,25.348717,21.821938,19.891348,12.29998,10.57452,17.039583,21.569407,25.497717,24.773968,13.284655,5.8450975,6.3980012,5.4984703,4.8340516,5.5212278,4.1523976000000005,4.9327097,5.1537094,4.877585900000001,5.090264299999999,3.8586934,3.4196744,4.227015,3.9374492,1.4022063,1.4352839,1.2272601,1.2784038,1.1487243,1.5485023999999998,3.3053541,3.0138016,3.676646700000001,2.0409019,1.921676,1.0129846,0.80788451,2020-08-25 09:49:57.660,Vehicle Movement,0.6806349158,,,,,,,,,,,,,,,,
10.935769,21.534372,26.19408,29.780567,31.4767,36.639584,38.748413,43.602432,46.683128,37.602348,50.727005,57.609535,68.681465,60.058754,61.143631000000006,57.478245,53.808926,53.943401,53.09856,49.390656,44.938492,40.962574,36.230782,35.859535,40.461277,39.245953,36.500629,31.991457,27.421124,15.09785,6.3378816,1.6730025000000002,1.4716811,1.3262694,1.3493035,1.0286347,0.71889633,0.51708055,0.35258833,0.47176808,1.0206375,0.92529881,1.1193923,0.8676582,0.98657,1.2861743,1.097041,2020-08-25 09:49:57.900,Vehicle Movement,0.6806349158,,,,,,,,,,,,,,,,
3.8534076,8.574499099999999,10.653218,11.758647,11.537813,14.562178,14.989466,17.859092999999998,18.279854,15.401521,20.777241,23.596254,28.131197,24.599426,25.043779,23.542477,22.039564,22.094645,21.748602,20.229885,18.700928,16.777832,14.640603,13.662894,16.225126,17.478466,16.738253,14.431207999999998,11.039202,6.800022599999999,7.722334399999999,4.0096321,0.70642847,0.81092989,0.77142841,0.59662265,0.3964897999999999,0.46718392,0.5523718000000001,0.47534809,0.39219391,0.32323933,0.48022637,0.64436442,0.73267394,0.95517451,0.82970548,2020-08-25 09:49:58.141,Vehicle Movement,0.6806349158,,,,,,,,,,,,,,,,
8.2106943,10.132048,10.421446,9.8287802,9.459893199999998,12.077683,15.840535999999998,20.030956,22.215462,18.828716,12.012217,8.440039599999999,9.441617,8.2681551,11.620117,18.034121,23.414354,24.805696,22.748804,16.65472,12.692079,9.6701288,7.9848351,8.6647387,10.558293,9.9624157,8.0143461,6.3897676,6.654088499999999,5.9047651,10.109768,5.392291999999999,0.65534109,0.89019191,0.63840073,0.52329075,0.4811008,0.74524838,0.75924313,0.97874486,1.1671406000000002,1.2724823,1.4539591,1.2428006,1.0250683,0.82594389,0.58985084,2020-08-25 09:49:58.381,Vehicle Movement,0.6806349158,,,,,,,,,,,,,,,,
5.334465,8.8152771,11.545329,12.048443,8.7742815,8.2078552,6.3387747,6.160564900000001,6.853190400000001,9.3864279,14.791327,15.626995,13.358724,10.153121,12.882001,13.116162,12.831981,11.561399,11.706863,8.0870619,6.809916,6.3627458,3.96525,3.61724,4.324564499999999,4.0805006,5.127377,5.7206345,4.2529368,2.5775342,4.1408534,2.2086256,0.70082921,0.49680611,0.35739738,0.54018295,0.48464808,0.60014832,0.6030581,0.72686279,0.81763226,0.9128924,0.93956417,0.75748724,0.65643656,0.62242138,0.52389342,2020-08-25 09:49:58.621,Vehicle Movement,0.6806349158,,,,,,,,,,,,,,,,
6.6482034,10.647265,14.675385999999998,17.688824,23.143213,32.167984000000004,40.849133,42.882141,45.844139,37.780048,28.088921000000003,21.268528,21.958881,19.053493,19.801498,20.068718,20.181629,20.02956,18.117075,14.840324,8.217536,5.8496766,4.7432432,9.8114271,15.515133,18.718321,21.925861,22.072891,20.386593,15.078917,16.982384,20.452713,18.931520000000003,14.977538,10.242119,8.3656216,5.7316642,2.0471401,0.64083451,0.64274788,0.57559401,0.76516742,1.042217,1.6560247,1.6991813999999998,0.81337923,0.59514767,2020-08-25 09:49:58.862,Vehicle Movement,0.6806349158,,,,,,,,,,,,,,,,
3.3877664,6.673414200000001,13.763485,11.931329,12.764078,17.74147,22.529345000000003,23.650602,25.284224,20.836666,15.491762,10.613705,9.4556885,8.233818099999999,7.9451575,7.7957582,7.137450200000001,8.2134781,7.493783500000001,6.2730255,5.8882947,5.642207599999999,4.882217400000001,8.8257341,8.8267145,9.0797768,11.632573,12.110018,11.032295,6.4406862,7.2887921,9.1578894,7.775824099999999,6.155376,4.2510853,3.4050078,2.0808241,0.68442202,0.36213747,0.40915132,0.50645453,0.6291669,0.81334364,1.2347513,1.2782855,0.60405427,0.42793432,2020-08-25 09:49:59.102,Vehicle Movement,0.6806349158,,,,,,,,,,,,,,,,
1.8684403000000005,3.6805599,7.5909162,6.580434299999999,6.244649900000001,6.594761800000001,7.2993817,7.2796311,7.690970399999999,7.062197200000001,5.7122054,3.8465304,3.7254651,4.0850081,13.506075,30.510782,32.806446,36.304962,40.897301,46.924557,56.60000600000001,54.43245699999999,64.28581199999999,64.41729699999999,70.093391,66.840378,62.490932,60.327423,44.772179,40.353153000000006,37.360828000000005,37.912601,37.851749,19.930773,12.193971,11.319338,8.097423599999999,3.6045189,1.950547,1.5981268999999998,1.2344233999999998,1.3890933,1.7446798,1.5606704,1.6343576000000002,0.73893529,0.5497274999999999,2020-08-25 09:49:59.343,Vehicle Movement,0.6806349158,,,,,,,,,,,,,,,,
0.62553847,1.7259367,2.6602206,2.0323195,2.3937666,8.0446548,8.2844439,7.866615299999999,7.2819848,10.905441,13.68172,21.752182,15.663265,9.1670609,13.405656,22.836792000000003,24.363632,26.961805,30.372290000000003,34.848415,42.033875,40.424145,47.741714,47.839359,52.054695,49.638863,46.408749,44.802021,33.249958,29.968182,27.745934,28.155708,28.110516,14.801545,5.761243299999999,5.917019799999999,5.2186599000000005,3.3911827000000003,1.609533,1.5237617,1.4907708999999998,1.3010544,1.912522,1.9161679,1.823877,0.98739761,0.8550899,2020-08-25 09:49:59.583,Vehicle Movement,0.6806349158,,,,,,,,,,,,,,,,
4.9975595,4.8310742,2.225476,0.79725629,1.0067871,3.5561893,3.3246574,4.3866529000000005,2.7705452,3.806356,5.6112981,8.9094629,6.4155078,2.8009832,4.0777407,6.9465094,7.410945900000001,8.2012587,9.2386618,10.600213,16.482756,16.240557,17.471045999999998,16.601604000000002,17.245213,15.585384,14.352413,13.894235,10.113993,9.1157398,8.4397745,8.5644207,8.7566099,4.9341855,3.5154836000000005,3.7257366,3.2954969,2.6453619,1.3639792,1.208339,1.1071178,0.99580884,1.4475625,1.5252481000000002,1.4741889,0.86943048,0.92773378,2020-08-25 09:49:59.823,Vehicle Movement,0.6806349158,,,,,,,,,,,,,,,,
2.7562826,2.9532363,1.3649554,8.9331579,15.018884,21.986025,20.426609,21.853666,17.697882,15.430372,13.392969,16.088923,22.708469,30.792301,44.116108,51.051273,59.196316,61.356735,58.457272,51.018013,41.426651,27.270023,24.810331,22.129438,26.964045,23.137695,16.807631,17.756392,19.473087,15.568394,14.311379,13.206494,7.2784476,2.5464389,1.7173542000000002,4.5543489,5.3778243,8.171573599999999,8.3615246,8.9881468,7.627467200000001,6.5336542,6.506292299999999,4.7766309,3.7994804,2.3256469,1.2556461,2020-08-25 09:50:00.064,Vehicle Movement,0.6806349158,,,,,,,,,,,,,,,,
11.223389,1.5466386,1.6771967,5.2947254,9.3264647,12.426048,12.435403,13.727297,14.166703,13.275556,12.957698,12.005811,19.956408,25.522516,36.169033,40.397919,45.703758,47.498009,45.480728000000006,39.410858000000005,31.092636,21.835142,19.870945000000003,21.169044,27.55794,29.366131,27.11747,22.862617,18.928343,12.334657,11.480654,11.781601,8.760968199999999,4.0146928,1.1073968,3.3822773,3.8768237,5.254711599999999,4.6115956,4.957193900000001,4.2067442,3.6034787000000006,3.5883877,2.7404196,2.2586722000000004,1.7369548,1.3621986,2020-08-25 09:50:00.304,Vehicle Movement,0.6806349158,,,,,,,,,,,,,,,,
8.794888499999999,6.886619099999999,12.293226,11.87931,13.521514000000002,10.850086,11.190188,12.934954,12.063614,8.895103500000001,5.832313500000001,4.250422,6.3568883000000005,7.903769500000001,11.069089,12.680895,17.124926000000002,19.352135,19.709366,19.575632,19.457201,16.215816,14.757115,15.721145000000002,20.465841,21.808693,20.138729,16.978872,11.072981,6.894464999999999,4.7572246,4.842815900000001,3.5883992,1.6443757,0.6202485,1.1967566,1.3574117,1.621935,1.4201138,1.5222358,1.2984382,1.0961084,1.0915179,0.876302,0.72037405,0.59647644,0.46430904,2020-08-25 09:50:00.544,Vehicle Movement,0.6806349158,,,,,,,,,,,,,,,,
2.7265074,2.0947764,3.7393615,3.6391265,5.2813778,4.3452883,3.7683897000000006,3.9345624,3.6695182,2.705718,1.9219024,1.7409282,3.7844484,6.4744201,12.387696,17.426256,21.658707,21.940266,18.533379,14.21348,8.6549997,4.932538500000001,4.4888287,5.227747900000001,6.2253122,6.633781900000001,6.1437125,5.8835297,4.6470456,5.173173,4.6097531,2.0163627,3.1208134,7.0303326,6.2553353,5.311094799999999,2.876379,4.116477,4.894283799999999,5.4792819,6.0844512,6.7899981,6.843979400000001,6.0699472000000005,4.8527889,3.5952182,2.06128,2020-08-25 09:50:00.785,Vehicle Movement,0.6806349158,,,,,,,,,,,,,,,,
0.84636676,0.72626984,1.9416211,2.7025895,3.4585631,3.326198600000001,2.7133009,5.852963900000001,8.9995823,13.256344,11.994752,12.013444,7.808965700000001,13.483208,23.117247,40.72435,48.577461,52.351761,48.452129,50.64835,50.119911,45.666813,40.770557,35.600292,31.971504,16.796227,19.655153,17.560349,17.090153,14.08944,7.0183825,5.1268773,4.6867099,8.5617161,5.2187505,3.9442725,2.1361365,3.0570924,3.6748269,4.0933604,4.5186038,5.0425773000000005,5.0826659,4.5652065,3.6389928,2.6973391,1.5314285,2020-08-25 09:50:01.025,Vehicle Movement,0.6806349158,,,,,,,,,,,,,,,,
0.31691781,0.88065052,2.0439374,4.4922285,7.3992519,5.536459,2.4208677000000005,4.377534900000001,7.286711200000001,11.712508,8.6094589,6.692968400000001,5.7841463,7.133588799999999,9.5169373,17.798935,21.253254,22.345861,20.180956,20.980099,20.528585,18.704639,16.699185999999997,14.5815,13.095188,6.6080742,6.404317900000001,5.341517400000001,5.198493,4.441218900000001,2.3916874,1.6853242,1.6328268999999995,4.4981761,3.2484043,2.0286241,1.5060904,2.1111503,2.8468628,2.7286971,2.7762899,2.6167817,2.7170494,1.7186112,1.3586557,0.85669267,0.61611497,2020-08-25 09:50:01.266,Vehicle Movement,0.6806349158,,,,,,,,,,,,,,,,
8.1835461,13.978095,15.887267,18.860495,20.506784,18.69561,19.317638,20.616541,22.015142,19.714458,14.3971,8.683525099999999,9.6074591,10.310027,11.207108,10.42596,10.218762,11.702468,12.471583,12.254868,10.654433,8.1514425,6.4954128,4.7715912000000005,4.7286863,2.2267189,2.2450862000000003,3.7035162000000006,3.1321738,3.4849870000000003,4.871954,5.0967879,4.1228304,2.48086,1.7915787,1.1011944,1.264694,0.98494422,1.7889766,1.2838591,1.1371388,1.7012769,1.7060964,1.7734051,1.6593262,1.7347361,1.3347883,2020-08-25 09:50:01.506,Vehicle Movement,0.6806349158,,,,,,,,,,,,,,,,
3.7282248,6.3246374,7.324161999999999,9.7528143,9.0777206,7.657522699999999,7.9122996,8.444315,9.0171671,8.074832,5.9390278,3.6747041,4.0795546,5.3373308,6.1695781,6.3565383,5.3501544,5.6236072,5.0440207,4.0861893,4.516812799999999,4.0670776,2.1278079,1.6401432,8.1497097,9.059415800000002,5.4300666,5.478113700000001,6.889632700000001,7.0927243,8.761950500000001,7.5500064,4.8677278,2.0195289,0.87681508,0.5198642,0.63352251,0.90474659,1.8174623,1.2884799,0.68872762,0.76895416,0.82193726,0.84832549,1.0685771000000002,1.011628,1.0088841,2020-08-25 09:50:01.746,Vehicle Movement,0.6806349158,,,,,,,,,,,,,,,,
1.7271508000000002,2.2490282,2.2825892000000003,3.1681554,3.4963987000000003,2.4284554,2.5116906,3.1622841,3.8078589,3.3072815,2.171946,1.117774,2.0311704,2.6949444,3.5366099,3.3095591,3.973280200000001,4.1763592,3.7459307,3.0345991000000003,3.3544009,4.037076,7.8753963,11.727003,13.834960999999998,13.494175,11.469652,8.9250898,5.432932900000001,5.267396499999999,6.549382700000001,5.4216914,3.5969458,4.0186958,9.3465652,9.3931427,9.8026695,10.374509,10.224034,8.676217999999999,8.1797562,7.760863799999999,7.180362700000001,5.5181055,4.338571099999999,3.1346121,1.8185784,2020-08-25 09:50:01.987,Vehicle Movement,0.6806349158,,,,,,,,,,,,,,,,
1.2826647,1.889942,1.9642006,3.7992849,6.276022,5.4373074,6.989082300000001,8.659358000000001,10.287324,8.8663425,6.4150877,4.5376358,6.176775,7.4487853,7.682316800000001,5.6422062,2.4399548,4.2576785,5.378171400000001,5.0296555,3.8746631,6.2940421,17.856151999999998,26.471497,34.719631,35.957943,31.264517,21.567492,6.111701,2.5776114,3.2911644,2.6779666,2.8460169,2.6393871,4.7847481,6.1793027,6.3595738,7.108641099999999,8.030304,7.045273299999999,6.2608824,3.3834157,2.7559726,2.7650194,2.5192363,1.7334177,0.59164613,2020-08-25 09:50:02.227,Vehicle Movement,0.6806349158,,,,,,,,,,,,,,,,
0.50096077,1.4035615,0.85447377,1.9530264,2.7193353,2.3779352000000005,2.4231482000000004,2.8434217,3.129205,2.7531755,2.2263329,2.5884445,2.5734932,4.7044883,4.692759,3.7446039,2.1267908,3.1619558,2.5311947,2.0963593,1.1785982,1.9145259,6.0863981,9.5966635,11.971889,11.280193,9.510062199999998,6.5604129,3.9025764,2.5184929,6.1909981,6.2506332,5.3002501,2.0106962,1.4554278,1.8805237,1.9367429,2.228982,2.5232811,2.2552757000000003,1.904439,1.0767275,1.0167574,1.0818828,1.105691,0.9311232,1.129293,2020-08-25 09:50:02.468,Vehicle Movement,0.6806349158,,,,,,,,,,,,,,,,
0.23620972,0.86567098,1.5336204,4.7183061,9.6151352,11.548555,14.164765,15.924558,20.426083,20.273592,21.355841,18.881601,18.843399,18.504463,18.841869,14.150843,10.083482,8.777113900000002,9.086086300000002,16.599957999999997,18.551186,12.770876,10.51049,8.9269495,7.491510400000001,9.0913639,4.6902833,4.824954,3.0441916,2.1281898,5.1379538,6.290717099999999,6.195421700000001,2.5828607000000003,1.5167389999999998,1.9412384,1.431945,1.5970527,1.0108446,0.8730644000000001,0.85966897,1.6637326,2.2630007,1.9670445,1.5265228000000002,2.2453990000000004,2.1624525,2020-08-25 09:50:02.708,Vehicle Movement,0.6806349158,,,,,,,,,,,,,,,,
1.1453950000000002,0.86285478,0.92132688,2.824245,5.6475973,7.9464459,10.793047,11.612062,13.545175,14.862169,16.568619,12.921274,10.844404,10.337633,10.854565,8.1367102,6.4014492,5.853941000000001,5.0885792,9.3366089,10.447605,7.0434675,5.7968054,4.923442400000001,4.129685899999999,3.8345368,2.3776109,2.7377701,2.2953794,1.0838997,2.1044514,2.6552804,2.6802435,1.095879,0.65092623,0.80747908,0.77787662,3.5866973,4.1931438,5.1316357,4.7978888,5.2064886,4.6237898,4.0372572,3.0561743,2.2079957,1.2246907,2020-08-25 09:50:02.948,Vehicle Movement,0.6806349158,,,,,,,,,,,,,,,,
3.4408562000000007,3.2448945,2.4191475,1.6045318000000002,2.034524,3.2401958,4.4207172,4.7593699,5.5479598,6.0873876,9.5951185,17.710010999999998,22.646149,26.164806,30.062572,38.906326,47.778625,51.476185,50.077354,46.25082,42.227047,31.407616,27.47406,26.933365,27.54866,24.661531,28.108833,27.994244,31.30899,26.549305,22.968754,19.521637,22.178585,25.886415,26.118887,22.370527,17.69824,11.300934,4.9318290000000005,5.944749400000001,6.5377092,8.2245731,5.6224284,6.673567299999999,5.044391200000001,3.5781345,1.4521368,2020-08-25 09:50:03.189,Vehicle Movement,0.6806349158,,,,,,,,,,,,,,,,
1.2061948,1.0822666,1.0045024,0.58296216,0.89247531,1.0315688,1.3660436000000002,1.5387236,1.6974021,2.1074045,5.291955000000001,9.7675247,12.489934,14.430562,16.580282,21.457836,26.351145,28.569239000000003,28.095709000000003,26.633415000000003,27.346268,21.278379,20.263008,19.339842,19.504705,16.741072,18.100122,19.515896,22.776648,19.549789,14.766537,12.436047,12.969755,14.899372,14.503529,12.348053,9.761035,6.2327557,2.720031,2.412976,2.1303244,2.698462,1.906233,2.3067281000000004,1.6445171000000005,1.2158946000000002,0.63288766,2020-08-25 09:50:03.429,Vehicle Movement,0.6806349158,,,,,,,,,,,,,,,,
9.308729199999998,10.251666,8.479469300000002,6.581255900000001,6.5469403,3.3623800000000004,2.3506768,1.7517611000000002,1.7504396,4.4907427,10.818025,15.809634,24.052933,33.686462,42.614174,48.74918,51.193672,54.663479,52.885853,40.374535,25.30928,15.207829,8.0470705,8.1212521,9.0846281,8.2353497,7.7351151,7.712438099999999,6.928215,5.9466667,4.512866000000001,4.1928582,7.141624900000001,13.855566,13.973273999999998,13.962116,10.595241,8.8627453,8.017001200000001,5.2964239,3.9918172,0.99314928,0.6397056,0.97421074,1.050428,0.63899052,2.6235292,2020-08-25 09:50:03.669,Vehicle Movement,0.6806349158,,,,,,,,,,,,,,,,
4.7309427,4.8115344,4.159874899999999,2.9355853,3.2644975,1.7357478,1.0530307,0.96614146,0.96350944,1.4220270000000002,3.2930295,4.8089843,7.3164353,10.24677,12.962405,14.828557,15.572124,16.627569,16.086849,12.281152,7.6985922,4.6259274,2.4724123,2.4703279,2.7633684,2.5068245,2.3528726000000004,2.3459742,2.1074288,2.2262685,3.6312418,2.628283,2.7841797,4.2145948,4.2503996,4.2896271,3.3466803999999994,3.0624001,3.3201854,2.2186625,1.7354937,0.80477333,1.8740839,2.3978912999999995,2.3379779,0.3290379,1.0829147,2020-08-25 09:50:03.910,Vehicle Movement,0.6806349158,,,,,,,,,,,,,,,,
2.4259894,2.5638573,2.5560236,1.8936845,1.6408349999999998,0.54002458,0.32032523,0.66217703,0.77198523,0.46771744,1.1497078,1.6146364,2.4681456,3.4214375,4.0122843,4.5105596,4.7367387,5.0577846,4.8933082,4.8826575,6.1623087,5.0508356,5.2429142,6.1042175,8.885006,9.368806800000002,10.378531,10.944561,10.287815,16.46575,27.623276,27.569164,23.528372,18.420874,16.021632999999998,13.706964,10.918364,8.758462,7.8923798,5.566174500000001,4.9298816,3.4780428,2.2639499,2.0237126,1.8829281,0.34463841,0.42164183,2020-08-25 09:50:04.150,Vehicle Movement,0.6806349158,,,,,,,,,,,,,,,,
1.8016555,1.904043,1.8982252,1.4063404,1.2185625,0.46334586,0.25031626,0.37014732,0.48579615,0.28924456,0.38015288,0.4911412,0.75076228,1.0407351,1.2204592,1.3720249,1.4408243,1.5443199,1.5633912,1.9998846,2.5240161,2.0687687,2.1474419,2.5176506,3.7012339,3.8606536,4.2793412,4.4846087,4.2137794,6.7441959,11.619074,11.546575,9.1945934,6.812198599999999,5.4538708,4.1693921000000005,3.3211544,2.6641543,2.6100731,2.1195529,1.6178845,1.1845087,0.68864989,0.61557424,0.61694646,0.25805053,0.3644582,2020-08-25 09:50:04.391,Vehicle Movement,0.6806349158,,,,,,,,,,,,,,,,
0.71926773,0.86995029,0.94945949,0.91530943,0.8155566999999999,0.25399125,0.16109535,0.14494656,0.17940292,0.16455284,0.49972403,2.2412243,2.9667687000000003,3.0377285,3.2715194,3.7388303,4.0532508,2.9767237,1.7839811,1.9950041,1.966575,1.194207,1.8553153,3.3453428999999995,4.4831133,4.5754676,4.365353599999999,4.225462,3.8564279,3.7203701,3.658507100000001,3.5122447,2.7968171,2.0812378,1.6700189,1.3062195,1.0711592,0.9357627,1.0690582,0.86814624,0.78648698,1.1533136,0.70343226,0.69104421,0.55752671,0.55340379,0.31212655,2020-08-25 09:50:04.631,Vehicle Movement,0.6806349158,,,,,,,,,,,,,,,,
1.5013353,1.6405888,0.81659162,0.56596935,0.60250366,0.89884531,1.1946048,1.0410511,0.93253249,0.8254239,1.0435578,1.0455334,1.6845429,1.8887486,1.9870849,1.5313851,1.6922585,1.3206353000000002,1.3421048999999998,2.0715427,3.954031,7.140751799999999,7.2002411,3.477495,3.3293743,3.3979604,3.24192,3.1380298,3.2533011000000003,4.9782581,6.1426363,5.9607306,4.1457958,3.1131146,2.0347743,1.7174848000000005,1.3219689,1.3988165,0.43238428,0.58700156,0.58408284,0.85650587,0.52240241,0.51320237,0.51759762,0.43622506,0.29196861,2020-08-25 09:50:04.871,Vehicle Movement,0.6806349158,,,,,,,,,,,,,,,,
0.69109321,0.71533591,0.34771821,0.40230912,2.1124787,3.2276368,3.4096076,3.3324275,2.0406511000000003,6.445671099999999,8.526059199999999,10.500434,9.9075966,10.999229,10.526525,11.773635,12.725795,12.114392,10.160853,6.9335728,4.0169058,3.9407816,3.9711177,1.7071611,1.2606323,1.0787486000000002,1.2460299,1.255314,1.3325176,2.0390418,2.5159593,2.5102575000000003,1.7402788,1.5740074,1.1391724,0.99008828,0.85173082,1.0388279,0.46383178,0.27033359,0.26189634,0.68145484,0.97531331,1.5954523,2.3003519,1.6921452,0.59574026,2020-08-25 09:50:05.112,Vehicle Movement,0.6806349158,,,,,,,,,,,,,,,,
0.23478031,0.43203649,0.27047324,0.3247385,1.259424,1.9218702,1.8972247,1.3649268,1.1254716,3.6055086,6.658000500000001,7.9616947,7.1844153,7.1295056,6.445682499999999,7.0804834,7.4792833,7.0815845,5.603972,3.8240435,2.2154274,1.3229877,1.2079371,1.2826461,4.8761315000000005,5.8921075,6.5396996,2.6951814,1.6407404,1.2333575,0.76530617,0.76357192,0.52935934,0.59405136,0.8111549,1.0566298,0.81427121,1.6820258999999995,1.5755764,2.0117819,5.8552608,5.5164003,3.9989867,2.2780433,2.8998084,2.013844,1.6063889,2020-08-25 09:50:05.352,Vehicle Movement,0.6806349158,,,,,,,,,,,,,,,,
0.40781355,0.28805345,0.2262616,0.40532994,0.54101497,1.1041424,1.4076841999999998,2.1913583,1.6337221000000002,1.5828506000000002,2.1931357000000005,2.4648125,2.2000103,2.1686578,2.0368271,2.5167668,3.2271481,2.3284631,1.7840796,1.6629443,2.5367842,1.9199823,1.4874202,0.71766251,1.4888932,1.8763849,2.0931878,1.3088702,1.0169315,0.91595018,0.49641117,0.54493695,0.5838722,0.32013193,0.4149698,0.62110746,1.0167243,1.1348987,0.97527999,1.3115447,4.3483968,4.0967417,2.9698386,1.4540799,1.1301858,0.78502119,0.92846376,2020-08-25 09:50:05.592,Vehicle Movement,0.6806349158,,,,,,,,,,,,,,,,
0.28824869,0.37555993,0.34341899,0.44648162,0.41065493,0.36903635,0.45405221,0.69528365,0.52901495,0.50260901,0.73175609,0.74974847,0.69330198,0.66909295,0.87959057,1.6584466,2.1300628,1.7408237000000002,0.79518962,0.91715664,1.3991017,0.95844036,1.6551927,5.694262,7.7007885,8.183455499999999,6.4063826,4.3963323,3.3619428,0.41188714,0.1856851,0.27533424,0.30139336,0.13356955,0.16587949,0.42369753,0.64225346,0.65793723,0.53789204,0.46120766,1.3420398999999998,1.7438151000000002,1.836539,2.0648189,2.7558711,1.2868036,0.63193816,2020-08-25 09:50:05.833,Vehicle Movement,0.6806349158,,,,,,,,,,,,,,,,
0.45573604,0.43212551,0.37443027,0.31669408,0.29021797,0.39495584,0.31859446,0.35689592,0.4121248999999999,0.48683441,0.7845034000000001,0.76688254,0.78998518,0.6066792,1.3894687,1.9897915,2.440429,3.1860149,3.2938538,4.1815858,5.1248603,6.669939,8.6008062,9.4830313,8.1120949,8.0059366,8.7936049,7.654884299999999,6.911080800000001,3.7672322,2.7856023,2.2887826,2.694191,4.7738419,6.135283900000001,6.714767500000001,4.1139889,5.7436094,3.7162426,5.2083902,2.81534,3.9012659,3.2933760000000003,2.9514542,2.2360213,0.63008869,0.45173767,2020-08-25 09:50:06.073,Vehicle Movement,0.6806349158,,,,,,,,,,,,,,,,
0.3841022,0.36827073,0.48574871,0.31788102,0.1525232,0.26811653,0.22181468,0.30944073,0.22729753,0.27182493,0.44678277,0.44798237,0.3142629,0.31862584,0.57896048,1.0423548,1.7726346000000002,2.125639,1.84021,1.8273659,2.2266285,3.6786427,4.743566,5.2301359000000005,4.4740291,3.9815471,4.3634477,4.1749969,3.8410773,2.0530622,1.2510012,0.7487607,1.3055465,2.2721033,3.3339558,2.5680401,1.6896333,1.747095,1.2551093,2.3953569,2.0908058,2.8972664,2.4458184,2.2003629,1.7293348000000002,0.3786194,0.74375105,2020-08-25 09:50:06.314,Vehicle Movement,0.6806349158,,,,,,,,,,,,,,,,
0.76170206,0.81872499,0.73258108,0.36219168,0.56701887,2.0339913,2.9805954,3.8418891,5.329174,6.624414,9.2281218,12.295536,15.556767,17.064098,17.932693,19.193453,19.487976,17.411348,16.721869,15.361025,14.977723999999998,12.343219,6.278793299999999,2.6913469,2.6592858,3.0178883,2.7548165,3.4963751000000003,3.0241616,2.6991222,2.2142839,2.8591139,2.4247518,3.1756225,5.883447599999999,8.759516699999999,6.6628065,5.8108654,3.5897050000000004,3.8226089,3.7353375,3.0740128,3.1889176,3.908780600000001,4.6311588,4.3713665,2.0792308,2020-08-25 09:50:06.554,Vehicle Movement,0.6806349158,,,,,,,,,,,,,,,,
0.62210882,0.54662699,0.34200779,0.22281332,0.42440528,1.5422301,2.2167153,2.8531706000000003,5.3922348,6.730902700000001,13.397392000000002,15.779114000000002,23.254578,24.969931,27.925299,30.74527,31.862457,32.966045,31.4547,30.242649,23.755558,16.13439,13.44959,9.0469618,11.545342,11.879952,13.429423000000002,11.919191,10.252792,11.571077,16.406181,22.583481,21.799849,18.111195,15.118653,13.543943,11.348198,10.622006,5.1427302,6.699640799999999,9.0420189,9.7771358,8.2075262,6.7248549,5.0736284000000005,3.4239874,1.5657089,2020-08-25 09:50:06.794,Vehicle Movement,0.6806349158,,,,,,,,,,,,,,,,
0.21565384,0.21148735,0.30594337,0.3722574999999999,0.20335931,0.64476013,0.81797236,1.1667037,2.2169072999999995,2.7894096,5.7679715,6.5159254,9.7465744,11.276662,12.827938,16.433811,16.695183,18.181622,17.040131,16.582114999999998,11.671006,8.764209699999999,7.6112399,3.1207788,4.6737866,6.4012733,8.2641106,8.7500324,5.1282263,5.806354,12.184013,16.77157,16.189608,13.450239000000002,11.227833,9.8557415,7.278061900000001,5.8583102,2.8363485,3.6431155,4.8554001,5.3923426,4.5266614,3.7089303,2.2851319,1.2626845,0.74999082,2020-08-25 09:50:07.035,Vehicle Movement,0.6806349158,,,,,,,,,,,,,,,,
0.39385083,0.4375076,0.48381644,0.71449465,0.78545004,0.81959844,0.72122437,0.3725813,2.3711007,2.1838856,2.5478857,2.1276321,3.0472045,3.947587,4.591365799999999,5.5046844,5.8804531,5.658156900000001,5.5172386,5.878355,5.1551967,4.8336878,4.1977949,1.9271336,3.9225535,8.4693375,10.973066,8.463031800000001,6.0874,4.9174275000000005,5.7062392,5.1015868,4.9245653,4.1756148,3.4152894,3.6511242,4.5587139,3.6214943,3.4497204,3.4236417,3.2847085,2.4527156000000003,1.9177051,1.5943947,1.7565055,1.0417589,0.3551015,2020-08-25 09:50:07.275,Vehicle Movement,0.6806349158,,,,,,,,,,,,,,,,
0.41454872,0.49430388,0.54604179,0.6142509,0.60949969,0.62882799,0.55072838,0.21866703,0.9743433,0.9410131,1.0222889000000002,0.84926939,0.99870461,1.2007796999999998,1.4129615,1.6744186,1.7887201,1.9530747,2.1776123,2.1971097,1.8078706,3.3458085,4.1354556,1.509593,2.9130757000000003,6.2897348,8.1491232,5.9121413,3.8988383,3.3113501000000003,4.1662583,3.562686,2.0607305,2.1943009,2.3543096,2.3315029,3.9699769,2.3836451000000003,2.1323698,2.0851874,2.4241364,1.4328346,1.0949007,1.1840738000000002,1.3044649,0.77365994,0.5146758,2020-08-25 09:50:07.516,Vehicle Movement,0.6806349158,,,,,,,,,,,,,,,,
0.41791433,0.44770139,1.6814179,2.7442923,3.4972222,2.8675113,3.0909438,2.7427516,1.0601835,0.61790109,0.72579879,3.2642117,7.6964183,14.807606,22.70689,29.713482,31.971764,32.010071,28.380253000000003,22.967226,12.829135,4.9838448,4.7132607,5.9703431,6.7439923,4.7020545,3.0592513,3.0165532,15.57768,24.884665,32.747409999999995,31.427225,25.453844,17.159233,10.71393,9.2773371,10.416212,7.3633776,5.0138116,5.047823,6.265364599999999,6.976952099999999,6.4448318,4.2955642,3.5566595000000003,0.55014443,0.38222283,2020-08-25 09:50:07.756,Vehicle Movement,0.6806349158,,,,,,,,,,,,,,,,
0.80486542,0.92033118,1.3174727,2.0925381,2.6602533,2.1567578,2.2954822,2.0368981,0.78734314,0.34018096,0.83040309,3.1909664,8.9021635,16.890696,23.623766,30.286329,32.086113,32.227016,27.915102,23.1325,12.486545,6.077022599999999,4.3989329,3.4833038,3.7194848,2.5933044,1.6872558999999998,2.2128403,11.568728,18.480541,24.31979,23.339357,18.903242,12.743269,7.956677,6.8897939,7.7355757,5.4683957,3.7234964,3.7487545,4.6529593,5.1814179000000005,4.7992148,3.2638941000000004,2.6413450000000003,0.62234032,1.268092,2020-08-25 09:50:07.996,Vehicle Movement,0.6806349158,,,,,,,,,,,,,,,,
0.37076643,0.32739365,0.40368026,0.72505933,0.86197227,0.74353981,0.84850609,0.74461854,0.92031962,3.3289886,7.6920576,17.460739,21.109613,21.366365,17.294479,23.05081,23.055204,18.394501,12.232702,12.006153,16.322167999999998,19.208242,16.006004,4.2900877,2.5528841,3.9680223,4.8916512,2.8232329,6.233831400000001,18.298769,24.958044,28.796698,23.892021,20.571812,16.038717000000002,14.955182999999998,11.273142,8.6253052,4.0111289,1.1940418,1.4153402,1.6408973000000002,1.5682094,1.117866,0.81213903,0.38342643,0.73638344,2020-08-25 09:50:08.237,Vehicle Movement,0.6806349158,,,,,,,,,,,,,,,,
0.65491384,0.54854697,0.23314288,0.4477460999999999,0.3959612,0.5923028,0.49439871,1.0997806,1.947674,1.9169414,4.2423673,9.6300459,11.642496,11.784101,9.5383482,11.393439,9.6635847,6.8015141,3.8255246,4.9175925000000005,6.6853867,7.8674917,7.607533,3.6120086,2.1759751,1.8082021,2.7366869,2.9648099,2.5560737,7.4949808,10.222548,11.794822,11.432952,12.279952,10.420373,6.1492782,4.6173582,6.689825099999999,11.233475,12.621201,9.8682404,5.3370352,3.8410814,3.054177,1.1650631,1.158868,0.94673896,2020-08-25 09:50:08.477,Vehicle Movement,0.6806349158,,,,,,,,,,,,,,,,
0.53745121,0.55196941,0.34649533,0.41399571,0.31480339,0.4997642,1.0288705,0.83246034,1.447892,1.3108584,2.5084302000000003,4.5453138,4.156606200000001,4.034802399999999,5.2342830000000005,8.754269599999999,8.8840332,6.365262,4.2425809,2.8425557999999995,2.0804558,2.7404437,3.1159649,1.4824312,1.2341605,2.1709344,1.8664901000000005,1.5297917,0.78989619,2.2798281000000005,3.1506524,3.8868501,4.6828156,6.178723799999999,7.384253999999999,10.261461,10.946334,9.696909,7.0884166,5.8741598,5.351986900000001,4.6053629,3.6669049,2.7251306,1.4090865,2.1881962,2.1488702,2020-08-25 09:50:08.717,Vehicle Movement,0.6806349158,,,,,,,,,,,,,,,,
0.36342907,0.33128053,0.3585784999999999,0.28137305,0.23639302,0.64359862,0.86642563,1.0147933,1.0977436,0.60076052,1.2846465,2.4747913,2.4329681,2.4400232,3.2662854,4.548511,4.7229638,2.73964,1.7377161,3.1391811,3.8568959,3.6704819,4.3570213,3.6176057,6.522236799999999,3.9597418,2.9293664,2.7544703,2.0059171,0.93269986,1.3675395,1.7837862,2.1619854,4.5886149000000005,5.4839001,7.620651700000001,8.3826561,7.2774224,5.264196900000001,4.402369,4.1148672,3.4201624,2.7232189,1.6536862,0.59615111,0.90677989,1.41163,2020-08-25 09:50:08.958,Vehicle Movement,0.6806349158,,,,,,,,,,,,,,,,
0.51033849,0.2801099999999999,0.75800878,0.7275845999999999,0.51408935,0.65352041,1.5353105,1.4634949,2.2937887000000003,1.2048993,2.4877858,2.4582012000000004,3.2369959,3.8558803,2.5539873,2.4636669,2.0614357,1.8881937,2.9579418,3.3176982,10.764666,11.902597,13.134415,11.745852,11.809002,5.0823112,4.8807373,6.5530505,10.33237,6.464986799999999,3.9703703,3.7686303,2.405463,1.4471691,1.8944217,2.5988953,2.5631614,2.8891954,2.1562335,2.7382317000000005,1.9513199,4.3284593000000005,5.048697,4.2766237,3.2944078,0.67739856,0.45829639,2020-08-25 09:50:09.198,Vehicle Movement,0.6806349158,,,,,,,,,,,,,,,,
1.3276217,0.99553102,1.0899624,1.1582983,0.93550056,2.047441,4.6963644,5.149992500000001,8.187211999999999,5.664152099999999,8.3433428,6.4609504,7.3837523,4.435585,2.6787703,4.9370494,8.819632499999999,5.4049931,4.811358,3.6353621,3.7712874,3.9042692,4.4201155,3.7533875,3.837683,1.9759599,2.1288657000000004,2.3150315,4.5841918,3.073694,2.8399158,2.7987652,1.7864118000000002,0.59898007,1.2647669,1.5410936000000002,2.0002091,2.0129714,3.2325847000000003,3.3509979,2.649483,1.7268356,2.0269125,2.2593884,3.4956753,3.845875700000001,2.7174959,2020-08-25 09:50:09.439,Vehicle Movement,0.6806349158,,,,,,,,,,,,,,,,
0.7683531,0.64551151,0.59950149,0.43207783,0.83309966,1.2291433,1.7142426,1.6599753000000002,2.5165472,3.0832641,3.0833676,2.7680793,3.4864819,4.1576509,4.5607123,4.9536896,8.8765898,4.790613700000001,3.5731442,3.5910330000000004,3.1011238,2.0355728,1.3484044,1.141708,1.2125768999999995,2.0521581,3.0081475,1.5580362,4.0025191,7.552199400000001,8.4829788,8.0933628,8.6915894,12.266213,17.086302,19.428675,16.481045,14.553474,11.042351,14.304904,16.796728,19.906099,21.608593,18.957085,15.002335999999998,9.437418,4.1718345,2020-08-25 09:50:09.679,Vehicle Movement,0.6806349158,,,,,,,,,,,,,,,,
0.64555031,0.60687548,0.99017763,1.0019295,0.66123182,0.46802443,0.52784395,0.69969958,0.82721531,1.2628722,1.2629145,1.1337758,2.1339393,1.7029297,1.8680195,2.0289783,3.6357565,3.6398542,4.874311,5.6272783,7.8943725,8.102947200000001,10.439477,10.614203,8.890463800000001,8.542616800000001,7.8457046,8.6277256,8.9751644,9.2569008,7.375230800000001,6.950388,5.8324075,6.7989516000000005,6.9983668,7.957778,6.750461099999999,5.9609485,4.5228291,5.8591361,6.996666900000001,8.3620996,9.1544189,8.2032747,6.963717900000001,4.3787975,2.0840061000000003,2020-08-25 09:50:09.919,Vehicle Movement,0.6806349158,,,,,,,,,,,,,,,,
0.32895267,0.45069474,0.6668998,0.65887529,0.43430588,0.39185342,0.38391894,0.9709239,2.8197229,2.6058602000000004,2.3241696,0.60742557,1.2576563,1.1150261,0.85471791,0.71541798,1.3453443,2.0074735,2.6883078,3.1035881,4.353949500000001,4.4689832,5.757639900000001,5.8540068,4.9033194,4.711473000000001,4.3332191,4.7584124,4.9500337,5.1054187,4.0676293,3.8681476,3.2684851000000004,3.7497966,3.840133400000001,3.9259391,3.295202,2.2920263,1.5267236000000002,1.8609687,2.1282506000000003,2.5435886,2.7845972000000003,2.9045603,5.1346388,5.7354059,4.3031468,2020-08-25 09:50:10.160,Vehicle Movement,0.6806349158,,,,,,,,,,,,,,,,
0.37397233,0.40737528,0.53383201,0.40233731,0.32736576,0.23701718,0.24217685,0.62154496,1.8166162,1.4496001,1.1617643999999998,0.53513277,0.42134869,0.40471137,0.3280245999999999,0.37104425,0.54576224,1.1984812,1.2521557,1.863981,1.4596098999999998,1.5194014,1.9340513,2.3249111,1.896305,2.0309834,2.2525392,2.2746115,1.8537976000000005,1.7336636000000003,1.24447,1.1865925,1.0022794,1.2829611,1.2924414,1.8894894,1.2464754999999998,1.1904696,0.67853266,0.66215485,0.84613991,0.89817089,1.4015164,1.0536959,1.6300796999999998,1.7537211,1.3128791000000002,2020-08-25 09:50:10.400,Vehicle Movement,0.6806349158,,,,,,,,,,,,,,,,
0.4378755999999999,0.32780215,0.35713235,0.2333429,0.24857506,0.17602028,0.28377128,0.29218471,1.3954487,1.4998581,1.5643305,1.1314187,0.71781617,0.25454053,0.23442623,0.47411412,1.2654772,1.7757333999999998,2.9700389,5.852810900000001,6.4506569,4.777273200000001,3.6147807,5.1518989,4.7305708,3.9938076,3.1470366000000003,3.1992037,6.1869831,9.2167158,9.3140984,9.311594,8.859499000000001,12.533549,15.699566,15.194921,12.815806,7.4261618,6.2525377,4.945786,4.5602160000000005,4.4189,3.486295,0.97394919,0.53943771,0.65430075,1.5127357,2020-08-25 09:50:10.640,Vehicle Movement,0.6806349158,,,,,,,,,,,,,,,,
0.39670759,0.40644559,0.3284107999999999,0.15368839,0.17598128,0.26231968,0.27763709,0.34329528,1.2996831,1.3582155,1.5142667,1.18643,1.0850302,1.0292101,2.1832159,2.5353854,2.3421319,2.396466,2.5596309,3.5706544,3.9054954,2.7175431,2.0477085,3.0043931,2.6801603,2.2550931,1.9395312,1.8633623,3.4399655,5.0870638,5.3802176,6.915234599999999,6.1876926,7.785987400000001,8.852835699999998,8.3917112,7.099682799999999,4.0957189,3.4484351,2.7277284,5.7513919,6.9888,5.1234536,3.2945876000000003,0.64221609,0.36086372,0.84447223,2020-08-25 09:50:10.881,Vehicle Movement,0.6806349158,,,,,,,,,,,,,,,,
0.90256482,0.54737437,0.44080338,0.46023425,0.49851513,0.41957545,0.46825948,0.67230719,1.4751176,4.060853,3.885819,3.6463659,1.1782581,0.52530181,0.70776671,0.80976355,0.71243125,0.7510766999999999,0.81647974,1.1724548,1.216904,1.201383,1.1197531,1.2632715,0.88852715,0.70394218,0.59834933,0.75055969,1.785408,2.1841719,2.1455653,2.2396121,2.1646364,2.5956659,3.1735792000000003,2.8563285,2.4667306,1.437791,1.3790633999999995,2.0072546,4.2712574,5.1902175,3.8618367,2.522223,0.72405642,0.41873065,0.38449627,2020-08-25 09:50:11.121,Vehicle Movement,0.6806349158,,,,,,,,,,,,,,,,
0.42561328,0.32348782,0.29032657,0.28073353,0.31055447,0.27437866,0.28277975,0.54808444,1.149605,3.0157833,2.8857949,2.7079651,0.87503076,0.68807763,1.6877588,3.5747311,3.8515007,3.599416,3.666911100000001,3.0415525000000003,2.4272358,1.9594198,1.6296218999999998,0.58338863,0.32102647,0.22858252,0.19320132,0.24829261,0.57770759,0.67261982,0.66502875,0.68124664,0.65844053,0.7895515000000001,0.97495109,1.1006541,0.75033182,0.88203794,0.77704024,1.095823,1.9123377,3.0210013,2.4484034,2.2335405,1.8341342,2.3464856,1.8267382,2020-08-25 09:50:11.362,Vehicle Movement,0.6806349158,,,,,,,,,,,,,,,,
0.39377248,0.35471913,0.20629893,0.22358677,0.27729747,0.45468125,0.43893936,0.33703697,0.66518599,1.0637339,1.8016542,2.277375,2.5566339,0.57480365,0.69128799,1.6280932,2.0069194,1.9568981,2.6418934,4.6910973,6.7424855,7.9908924,6.652317,7.8573008,14.777212,17.983027,18.085907,16.124699,14.726541,11.508057,10.897421,10.154374,9.2388773,9.384099,8.187585799999999,6.484685900000001,5.4597578,2.4574821,1.1820735,1.0465413,1.6870807,4.0270691,4.3597493,5.278693700000001,2.9671547,1.0185356,0.77835995,2020-08-25 09:50:11.602,Vehicle Movement,0.6806349158,,,,,,,,,,,,,,,,
0.30520517,0.36605069,0.35274908,0.39595383,0.44385248,0.54018974,0.42973578,0.40406156,0.468126,0.8522203000000002,0.93375778,1.0294554,1.0787097,0.3548288,0.73113382,3.0396142000000004,1.7424283,1.1124665,1.9619962,3.5931714,5.5193691,6.1561489,4.940328599999999,4.9592919,8.3267174,9.9863634,9.974843,8.8931866,8.1220646,6.5248098,8.181475599999999,7.5411234,6.861230900000001,5.7924576,4.7342224,3.9067676,3.3854709,1.6757897000000002,0.65194404,0.50100505,1.2529066999999998,2.9906938,3.2377582,3.9202099,2.2035508,0.72762638,0.8735745,2020-08-25 09:50:11.842,Vehicle Movement,0.6806349158,,,,,,,,,,,,,,,,
0.30502647,0.45766643,0.4522332,0.37828457,0.39145911,0.44852522,0.34549239,0.51439887,0.30558246,0.44594035,1.06504,1.275687,1.3343197,0.42603052,0.93080372,1.7331938999999998,1.7293497,0.84647894,1.0912185,3.178242,9.1606407,13.165524,16.953476000000002,20.918997,25.869627,26.361803,24.295879,20.1112,18.18387,15.263847,12.034988,10.20349,6.5336137,3.538039700000001,1.5485877,1.2803352,1.1863655,2.4981863,2.3270886,3.1440914,4.0084486,3.521796,1.8733025,1.2191497,0.81283021,0.9047153,0.97940987,2020-08-25 09:50:12.083,Vehicle Movement,0.6806349158,,,,,,,,,,,,,,,,
1.2085028,0.5515874,0.53518856,0.61878139,0.56371617,0.67492169,0.46271777,2.2805438,2.5281305,2.304996,0.7323907,0.41181436,0.4198577999999999,0.26339284,1.2905971,1.6307673,1.5326988,0.92338419,1.0801715,1.4882813999999998,3.7521009,5.392458400000001,6.9439631,8.5681982,10.595922,10.797513,9.951333,9.1952744,8.554900199999999,6.2869449,7.1604443,7.9025311,7.163824099999999,4.6304121,2.4714150000000004,1.770782,0.59497094,0.94027638,1.2004453000000002,2.2156873,2.3412645,3.7879038,3.0555556,3.7694921,1.2113845,0.49897391,0.54016972,2020-08-25 09:50:12.323,Vehicle Movement,0.6806349158,,,,,,,,,,,,,,,,
0.71559185,0.3909696,0.3909739,0.42954397,0.40646374,0.47651589,0.30403537,1.2757432,1.4429513,2.3156095000000003,3.9408817,4.321067299999999,2.5566781,2.4237394,2.9891434,1.7921603,1.9798617,3.3998032,9.2943287,6.5316958,4.616685400000001,8.907753,10.379457,12.107274,11.148507,10.028112,7.723442100000001,10.598797,12.174027,10.242609,8.9449091,8.3155622,8.474635099999999,10.831571,14.560638,14.850554,13.046585,7.1717095,2.6570261000000004,1.1530329,1.0286568,1.5938282,1.3382237,1.5482047,0.57989562,0.92735225,0.57005,2020-08-25 09:50:12.563,Vehicle Movement,0.6806349158,,,,,,,,,,,,,,,,
0.73205978,0.78640288,0.77098507,0.79749185,0.60586196,0.74596703,0.49771917,0.57152456,0.65675998,2.7429297000000004,3.747200700000001,4.0051203,2.1718702000000003,3.8853171,1.9390289,7.625989,8.3534145,21.483971,28.243803000000003,31.492922,23.44828,16.778385,10.990427,7.8302584,6.6843147,5.8921876,4.3987846,5.142820400000001,6.0185342,12.511383,21.55901,27.40592,25.90626,32.885857,35.026089,40.12405,39.124371,45.489697,43.224335,44.909996,42.716518,40.64949,37.612564,29.540182,18.48984,7.2002416,1.3232487,2020-08-25 09:50:12.804,Vehicle Movement,0.6806349158,,,,,,,,,,,,,,,,
0.40921095,0.49174452,0.32686633,0.40659752,0.25608647,0.3354331,0.28500333,0.3670795,0.9484666,2.0007539,3.5656972,3.9180269,2.1544127,2.3727002,1.358086,3.4114032,4.158237000000001,8.7996054,14.261153,18.996784,20.499371,28.649164000000003,23.224859,17.949512,6.6762652000000005,2.85445,1.8063067,2.1064448,2.3567073,5.6191874,11.47964,14.440339000000002,14.280485,18.1374,19.317791,22.129442,21.578098,25.088737,23.839333,25.105759,23.855259,22.851645,22.185877,18.633099,11.491715,3.9820731,0.97968864,2020-08-25 09:50:13.044,Vehicle Movement,0.6806349158,,,,,,,,,,,,,,,,
0.19229032,0.27685288,0.23259124,0.23901145,0.20697562,0.21289451,0.18872194,0.30288768,0.34259236,0.60859054,1.1074716,1.2158844,0.65533078,0.72172952,0.41310358,1.2865599,1.4441162,3.3651907,5.3638029000000005,8.7390614,10.948875,12.650409,13.281595,11.098967,10.297696,8.3079309,8.3327341,8.1144371,8.0896645,6.755700599999999,6.6882792,5.5249972000000005,4.4070754,5.5853167,5.8976593,6.7403951,6.563639599999999,7.6315079,7.2514634,7.6366863,7.256306599999999,6.951027900000001,6.7485132,5.667827099999999,3.4955571000000005,1.2125295,0.62415826,2020-08-25 09:50:13.285,Vehicle Movement,0.6806349158,,,,,,,,,,,,,,,,
0.42470181,0.31063169,0.23974214,0.2788209,0.32014313,0.37181959,0.34447762,0.26210016,0.21755454,0.24623936,0.37198824,0.44344792,0.29447922,0.48806903,0.98397315,0.94159073,1.7593168999999995,2.7630534,6.6014686000000005,9.382452,16.354862,20.597546,21.533342,12.87627,11.332012,8.2132988,8.644545599999999,8.0271463,7.6950110999999985,5.555004599999999,11.202749,9.7444143,5.9160461,2.0357594,1.9728711,2.3597898,2.3041015,2.3762476,2.257668,2.3272114,2.3278232000000005,2.4022114,2.2895215,1.7240431,1.0632809,0.43392438,0.29338706,2020-08-25 09:50:13.525,Vehicle Movement,0.6806349158,,,,,,,,,,,,,,,,
0.26269978,0.31135699,0.3519364,0.36208162,0.4233138,0.41047144,0.38595143,0.29285303,0.39469066,0.28228736,0.30472913,1.4281895,1.7401868000000005,3.8304074,4.0287476,4.4533458,3.4660144,2.3996313,2.0816801,2.927119,5.8541045,7.109872800000001,7.946923700000001,4.9413972,4.641471900000001,3.3640797,3.540714,3.2878337,3.1517949,2.1978273,3.4157186,3.0464745,2.3402555,0.65675777,0.94076169,2.327925,3.0887475,3.4041903,2.4818561000000003,1.3349031,1.3089253,0.79979521,0.75907171,1.1859485,0.3957315999999999,0.44508624,0.197302,2020-08-25 09:50:13.765,Vehicle Movement,0.6806349158,,,,,,,,,,,,,,,,
0.34298131,0.35416543,0.28560662,0.43211678,0.51056248,0.49284118,0.38787106,0.27144057,0.39193916,0.40592283,1.0194029,1.6603078000000002,1.8780905,2.1504939,2.2219579,2.4561342999999995,1.9581089,1.3288958999999998,1.1481001,1.1458928999999998,1.9413922,3.1252496,5.114716099999999,4.1935091,4.8861365,3.1695759,2.2716804,1.2020897,0.95871508,0.83236951,1.7074732,1.6561612,1.7379858,0.22085272,0.41602674,0.95349336,1.265118,1.3943202,1.0165418,0.56344187,0.53612185,0.4411076,0.38862592,0.71999258,0.52519655,1.0748209,0.27854785,2020-08-25 09:50:14.006,Vehicle Movement,0.6806349158,,,,,,,,,,,,,,,,
0.4841581,0.33257055,0.2121051,0.38389418,0.35282922,0.39440563,0.31099987,0.25320438,0.32477993,0.31249291,0.5865106,0.93072742,1.0376191,0.78273314,0.89303428,0.85025948,0.63048285,0.64831191,0.89348578,1.1974615,3.0175183,3.2472637000000004,3.4388618,2.3228736,3.5073619,2.5149696,2.0821933999999995,0.49236333,0.39760137,0.59342217,0.59547752,0.89880621,1.6464386999999998,2.3122611,2.7148774,1.719213,1.3063812,1.3076261999999998,1.4296452,0.88277167,0.7825647,0.75648618,0.82566392,0.87198472,0.92154014,0.6196,0.53721082,2020-08-25 09:50:14.246,Vehicle Movement,0.6806349158,,,,,,,,,,,,,,,,
0.3781184,0.33691555,0.10683402,0.23612401,0.2866194,0.33837461,0.35202229,0.25325054,0.35942736,0.34331408,0.46516523,0.45245036,0.32247829,0.32826877,1.4454011999999998,2.1995745,1.7656791,1.4586674,3.0083716000000003,3.6659949,3.8076291,5.5113993,8.402544,13.207814,19.014692,20.8076,19.10247,13.872297,5.9683557,1.4595077,1.5961587,2.0084953000000003,2.9137595000000003,4.1958308,7.1376467,4.0461092,2.6209855,2.0514674,1.4499593000000002,0.82465166,0.69069213,0.99462062,1.1691272,2.4155805,3.0130644,6.2190084,9.8749943,2020-08-25 09:50:14.487,Vehicle Movement,0.6806349158,,,,,,,,,,,,,,,,
0.39610395,0.49088362,0.28312424,0.28336775,0.33813125,0.30676723,0.47160128,0.49165115,0.41325444,0.36552876,0.37385353,0.32654688,0.36792129,0.7245636,0.6891005,0.71670181,0.59953207,0.81213009,1.6867154999999998,2.0849411,1.6268882,1.9036691000000003,2.7442932,4.0594344,5.7855248,6.329268900000001,5.8106008000000005,4.2540388,1.9342902,2.2591221000000004,2.6472392000000005,4.6004095000000005,2.9650168,3.9263947,5.2051334,5.6766157,7.0995984,12.292183,11.136272,11.641521,16.364296,14.858537,14.431047,10.20998,9.1199427,7.8883905,7.7827034,2020-08-25 09:50:14.727,Vehicle Movement,0.6806349158,,,,,,,,,,,,,,,,
1.1599712,0.47090662,0.27198604,0.32718885,0.34133685,0.33932939,0.3250477,0.36554533,0.33676043,0.54790628,0.77014285,1.4714168,1.1141551,1.7263544999999998,2.3776436000000003,1.1137663,2.2415676,7.522481,8.5791578,12.250217999999998,13.198576,13.129324,10.835539,12.369482,10.090202,7.9200478,7.191183099999999,7.0098076,9.6910467,6.995059,4.8755965,7.7303929,10.037843,7.6303968,7.8824072,5.8195877000000005,4.8441496,7.016976400000001,7.939186599999999,8.645548800000002,12.166089,11.034658,11.091694,8.724071499999999,8.8384733,9.7603998,11.668876,2020-08-25 09:50:14.967,Vehicle Movement,0.6806349158,,,,,,,,,,,,,,,,
0.5636248,0.22779146,0.2837598,0.32007006,0.30256519,0.31131536,0.33016008,0.39390227,0.27510756,0.25178304,0.27065477,0.52083075,0.41138941,0.58424038,0.72822922,1.1111131,1.7071342,5.5865541,6.405663,9.1579857,9.8018923,9.7504625,8.0469885,9.1861677,7.4934659,5.8818064,5.3405156,5.205817700000001,7.1970348,5.194865200000001,3.6208501,5.7409596,7.454581299999999,5.092731,4.3473496,3.2096524,2.6716735000000003,2.3385437,2.7315764,2.7056859,3.7443085,3.3888073,3.3904037,2.6536934,2.6884921000000004,2.9689245,3.5494459000000003,2020-08-25 09:50:15.208,Vehicle Movement,0.6806349158,,,,,,,,,,,,,,,,
0.35496745,0.55475658,0.31655639,0.26318064,0.28495342,0.27905661,0.34198651,0.38695312,0.34333766,0.33802029,0.2757822,0.53051674,0.85065717,0.87408203,0.39502704,0.40105727,0.53881353,1.6993213,1.9484783,2.7856815,3.033704,2.9659019,2.4574838,2.85904,2.6624491000000003,2.2801442,2.0743608,1.6976398999999998,2.3466663,1.6873503,1.1078923,1.746289,2.2675395000000003,1.8490702,1.9910229,2.950614,1.7119979,1.4947163,1.2119832,0.8230173000000001,1.151752,4.0798349,4.8069406,6.0054102,5.2813091,4.4719157,3.8549304,2020-08-25 09:50:15.448,Vehicle Movement,0.6806349158,,,,,,,,,,,,,,,,
1.0079623,0.67092949,0.43225229,0.31004873,0.36647421,0.32072109,0.32174394,0.28587607,0.26929575,0.27647448,0.34037653,0.458985,0.6516301,0.64913511,0.2933659,0.24964613,0.46472308,1.2329912,0.94315928,0.90421772,1.0049189,0.95545733,0.85155177,0.98925364,1.0905111,0.93392283,0.84963626,0.69533545,0.96116972,0.69112086,1.1698,1.7404299,1.8626584,2.585803,2.1837783,2.3760352000000005,2.1977849,3.423521,3.6767585,4.3344498,5.603383999999999,7.6115685,8.4856939,6.9980865,4.3277535,2.7985704,2.3630035,2020-08-25 09:50:15.688,Vehicle Movement,0.6806349158,,,,,,,,,,,,,,,,
0.5395928000000001,0.32827467,0.43314418,0.21498042,0.32715693,0.29094923,0.29909185,0.30142665,0.31827629,0.25970176,0.39778882,0.37163901,0.32443801,0.29744625,0.39931956,0.51540589,0.80217671,0.93348503,0.60368568,0.70709956,1.3179468,0.85588485,0.89920187,0.73571903,0.9318136,0.52789909,0.75672185,0.91122615,0.87463689,1.3197502,2.1165223,2.5906591,2.7042568,2.452276,2.7713678,2.0634851000000003,1.5031129,1.7827928,2.3992422,2.255172,2.4334223,2.8085549,3.4241824,4.2066355,6.5252614,8.1031313,6.705761,2020-08-25 09:50:15.929,Vehicle Movement,0.6806349158,,,,,,,,,,,,,,,,
0.54628128,0.26141441,0.30100715,0.25498176,0.32093173,0.29809725,0.40581623,0.31209612,0.24663946,0.23076802,0.2201159999999999,0.26519716,0.30584061,0.37105298,0.33501974,0.44168222,0.46731025,0.58710635,0.25966775,0.52512598,1.0133152,0.77020156,1.1965578,1.3566561,1.7400998,2.187216,3.1907542,3.864378,2.8768656000000004,1.7364889,1.0545421999999998,1.2001826999999998,1.4914671999999998,1.3524933,1.5284806,1.7732994999999998,1.3975867,2.0488918000000003,1.3232437,1.2437856000000005,1.1871872,1.1871895,1.8885245,2.3200676,3.5988492999999995,4.4690857,3.6983991,2020-08-25 09:50:16.169,Vehicle Movement,0.6806349158,,,,,,,,,,,,,,,,
0.39404777,0.20791696,0.35260579,0.36620176,0.38896343,0.39412451,0.46874815,0.55972606,0.34489083,0.51364523,0.46674952,0.35672128,0.2423676,0.52417964,0.50679421,0.42046407,0.43051738,0.48847997,0.28462622,0.29125524,0.33437499,0.39633393,0.39976159,0.46419257,0.52930474,0.70340937,1.0105493,1.1994026000000002,1.2642741000000002,3.7901778,6.3800526,6.8631921,7.7238703,9.9732523,11.865155,12.667062,9.4862843,8.4199448,5.1942153,6.2190318,7.047697099999999,11.12576,14.046328,15.505747,14.131948,11.535927,8.0068283,2020-08-25 09:50:16.410,Vehicle Movement,0.6806349158,,,,,,,,,,,,,,,,
0.59254915,0.39035675,0.39947173,0.44101772,0.46733749,0.57957006,0.58365494,0.65381294,0.38505846,0.41559601,0.61410403,0.9705677,1.069535,1.0219604,0.7043429,0.46865422,0.53462374,0.63872898,0.81678128,0.94852614,1.2362746999999998,1.0671701,0.94820124,0.45331702,0.64834148,2.3356118,2.7764993,2.6318979,0.93891037,2.8147671,4.8035073,5.1664791,6.6102452000000005,9.4641294,11.924032,13.07755,9.5477819,7.9655523,4.2027159,5.6279187,6.6123805,11.119676,14.70635,18.509966,18.299776,16.241999,11.500882,2020-08-25 09:50:16.650,Vehicle Movement,0.6806349158,,,,,,,,,,,,,,,,
0.45257297,0.33620206,0.3281959,0.42203698,0.39530486,0.30915719,0.27159113,0.34610754,0.25716102,0.3262226,0.30626285,0.48200113,0.50051767,0.499109,0.64184111,0.76888698,0.62975645,0.57195657,0.46468979,0.41008359,0.50725991,0.45725372,0.52295738,0.48289362,1.7918888,3.1520088,3.6354125,4.7329702000000005,3.6658113,2.1643045,2.6839569,2.4627109000000003,2.090342,3.0853102000000003,4.0344915,4.2526746,3.2440958,2.6600759,1.5010401000000002,1.737554,2.1058533,3.6316733,4.7312045,6.027554,5.7414498,5.1842937,3.7679179,2020-08-25 09:50:16.890,Vehicle Movement,0.6806349158,,,,,,,,,,,,,,,,
0.40852523,0.32770553,0.28516865,0.36859751,0.34934852,0.33826366,0.28526405,0.2906349,0.26726305,0.25646484,0.31592417,0.4371627,0.41623294,0.53623056,0.44089389,0.55867708,0.3811930999999999,0.38035956,0.33213869,0.56305236,0.28237262,0.28901047,0.61705363,0.73428935,2.3339744,2.711473,3.0310035,2.9921455000000003,2.4786263,1.273737,1.5037844,1.4309096,1.1982688,0.94668853,1.2272143,1.2935815000000002,0.98679125,0.8091436,0.52784103,0.56264323,0.71855605,1.1775903,2.711627,3.0893269,2.4149845,1.5886035,1.3470508999999995,2020-08-25 09:50:17.131,Vehicle Movement,0.6806349158,,,,,,,,,,,,,,,,
0.6044994,0.30566329,0.3280333,0.2858893,0.26495215,0.40018001,0.27041155,0.23570266,0.32917586,0.33400589,0.32370126,0.36203563,0.35861239,0.43938136,0.32742888,0.35535687,0.28309223,0.30373934,0.2995432,0.38246483,0.18034767,0.23192883,0.34779465,0.33488154,0.71550947,0.82477766,0.92737937,0.93312341,0.78176302,0.39023131,0.46095079,0.43728098,0.40038547,0.40755102,0.72065192,0.89962596,1.1254946,1.3202901000000002,0.54322761,0.41691664,0.36655456,0.6494714,1.4955322,1.7038432,1.3319261,0.50742233,0.40974683,2020-08-25 09:50:17.371,Vehicle Movement,0.6806349158,,,,,,,,,,,,,,,,
0.36383748,0.23559158,0.28413209,0.29921415,0.26030582,0.29719281,0.49109393,0.51758295,0.58242828,0.44036257,0.47089371,0.65266395,0.81909645,0.96380663,0.72947121,0.56491089,1.0921453,1.4009073,1.557929,2.6916473,4.856091,6.0813699,6.836590299999999,5.653695099999999,4.3137312,1.7584893,0.90352726,0.3744812,0.46027678,1.5703068,4.3776321,5.440997599999999,5.7834053,6.392519999999999,6.2163,6.2688174000000005,3.8912261,3.4316525,0.99249279,0.36679706,0.16964167,0.79641485,1.7819755000000002,1.4753664,3.0557554,6.7504716,7.7875104,2020-08-25 09:50:17.611,Vehicle Movement,0.6806349158,,,,,,,,,,,,,,,,
0.44979265,0.31514522,0.48036724,0.55594552,0.55176824,0.62832022,0.46410593,0.42248145,0.37201485,0.29994452,0.43781644,0.5652923000000001,0.63142943,0.74915445,0.46971127,0.67799956,0.78805739,1.6213002,1.6694793,2.4366796,4.729324299999999,5.2420816,5.2102141,3.4915876000000003,2.3791335,0.96985209,0.56287158,0.79084599,0.88300455,1.4342382,2.813107,3.1570857000000005,3.3016729,3.5464334,3.4284496,3.472724,2.2223954,2.0408661,1.3704586,0.86048222,1.1972674,0.62967819,1.3334707,1.0956775,1.9687109,3.8411026,4.7809191,2020-08-25 09:50:17.852,Vehicle Movement,0.6806349158,,,,,,,,,,,,,,,,
0.35272947,0.35469177,0.21296194,0.37700254,0.44107756,0.43187219,0.29647344,0.2939176,0.4314906,0.27545306,0.25132245,0.34406751,0.29316208,0.48247948,0.96490586,1.0224226,0.87106854,1.0654545,1.2256068000000002,1.0985405,2.3418121,2.9481189,2.4534948,1.5617068,3.1834176,4.237646099999999,4.5918913,3.3609169000000003,2.0734799,2.0827022,2.1521921,1.9971596,1.8377545,2.1307869,2.6482334,1.9798537,2.4622314,2.1276774,3.3552322,2.5779488,3.473315,2.8779163,2.0238757,1.3311656,0.99739003,1.3545805,1.6193718,2020-08-25 09:50:18.092,Vehicle Movement,0.6806349158,,,,,,,,,,,,,,,,
0.22256619,0.2438308,0.23271158,0.22791249,0.34505689,0.33356959,0.25857478,0.27071652,0.42967585,0.24536929,0.2041878,0.51510197,0.55881047,0.59144872,1.5115212,1.4721162,1.6468139,1.0530732,1.055966,1.1410745,1.351303,1.4125566,0.88424981,1.0641344,2.9463713,2.9252477000000003,2.9883733,1.8536321,1.5082451,1.6347343,3.4251792,3.5888865,3.3042603,2.4140284,2.9100623,1.9845053,2.3390498,1.8222797,3.7463443,3.1278858,4.2082267,2.8832798,1.7007383000000005,0.98858714,0.66414368,0.89568281,1.0163601999999998,2020-08-25 09:50:18.333,Vehicle Movement,0.6806349158,,,,,,,,,,,,,,,,
0.45253229,0.15730432,0.27747533,0.40594465,0.38914678,0.32862759,0.19572791,0.18802065,0.20717546,0.23111227,0.26528907,0.37745437,0.43679059,0.32361984,0.65639335,0.72083694,0.93584573,0.56393313,0.53574866,0.84741646,2.0576177,2.9893997000000003,2.8070362,3.1414711,3.3136017,3.0227976,2.4179149,2.371892,2.7499321,4.6231046,4.9422083,5.015183400000001,3.8813679,3.6430855,3.8199461,4.297328500000001,4.0373292,3.5164452000000006,4.4640074,4.3838787,4.8134723,4.23944,3.3740141,2.3111725,1.3462641000000002,0.66022092,0.55784047,2020-08-25 09:50:18.573,Vehicle Movement,0.6806349158,,,,,,,,,,,,,,,,
0.46883085,0.3851926,0.21049407,0.37263992,0.52256972,0.53841925,0.48411426,0.29473767,0.37614477,0.31086406,0.23249817,0.34105107,0.6542812,0.63764745,0.67160988,0.34480613,0.44602776,0.30798233,0.30035466,0.93794435,1.9852693,3.5928602,4.2723174,4.2727547,3.848755600000001,4.700964,4.829638500000001,5.6418085,3.5154638,2.9222691000000003,3.6729233,4.0420523,2.8811104,2.0092554,2.1193986,2.4045613,2.2526569,1.9989182,2.5550036,2.5598927,2.7977228,2.5516059,2.1212394,1.4143504999999998,0.77612782,0.35027811,0.38452274,2020-08-25 09:50:18.813,Vehicle Movement,0.6806349158,,,,,,,,,,,,,,,,
0.35562116,0.50078064,0.41445631,0.37363407,0.44045505,0.38355803,0.3937774,0.37432382,0.30092692,0.24239643,0.1815437999999999,0.22787081,0.28477472,0.30714828,0.29270232,0.33835611,0.44531524,0.35653278,0.15421152,0.38417202,0.8131451,1.4715976,1.7498956,1.7500749,1.5764093,1.9254647,1.9781687,2.3108244,1.4398966,1.0826143999999998,1.1364028,1.2504268,0.88752335,0.80984014,1.3945665,1.7159123,1.3895438,0.93677759,0.84221566,0.77866995,0.85602778,0.77614915,0.70871627,0.54974651,0.28519446,0.10654785,0.19174273,2020-08-25 09:50:19.054,Vehicle Movement,0.6806349158,,,,,,,,,,,,,,,,
0.26614928,0.24283673,0.31168142,0.34790826,0.343178,0.43339822,0.40964246,0.49015117,0.25274697,0.21154685,0.27688625,0.32962549,0.30810478,0.36199516,0.46580407,0.53901809,0.52766132,0.21211283,0.19797854,0.26746857,0.44529474,0.59009016,0.63507199,0.53233898,0.47951323,0.58568907,0.60172069,0.70442796,0.58974946,0.35711452,0.69586819,0.67266232,0.72962773,0.87749964,1.1618131,1.0745425,0.7131325,0.32983047,0.31720975,0.42817205,0.46548262,0.80853468,1.1671306,0.84005481,0.59431839,0.27151507,0.22636144,2020-08-25 09:50:19.294,Vehicle Movement,0.6806349158,,,,,,,,,,,,,,,,
0.15874435,0.47453699,0.27612558,0.29618603,0.18349588,0.36564887,0.29917431,0.22301361,0.23354378,0.20609267,0.34359077,0.34768116,0.23023525,0.35550725,0.33287224,0.33388218,0.30635568,0.19952647,0.31115118,0.24601617,0.28647256,0.43595436,0.73427391,0.66090178,1.0050678,1.5324934,1.8869071,2.4030333,2.0324292,2.443795,2.54053,3.3024385,3.5419841,3.8304553,2.6149566,2.7727709,4.0886407,6.4061937,7.129046400000001,5.584258999999999,3.941869,2.343642,2.2700322,1.5378273,3.5255964,6.4950109000000005,7.6856174,2020-08-25 09:50:19.535,Vehicle Movement,0.6806349158,,,,,,,,,,,,,,,,
0.26043308,0.35241383,0.38527957,0.46793872,0.37819871,0.26454085,0.23404668,0.25365829,0.34700206,0.37523875,0.29244083,0.25606856,0.22799031,0.30585161,0.5942893,0.35309893,0.25620094,0.38814074,0.30447453,0.29881176,0.30094928,0.34875587,0.58443046,0.67943633,0.82639772,0.87776619,1.0111078000000002,1.1609401,1.4534914,1.8148789,1.8900232,2.47873,2.6304464,2.8446791,1.9419916,2.0591919,3.0364196,4.7575455,5.2943707,4.1471381,2.9274201,1.7405003,1.6858342,0.95939976,2.1175621,3.6588261,4.2621603,2020-08-25 09:50:19.775,Vehicle Movement,0.6806349158,,,,,,,,,,,,,,,,
0.41770169,0.2924729,0.23711392,0.18320253,0.30364206,0.27819547,0.25293395,0.20371878,0.22730388,0.26789454,0.34554952,0.33945459,0.36712632,0.41520193,0.41981772,0.30604178,0.29507643,0.44115356,0.3706335999999999,0.28428409,0.31360945,0.28577438,0.34069496,0.3153767,0.41225731,0.45730448,0.42963684,0.40126202,0.51266301,0.60650611,0.75009423,1.018277,1.3192685,1.539788,1.645241,2.1303558,3.074013,4.0059347,3.3586051,2.1939683,1.903266,1.2823725,0.86775988,0.42634428,0.7931478,1.1229382,1.3009856000000002,2020-08-25 09:50:20.015,Vehicle Movement,0.6806349158,,,,,,,,,,,,,,,,
0.31870574,0.34256455,0.26341063,0.3532587,0.37788856,0.33444396,0.37913853,0.50260794,0.5231927,0.31803986,0.20523547,0.2509501,0.35590717,0.2660542999999999,0.31456378,0.4044041,0.34614694,0.34171537,0.25697863,1.4171457,2.0385373,3.1298878,3.6308835,3.4596791,1.9621967,0.80816418,0.84256572,0.90990394,0.70087647,1.3731867,2.3586729,3.1805444,3.6415925,2.5442421000000004,3.7150495,3.6520205,5.0141573,6.714847099999999,6.3275418,7.9402394,8.601445199999999,9.0316477,6.6163177,5.1104827,3.0808575,1.8437957,1.6694098000000002,2020-08-25 09:50:20.256,Vehicle Movement,0.6806349158,,,,,,,,,,,,,,,,
0.30829343,0.28504404,0.36729586,0.45840943,0.40337011,0.36173338,0.27644733,0.27788538,0.31582221,0.30078149,0.27484965,0.21081589,0.22668588,0.2729584,0.39132723,0.55108082,0.46166241,0.4885542999999999,0.28956935,0.72130603,1.1281704,1.5170673,1.5960596000000002,1.5401826,0.90274233,0.78150272,0.95717627,0.73177499,0.50273937,0.80993938,1.1051751,1.6308693,1.9239191,1.8758831,2.1728251,1.8509369,2.1940086,2.8817513,2.5943305,3.2565691,3.5230601000000004,3.7059407,2.888185,2.4129021,1.699172,1.0169008,0.92072248,2020-08-25 09:50:20.496,Vehicle Movement,0.6806349158,,,,,,,,,,,,,,,,
0.18733855,0.23063843,0.24469884,0.59449577,0.49800473,0.38533053,0.40358898,0.31382421,0.37867385,0.46642855,0.39433038,0.2161635,0.28102213,0.3475770999999999,0.25183406,0.4362734,0.38453168,0.41965154,0.20321211,0.42866173,0.74445331,0.87889993,0.92671752,0.55565238,0.39060199,0.83419144,0.80811071,0.54603213,0.43044415,0.499908,0.60953254,0.89946634,1.0610911,1.0345978999999998,1.198369,1.0208393,1.6045188999999995,2.4044096,2.5568049,1.4289911,2.0946808,1.5491751,1.3508755,1.2264919,1.3574502,1.0228342,0.84724408,2020-08-25 09:50:20.736,Vehicle Movement,0.6806349158,,,,,,,,,,,,,,,,
0.34747121,0.32643232,0.32886028,0.49713179,0.43890741,0.30788362,0.37229824,0.40461493,0.30129486,0.37411439,0.3130067,0.32625887,0.41064981,0.31780195,0.38182563,0.53319359,0.51383311,0.34254953,0.32815906,0.25764564,0.24494602,0.41000971,0.59669518,1.6031514,2.1557713,1.994318,1.4655277,1.0121921,0.64777738,1.2132444,3.3200383,4.8234057,5.4485383,4.8642883,4.162957700000001,3.6851289,3.7162066,4.6417565000000005,4.8389611,2.9821615,2.5732150000000003,1.1655627,1.0250173,0.65032923,0.69434398,0.64716542,0.66116524,2020-08-25 09:50:20.977,Vehicle Movement,0.6806349158,,,,,,,,,,,,,,,,
0.22309017,0.38473782,0.41092345,0.3761484,0.34693834,0.32847062,0.33815047,0.34518188,0.33697927,0.45365962,0.45528007,0.42871404,0.39804122,0.36614677,0.35037592,0.6038806999999999,0.57602865,0.54163855,0.55153805,0.29587746,0.38770771,0.44241762,0.74878728,4.168602,8.666841499999999,13.043696,18.298283,23.225903,24.538666,28.198967,25.456121,26.5212,22.295673,22.849323,26.58205,28.364723,28.990801,25.794909,24.942089000000003,22.882975,23.792887,21.344786,20.359549,15.345793,13.140610999999998,8.0604811,6.1000347,2020-08-25 09:50:21.217,Vehicle Movement,0.6806349158,,,,,,,,,,,,,,,,
0.41526407,0.37524018,0.36507601,0.27934575,0.257653,0.26630279,0.278097,0.26122066,0.28265563,0.33832523,0.36946842,0.35761136,0.40523162,0.81265408,0.80137801,0.92426771,0.67021877,0.38961697,0.47595587,2.0117912,3.6327929,5.627633599999999,5.5001416,6.350091,9.0700188,12.085464,14.834078,19.048489,19.006058,21.155109,18.90493,19.695911,16.557835,16.969,19.741102,21.064997,21.529953,19.156534,18.523186,16.99399,17.669732999999997,15.85166,15.119973000000002,11.396519,9.8360786,8.854369199999999,9.5643559,2020-08-25 09:50:21.458,Vehicle Movement,0.6806349158,,,,,,,,,,,,,,,,
0.36245757,0.29965293,0.23279849,0.26057333,0.50016552,0.62486553,0.84373176,0.77357495,0.63924098,0.82253462,0.90987968,0.79768807,0.91319156,0.76958835,0.70815647,0.66258532,0.75247657,0.71859324,1.0252346,1.1850029,1.2642267,1.7868285,2.0722811,2.2799885,2.9213287999999995,3.6761637,4.5143962,5.7941809,5.7812738,6.4349737000000005,6.4811707,5.9911137000000005,5.0365725,5.161641099999999,6.0048599000000005,6.4075642,6.5489945,5.8270459,6.0253258,5.1692419,5.3747907,4.8217664000000005,4.5992026,3.4665998999999994,3.0332475,2.9971642000000003,4.6518655,2020-08-25 09:50:21.698,Vehicle Movement,0.6806349158,,,,,,,,,,,,,,,,
0.31588948,0.25049996,0.31622994,0.3087495,0.56569469,0.66962498,0.77408463,0.67730355,0.5673508,0.71725643,0.76559955,0.59554249,0.7189464,0.75081104,0.80706185,0.82161272,0.89118564,0.73780078,0.8257211999999999,0.88273168,0.9388752,1.0529835,2.3113363,3.2191434,3.4209886,3.6447351,4.4893236,5.8188963,5.274344,4.6284127,4.8132272,4.1665235,3.769801600000001,3.721669,3.4387794,3.1237876,3.5532925000000004,3.682188,4.594231099999999,4.9561625,6.1796427000000005,4.9024277000000005,4.0147233,1.8895344,1.1255945,0.98084885,1.4150074,2020-08-25 09:50:21.938,Vehicle Movement,0.6806349158,,,,,,,,,,,,,,,,
0.2814782,0.28248027,0.21790394,0.17882217,0.27511117,0.40325531,0.36264384,0.2382696,0.24206683,0.3618013,0.37716532,0.30322155,0.46635947,0.6203174,0.73947835,0.70193803,0.63025409,0.42925256,0.61674857,0.52350205,0.56104058,0.57698119,1.7165084,2.3906894,2.5405893,2.706754,3.3339863,4.3213906,3.91698,3.231128,2.1053176,1.8023461,1.7956853,1.9435244,1.9514116,2.7753229,4.8856711,7.842732000000001,10.013598,7.8991799,8.769553199999999,7.9225616,7.638804400000001,3.4218647000000004,2.1446207000000004,3.0797205,4.333944799999999,2020-08-25 09:50:22.179,Vehicle Movement,0.6806349158,,,,,,,,,,,,,,,,
0.35960579,0.27493787,0.48162207,0.56286049,0.59016138,0.28947872,0.24483177,0.219882,0.26807252,0.24615023,0.34740806,0.2184196,0.37556157,0.30534992,0.3240813,0.274371,0.28450593,0.28720841,0.4153268,0.3599675,0.49095398,0.43522629,0.59258491,0.75356847,0.77279806,0.82334232,1.014134,1.3144834,1.3741965,3.7434134,4.699029400000001,5.7993217,7.4693804,9.0051966,10.123439,8.691802000000001,7.9999437,8.4899445,8.962492,8.248085000000001,7.6572671,6.8681197,5.6729417,2.5858807999999995,1.7342650000000002,2.2109518,2.5774691,2020-08-25 09:50:22.419,Vehicle Movement,0.6806349158,,,,,,,,,,,,,,,,
0.31746903,0.3500264,0.35767555,0.44552004,0.47741681,0.50494337,0.45061758,0.49114382,0.38348278,0.35659197,0.36658093,0.26039204,0.24757324,0.53846216,0.52491158,0.46598345,0.3212893,0.509772,1.1686063,1.7688131,1.8365036,1.1662691,0.45034048,0.66261709,1.5250358999999998,2.6591325,4.251863,6.782105400000001,7.8293209,7.860323399999999,7.004556699999999,6.039949900000001,5.2430105000000005,7.4423995,9.1941948,7.8428359,7.083172800000001,7.1546569,8.0458002,7.3350005,7.296692399999999,5.389545,3.6730928,0.91466659,0.75790668,0.86491203,1.0585222,2020-08-25 09:50:22.659,Vehicle Movement,0.6806349158,,,,,,,,,,,,,,,,
0.2409424,0.3544335999999999,0.38979426,0.31278706,0.31604004,0.55353415,0.48408452,0.40887767,0.43009314,0.44374216,0.41099656,0.30885509,0.18456087,0.28294742,0.3108528,0.39605358,0.47127005,0.36386943,0.52026498,0.8211691999999999,0.80901271,0.53856015,0.31461975,0.32845443,0.70002759,1.0972017,1.7415178,2.7778783,3.2068064,3.2195046,2.8689919,2.4738991,2.1474812,2.2920361,2.7966957000000003,2.890728,2.7264831000000003,2.8560958,3.3010836,3.2344499,2.8879097,2.4126685,1.9786226,3.1465435,6.2745333,9.9866953,11.426767,2020-08-25 09:50:22.900,Vehicle Movement,0.6806349158,,,,,,,,,,,,,,,,
0.25539118,0.3105305999999999,0.33410162,0.27647114,0.29780832,0.54944915,0.38509694,0.36264768,0.47049093,0.44635472,0.47382689,0.25814471,0.39466721,0.33521488,0.56203014,0.57525575,0.6606757,0.61840868,0.752473,0.83469445,0.59410989,0.37017328,0.46397939,0.76141292,1.4780575,1.9384092,2.4692247000000003,2.0969381,1.5985267,1.0353,1.5738233,2.1844506,2.9122131,3.1546521,4.7857585,7.768960499999999,9.2004299,14.054585,14.901381,16.882092,13.837523999999998,13.818918,8.4636641,6.9052587,6.6270795,8.563619599999999,9.1687984,2020-08-25 09:50:23.140,Vehicle Movement,0.6806349158,,,,,,,,,,,,,,,,
0.26364127,0.29781133,0.40763086,0.5053333,0.57846886,0.65565872,0.56326598,0.60706073,0.87678671,0.83853835,0.81142426,0.35380533,0.4152565,0.27470067,0.44627601,0.42721239,0.48006219,0.48618925,0.68253648,0.67564899,0.49837336,0.26415944,0.37500972,0.65918612,1.183844,1.4803559,1.9202546000000005,2.6554255,2.6737828,1.9589287,0.61673778,0.9352845,1.1928115,1.1076002,1.5107858,2.4155092,2.8870265,4.6376348,5.0767274,5.4893513,4.462397599999999,4.5501652,3.3385693999999995,3.5530422,4.3372345,4.9597301,5.0835514,2020-08-25 09:50:23.381,Vehicle Movement,0.6806349158,,,,,,,,,,,,,,,,
0.28225517,0.27513853,0.34431839,0.25974488,0.42536333,0.32664886,0.26018912,0.3353107,0.49848017,0.50408947,0.38754666,0.27480289,0.29509974,0.45365286,0.43028465,0.36408448,0.32634717,0.22704068,0.47376826,0.41615456,0.39859307,0.35251519,0.39488834,0.81292379,0.7175796,1.7593859,1.9323633,2.7404487,2.9431815,2.1498706000000003,3.2869787000000006,3.1775229,3.6347411,3.9853692,5.856189700000001,6.1432209,6.4466267,5.4469752,5.733192400000001,4.6669068,4.601961599999999,2.0934060000000003,1.2973574,1.7669544999999998,2.6137908,3.6833327000000007,3.7752881,2020-08-25 09:50:23.621,Vehicle Movement,0.6806349158,,,,,,,,,,,,,,,,
0.24723777,0.26600933,0.44139767,0.3545728,0.42117491,0.4194445,0.33278,0.46867102,0.39281479,0.39402133,0.36767673,0.39498174,0.21877283,0.3174738,0.43430698,0.3714897,0.39811572,0.28753772,0.20920806,0.28722,0.37486371,0.36708421,0.35798162,1.3797308,1.2988955,1.943764,2.0231795,2.2755108,1.7164218,1.1857088,1.8668406,1.7524854,2.004653,2.2127337,3.2346084,3.3881445,3.6541529,3.1992581,3.2180901,2.4732924,2.5470562,1.5546633,0.90113193,2.2819011,3.0432422000000003,5.8071346,5.458607700000001,2020-08-25 09:50:23.861,Vehicle Movement,0.6806349158,,,,,,,,,,,,,,,,
0.15915862,0.20639768,0.29126966,0.31318131,0.27507758,0.24765751,0.21139818,0.32405323,0.28706297,0.35192028,0.34794152,0.37227267,0.16348608,0.18626292,0.50182474,0.55303049,0.53356415,0.29235041,0.23963305,0.33670801,0.39833593,0.28582674,0.25845081,1.0366049000000002,1.037853,1.460471,1.5025097,1.7018292000000002,1.2746968,0.85678136,0.70703864,0.91850728,1.0420061,0.91421854,0.98390532,1.0306081,1.1115227,0.97639376,1.0034487,0.7524339,0.79494762,0.67415118,0.65672815,1.6979872,2.260057,4.312655400000001,4.0538225,2020-08-25 09:50:24.102,Vehicle Movement,0.6806349158,,,,,,,,,,,,,,,,
0.31101939,0.2317057,0.26415879,0.44981521,0.40307117,0.4015685,0.28020883,0.29384479,0.30614737,0.26853696,0.32748348,0.16752091,0.21853447,0.2812283,0.53121042,0.45999497,0.42615706,0.33399895,0.34385955,0.33722371,0.25246191,0.27457246,0.56721848,0.5984838,0.71215355,0.81574541,0.70598567,0.61193037,0.41537586,0.26705301,0.24081443,0.27939215,0.31695813,0.2926639,0.30319643,0.36375567,0.43491679,1.2000132,2.6432495,2.0769057,1.9569563,0.36807886,0.26263988,1.4381962,1.8289149,2.5606036,4.0939975,2020-08-25 09:50:24.342,Vehicle Movement,0.6806349158,,,,,,,,,,,,,,,,
0.35414794,0.397259,0.36556184,0.4225125,0.35111585,0.42573312,0.27538961,0.41427705,0.38199097,0.33759075,0.3937979,0.26126271,0.44910118,0.30430955,0.46823099,0.41103593,0.34576511,0.27708575,0.23213018,0.25347853,0.14672212,0.34337184,0.9465434,0.52330559,0.91573775,0.82958448,0.9386276,0.89027101,0.51707947,0.24545252,0.48308471,0.66202247,0.7519927,0.95307243,0.60735989,1.3070982,5.420818799999999,5.9857197,8.997530900000001,6.951489,7.8654523,5.3294053,2.8520429,0.81377482,1.0129107,1.4281819,2.4267993,2020-08-25 09:50:24.583,Vehicle Movement,0.6806349158,,,,,,,,,,,,,,,,
0.31582338,0.34855166,0.29590496,0.26870269,0.2762855,0.36086714,0.30681452,0.3674237999999999,0.3640312,0.39427596,0.51259613,0.3552376,0.44958189,0.54443425,0.3871997,0.41890848,0.49120674,0.69359505,0.52084428,0.60741311,0.57702005,0.51254129,0.71318167,0.73202646,0.93068087,0.72392517,0.59019661,0.51670539,0.50024652,1.0133008,1.5283132,1.4761217,2.1144319,3.8816228,5.8680301,4.251560700000001,1.9290133000000005,1.9266938,2.8472805,2.1145084,2.392518,1.9542326,2.3945174,5.0723858,7.3863754,8.5432463,7.4302793,2020-08-25 09:50:24.823,Vehicle Movement,0.6806349158,,,,,,,,,,,,,,,,
0.29045832,0.25331068,0.27383807,0.28193468,0.25124535,0.4082139999999999,0.37953454,0.33726045,0.31910437,0.32611552,0.38947934,0.31882226,0.46098486,0.46515557,0.29178363,0.31138334,0.37783223,0.54200554,0.45903441,0.52716845,0.47612977,0.38674298,0.41665417,0.54363775,0.69116801,0.53762138,0.60882449,0.83087927,0.72830188,1.0861591999999998,1.5717313999999998,1.2935249,1.8081768,3.9242711,6.5708709,4.2604294000000005,0.86370236,0.66705513,0.87428695,0.87759984,0.77977091,0.5944398,1.3206381,3.6892309,8.626300800000001,10.546097,9.683047300000002,2020-08-25 09:50:25.063,Vehicle Movement,0.6806349158,,,,,,,,,,,,,,,,
0.33390924,0.37815499,0.65242398,0.54903716,0.50487268,0.6066701999999999,0.66002142,0.78653026,0.67876458,0.56925768,0.42584553,0.30496547,0.35953423,0.41040596,0.34928507,0.34666029,0.29254457,0.46847051,0.48492229,0.52202088,0.50384462,0.47026736,0.44094679,0.72631872,0.58473611,0.85010272,1.3509504,2.0482335,1.8181864,1.3844466,1.4022397,1.1628009,1.3403018,1.7498363999999995,2.2303171,1.7173587,0.60830843,0.85361415,0.58355278,1.2932026,0.99305558,0.75991505,1.0829561,2.1119111,4.881132599999999,5.9883637,5.509037,2020-08-25 09:50:25.304,Vehicle Movement,0.6806349158,,,,,,,,,,,,,,,,
0.26075396,0.41428193,0.4115127,0.29666224,0.23899765,0.24848567,0.31265488,0.40788814,0.38513932,0.38288587,0.38789582,0.34158453,0.43486816,0.36048988,0.33596671,0.35228407,0.27634597,0.41300857,0.33803508,0.299743,0.45119745,0.78377396,0.95688182,1.518778,1.5498028999999998,1.7863686,2.1024344,2.5773702000000003,2.3566661,1.5215011,1.6373664,1.3317598,1.3573928,1.0759891,1.1600677,1.0309857,0.46091306,0.54956317,0.72868228,0.42679328,0.41867855,1.0509803999999998,1.464695,1.3667969,1.9846952,2.6281462,2.3291779,2020-08-25 09:50:25.544,Vehicle Movement,0.6806349158,,,,,,,,,,,,,,,,
0.26483926,0.24481779,0.31821248,0.51156878,0.56076598,0.6046983,0.44825771,0.31200641,0.2677882,0.27356932,0.30436724,0.28456417,0.38404673,0.43097991,0.28908336,0.33059877,0.23686652,0.2781634,0.32793951,0.3173798,0.36809391,0.64182746,0.5613941,0.87156558,0.77348328,0.84352893,0.87064797,1.0954398,0.99863887,0.66874117,0.68129528,0.5953061,0.60156834,0.47227904,0.47715482,1.2195674,1.9806006,3.5422232000000005,5.6194382,6.1046762,8.0696335,6.824866800000001,6.6590223,1.2657045,2.2201915,3.5690386,7.355186,2020-08-25 09:50:25.784,Vehicle Movement,0.6806349158,,,,,,,,,,,,,,,,
0.29370201,0.21078628,0.56885856,0.55549109,0.47423542,0.44907784,0.33289757,0.24486464,0.21740298,0.23088451,0.26837802,0.35025114,0.23137696,0.26356259,0.15576866,0.3319535,0.38123187,0.34707552,0.27946058,0.29003561,0.42231965,0.62314659,0.67460805,0.77025813,0.96456742,0.89930171,0.94653898,0.7672720000000001,0.86625481,0.51875734,0.68307614,0.62741464,0.51264429,0.28988871,0.22937346,0.58345836,0.86210966,1.4726642,2.3016622000000004,2.5004098,3.3052354,2.7953932,2.7756803,0.82192492,1.6488202,2.6505387,5.4623122,2020-08-25 09:50:26.025,Vehicle Movement,0.6806349158,,,,,,,,,,,,,,,,
0.32030424,0.26451254,0.35190719,0.3122454,0.40135798,0.37216166,0.3723095999999999,0.33437946,0.33992895,0.34990397,0.30381024,0.28047886,0.24879737,0.3362124,0.35451725,0.35776755,0.37396985,0.39175045,0.29341984,0.27597177,0.37282684,0.46277851,0.50099629,0.48397112,0.55883598,0.66864127,0.58158344,0.64460039,1.4850703,3.2112556,8.7905912,10.870485,15.081029999999998,16.524809,16.302095,14.291053,16.998451,14.878098,9.6876574,9.038144099999998,11.842739,10.845844,8.4952192,8.3187428,8.1066494,11.063655,12.270023,2020-08-25 09:50:26.265,Vehicle Movement,0.6806349158,,,,,,,,,,,,,,,,
0.31070888,0.24857783,0.41451973,0.40668681,0.61623847,0.76975989,0.79951745,0.64435887,0.62400126,0.43797928,0.51305634,0.53565943,0.32799235,0.52170557,0.47119319,0.66915143,0.79428744,0.73619282,0.76111615,0.31547201,0.28539518,0.54757607,0.31204602,0.51310861,0.44275096,0.39660847,0.37354517,0.42304623,0.82405853,1.7861557,5.201981099999999,10.262616,14.187672,16.981320999999998,15.984892000000002,16.905136,18.552229,14.968127,8.193489999999999,7.469721300000001,9.2457838,9.1965666,6.5341744,5.204789599999999,4.4710255,6.101889599999999,6.7672334,2020-08-25 09:50:26.506,Vehicle Movement,0.6806349158,,,,,,,,,,,,,,,,
0.26332241,0.33668572,0.59662175,0.61033732,0.73808467,0.65190136,0.60914254,0.64929461,0.46915859,0.42541522,0.39938635,0.53255218,0.26118577,0.38744345,0.45630315,0.88943779,0.98243099,0.84286553,0.61601198,0.36854452,0.76659596,0.8806873,0.59321129,1.6580827,2.8424251,2.9644971,2.5489211,1.1993705,1.0846058,1.2299604,1.5823419,3.1446536,4.3797927,9.9887676,13.760348,15.581746,14.266602,12.993936,10.834115,8.9301157,7.4783869,6.648289200000001,4.7035766,1.5831964,1.7702636000000005,2.1995525,2.6309891,2020-08-25 09:50:26.746,Vehicle Movement,0.6806349158,,,,,,,,,,,,,,,,
0.24031581,0.26559272,0.26413423,0.19008082,0.26791674,0.35335642,0.39589882,0.37029898,0.23306696,0.30831119,0.30193144,0.31052878,0.32023537,0.31003836,0.49998215,0.62736523,0.58486694,0.46043536,0.31855598,0.34447986,0.39046675,0.57069629,0.50344449,1.2832838,2.1155665,2.2249086,2.0154614,1.9732482,1.0732511,0.77944475,0.88608456,1.1972303,1.9676917,5.604543700000001,7.7548051,8.5937338,7.888783,7.179774799999999,5.9981546,4.937811900000001,4.148015,3.7795756,2.7313776,0.84271568,0.93583357,0.82935405,1.4510581,2020-08-25 09:50:26.986,Vehicle Movement,0.6806349158,,,,,,,,,,,,,,,,
0.24521562,0.24940583,0.28586203,0.22289723,0.19746253,0.28776768,0.4180041,0.40519464,0.39566424,0.32793081,0.30752417,0.2012786,0.2838217,0.45912278,0.47654486,0.34355122,0.38646945,0.37687075,0.33330473,0.29419532,0.20074329,0.40568501,0.33867282,0.46106413,0.68977869,1.1447124,1.2761296999999998,1.5375456,0.937473,1.1788837,3.4479839999999995,6.5151772,8.4844131,7.849161099999999,6.5178084,4.0911045,3.27842,3.1335945,2.9230397,3.5581129,3.557246,3.9681897,2.2485263,0.42650539,0.48133886,0.63107747,0.5287677,2020-08-25 09:50:27.227,Vehicle Movement,0.6806349158,,,,,,,,,,,,,,,,
0.31042659,0.35753179,0.38081488,0.32762086,0.29100552,0.32377774,0.40688753,0.40479466,0.44678196,0.32121429,0.32640028,0.24872844,0.2849004,0.58801913,0.8189441,0.73146623,0.6698373000000001,0.46281999,0.4988234,0.26123193,0.18159044,0.37445104,0.37288973,1.0906993,1.1736423,1.3963567,1.3823621,1.4265898,0.55598891,1.2887878,2.9244759,5.2399898,8.7623234,8.1848717,7.201615299999999,6.5963054,4.8005571,5.959845099999999,7.143075,9.8724146,9.4762878,6.912437,2.5950696,1.5533544,1.3402778,3.4153230000000003,3.0610514,2020-08-25 09:50:27.467,Vehicle Movement,0.6806349158,,,,,,,,,,,,,,,,
0.23405142,0.28846624,0.27848658,0.45277566,0.66986805,0.70089602,0.77169174,0.4015725,0.50634277,0.41883761,0.37336066,0.43881586,0.36116552,0.7326081999999999,0.91853523,1.0052568000000002,0.76967257,0.60204041,0.69122708,0.59463739,0.48112229,0.30837196,0.23962265,0.68755537,0.60608554,0.74952465,0.84484136,1.1602799,0.38711792,0.62530643,1.8576509,3.148922,6.4854078,8.1725264,7.963449499999999,7.644433500000001,4.473241799999999,8.2271118,5.8696117,8.776280400000001,7.9219799,3.8219941,1.8768578,2.1293178,4.6380749,6.5270042,5.2729635,2020-08-25 09:50:27.707,Vehicle Movement,0.6806349158,,,,,,,,,,,,,,,,
0.27152318,0.35144302,0.42083865,0.4281324999999999,0.48868924,0.46709362,0.5520311,0.28834358,0.45396677,0.31121182,0.205918,0.32588562,0.33982477,0.44104838,0.50659579,0.57499993,0.4331969,0.33440864,0.38122952,0.36043143,0.42352834,0.73813879,0.63992584,1.0665861,0.93747973,0.80788237,0.63755637,0.90345502,0.2957707,0.26430407,0.56506157,0.96868384,1.9727355,2.485924,2.6985095,3.5521677000000005,1.7290194,2.6676769,3.6688268,5.5754046,6.052268499999999,3.1681991000000003,6.2432194,3.4514563,2.0496542,2.3486876,3.540802,2020-08-25 09:50:27.948,Vehicle Movement,0.6806349158,,,,,,,,,,,,,,,,
0.30395582,0.30577084,0.34085426,0.38153303,0.31988695,0.23907545,0.32743964,0.25818279,0.36575729,0.37110814,0.32308194,0.30847383,0.36953944,0.41523033,0.28026482,0.28333232,0.22115831,0.25958231,0.23627147,0.28487223,0.46833056,0.54817712,0.57433373,0.80718511,0.71881205,0.59997195,0.44826949,0.54818797,0.27033031,0.19288893,0.27151158,0.46013048,0.67318606,0.84388566,1.1052808,1.4549302,0.70818818,1.4718151000000002,1.3208888,1.8684165,2.0910485,2.6724207000000004,6.515255000000001,5.4595232000000005,4.1631141000000005,5.6209798,4.6843166,2020-08-25 09:50:28.188,Vehicle Movement,0.6806349158,,,,,,,,,,,,,,,,
0.25142917,0.22708006,0.27231175,0.28574452,0.2938261,0.27319083,0.32141903,0.23549923,0.28266403,0.40236497,0.38688415,0.33732456,0.31875053,0.52617198,0.42825496,0.35971326,0.29603896,0.21011472,0.29531267,0.33311689,0.42042363,0.69157529,0.65177125,0.75803989,0.72622848,0.6732114,0.4600932,0.31013721,0.3607429,0.58425725,2.9606929,3.7086337,6.2909656,8.6992369,7.967392,5.4187574,2.6648657000000004,1.616564,1.434967,1.5537385,1.2178557,1.3160421999999998,2.3763487000000003,2.0172534,1.2663388999999998,1.9519891,1.4248785,2020-08-25 09:50:28.429,Vehicle Movement,0.6806349158,,,,,,,,,,,,,,,,
0.32696372,0.28866735,0.28488502,0.30497926,0.30487984,0.39232397,0.34015346,0.21610089,0.18638539,0.29160345,0.3544859,0.3344799,0.3455035999999999,0.3540961999999999,0.25219008,0.24292818,0.29003912,0.4103947,0.25359496,0.48538971,0.40705526,0.54409194,0.49902788,0.48101145,0.4271214,0.37519854,0.35139784,0.23161018,0.34797788,0.53267395,3.0086849,3.5515807,4.6719718,6.5130844,5.916966400000001,4.2509608,5.0397835,4.1585922,1.8570381,3.8710968,4.5651698,3.5530667,1.7432313999999998,1.1887381,0.70549327,1.4496403999999998,0.98281109,2020-08-25 09:50:28.669,Vehicle Movement,0.6806349158,,,,,,,,,,,,,,,,
0.24281885,0.23725311,0.26244491,0.24235441,0.35730878,0.38022637,0.38723007,0.32695365,0.39537364,0.33550724,0.35461581,0.30586863,0.36496338,0.24236874,0.27525002,0.27524862,0.31519717,0.43079096,0.29794925,0.4338339,0.31212419,0.38405511,0.40571576,0.42168808,0.32196364,0.31078401,0.38692299,0.4042285999999999,0.34968492,0.41809431,1.2323253,1.4546896,1.7076242,2.0326591,1.8386666,1.7411487,2.0642414,1.7785015,0.96665365,1.7429836,1.8698448,1.4552983,0.71400917,0.39680207,0.41197839,0.48789153,0.34683916,2020-08-25 09:50:28.909,Vehicle Movement,0.6806349158,,,,,,,,,,,,,,,,
0.21030748,0.31753597,0.23934965,0.2372188999999999,0.19861396,0.27698177,0.22279482,0.26269782,0.30779475,0.2863287,0.26801595,0.23442021,0.36218742,0.29470569,0.44486535,0.44848791,0.50025159,0.4634403,0.35686928,0.4175047,0.38034946,0.32349333,0.33456433,0.67083573,0.82887137,0.79643416,0.44953826,0.341427,0.39163819,0.45543206,1.0906441,1.4305427,1.0364189,0.71048653,0.9216333,0.57128811,1.347412,1.2681005,3.5472693,3.3643087999999994,3.8493226,1.7564733,1.2207046,0.21665347,0.33987069,1.2059611,0.88291413,2020-08-25 09:50:29.150,Vehicle Movement,0.6806349158,,,,,,,,,,,,,,,,
0.2893301,0.26983359,0.18948995,0.16041622,0.20685294,0.30808035,0.25566381,0.23894726,0.25895575,0.2398462999999999,0.28531423,0.26656553,0.35039103,0.33663943,0.28758392,0.34521863,0.41208184,0.45788804,0.45589009,0.5000937,0.84814984,0.72808224,0.61681014,0.56343657,0.78379321,0.80475289,1.0140058,0.59713268,0.56809741,0.45194227,0.57507151,0.67576003,0.49647886,0.38920322,0.56667411,1.2202274,1.0191844,1.2996122,2.0479562,2.0348184,2.1239452,1.3413861,1.4282435,0.67854142,1.7221324,2.7542467,2.5542181,2020-08-25 09:50:29.390,Vehicle Movement,0.6806349158,,,,,,,,,,,,,,,,
0.3076258,0.30546018,0.44983155,0.46682286,0.41026214,0.40949452,0.3302905,0.39856368,0.43499711,0.37185195,0.44483531,0.26300535,0.3389096,0.57309449,0.63924861,0.46978724,0.51741755,0.6305669,0.86812675,0.52705085,0.51776636,0.56531996,0.50829202,0.35218361,0.44016737,0.45331895,0.61662167,0.43872115,0.39209139,0.81266201,0.31319034,0.26649582,0.35051379,0.71464974,1.1898315000000002,0.98513401,0.76935589,0.70289946,1.6370758,1.7373775000000002,1.6713927,0.82034987,0.78242719,0.40124923,1.2899317,2.0574749,1.8968843,2020-08-25 09:50:29.631,Vehicle Movement,0.6806349158,,,,,,,,,,,,,,,,
0.25726378,0.37904921,0.70120889,0.66872787,0.51715237,0.37107238,0.24528947,0.41438162,0.54202783,0.43702647,0.4748362,0.35253739,0.25710624,0.5246703,0.55071807,0.38562855,0.38963112,0.53259069,0.71150267,0.43313214,0.41449615,0.25888193,0.29570758,0.6895411,0.99666291,1.0447816,0.73167241,0.65199405,0.6104064,0.52657992,0.46000391,0.12131727,0.20576404,0.3475394,0.4873422999999999,0.53886437,0.39110997,0.69674748,1.9720086,2.3814247,1.9559633,0.40152687,0.33308157,0.5279786,0.73154354,1.5233393999999998,1.2317901000000002,2020-08-25 09:50:29.871,Vehicle Movement,0.6806349158,,,,,,,,,,,,,,,,
0.30347085,0.32038212,0.39160272,0.6209712,0.50268972,0.32164192,0.30720735,0.53653753,0.44601026,0.42946467,0.39952287,0.38462061,0.35445076,0.36934057,0.40875283,0.42097706,0.43568823,0.37437856,0.37287909,0.43848151,0.41082507,0.29691318,0.24513681,0.85945636,0.93486834,0.93492723,0.60748219,0.7624414,0.59327924,0.73248529,0.71481931,0.43369529,0.34012565,0.49043566,0.36453983,0.30192453,0.21570721,0.51743799,1.1862041,1.43037,1.0212783,0.31960979,0.32843807,1.5684463,0.49590501,0.66538149,1.1712186000000002,2020-08-25 09:50:30.111,Vehicle Movement,0.6806349158,,,,,,,,,,,,,,,,
0.3595176,0.27262747,0.50434631,0.4764443,0.44940656,0.30743608,0.31581649,0.44164532,0.47197589,0.46293902,0.49323022,0.3231706,0.3141776,0.29218966,0.36231568,0.37771502,0.52769059,0.41145274,0.2877295,0.36143684,0.80091441,0.87873048,0.71956939,0.81767493,0.54954511,0.65415233,0.45522159,0.73391873,0.52759081,0.58890659,0.69560117,0.4487262999999999,0.39426765,0.3007949,0.19089782,0.1366148999999999,0.15002333,0.20506221,0.68239355,0.74574107,0.64999318,0.24208605,0.28565902,0.69703412,1.1088042,1.058381,1.011832,2020-08-25 09:50:30.352,Vehicle Movement,0.6806349158,,,,,,,,,,,,,,,,
0.31815252,0.25679019,0.42246982,0.38358492,0.36141539,0.22009708,0.21434951,0.43435425,0.4719438,0.41366202,0.37536114,0.30080354,0.29418975,0.47629386,0.47090125,0.34997892,0.41117701,0.3263905,0.27545768,0.37095535,0.60485011,0.56985152,0.47787145,0.58225548,0.49291548,0.52542692,0.39462844,0.40477502,0.3902961,0.39755166,0.50636172,0.27836561,0.26020223,0.21014412,0.3913683,0.43956894,0.33391625,0.32275543,0.74907774,0.86197203,1.1331121000000002,3.0023839,2.9895236,2.3052201,0.69073224,0.7054286,0.61827028,2020-08-25 09:50:30.592,Vehicle Movement,0.6806349158,,,,,,,,,,,,,,,,
0.29692796,0.49821934,0.5261898,0.49434191,0.43726936,0.33249763,0.24351013,0.48613396,0.45438012,0.61257678,0.48410559,0.46502578,0.36497334,0.6942482,0.59544998,0.55450863,0.52040941,0.52885848,0.44015652,0.49519441,0.3627690999999999,0.32894176,0.31135064,0.2609643,0.32249293,0.33425513,0.31503123,0.34521267,0.61475378,0.76916069,0.74943841,0.44293374,0.31767538,0.25667512,0.38220257,0.8776290999999999,0.81171733,1.0687699,0.2887592,0.5649482,0.68095112,2.0289164,2.540323,1.9510032,1.1583954,0.65881169,0.32473949,2020-08-25 09:50:30.832,Vehicle Movement,0.6806349158,,,,,,,,,,,,,,,,
0.31899565,0.34698167,0.39358944,0.4140917999999999,0.44778293,0.47537902,0.36637732,0.33129901,0.35434279,0.55096245,0.420526,0.40654516,0.27048478,0.39192897,0.33116123,0.50976056,0.46115565,0.29787943,0.24354279,0.48379546,0.59389591,0.56629461,0.45263973,0.47100633,0.7530908000000001,1.0043902,0.91513991,0.95947593,0.57549733,0.62411958,0.5767408,0.43244165,0.25230047,0.18044679,0.44975638,0.58719659,0.52089608,0.63467002,1.2277644,1.2908423999999998,1.0285001,1.0121337,1.2496885,0.98083329,0.56241143,0.52960789,0.65493208,2020-08-25 09:50:31.073,Vehicle Movement,0.6806349158,,,,,,,,,,,,,,,,
0.24994498,0.26927832,0.47316992,0.3671158,0.29785269,0.27169523,0.29733253,0.21385601,0.28493193,0.33117405,0.34265876,0.39810759,0.33469918,0.2186836,0.42168984,0.57289541,0.54406446,0.24717598,0.20899828,0.4161173999999999,0.57186145,0.53427428,0.53843057,0.8173672,1.226719,1.38157,1.0483146,0.93400484,0.5553751,0.66848266,0.61546159,0.3648499,0.34059909,0.22396928,0.73790854,0.53966933,0.79873335,0.71792489,1.3051898000000002,1.4673771,0.94802016,0.4810282,0.42141908,0.36951512,0.27389896,0.39331213,0.48638386,2020-08-25 09:50:31.313,Vehicle Movement,0.6806349158,,,,,,,,,,,,,,,,
0.21985203,0.26223892,0.36038405,0.33056453,0.42572162,0.47257808,0.33293551,0.45024249,0.3983072,0.39000624,0.35692796,0.30514812,0.43368861,0.32888278,0.28905451,0.44305223,0.39873666,0.38737914,0.23713161,0.24572265,0.31175655,0.42017537,0.49464411,0.50714076,0.55792201,0.57294106,0.4554233,0.43906924,0.25428092,0.4927225999999999,0.4880261999999999,0.34317923,0.29100779,0.24314427,0.59335721,0.44114903,0.62493253,0.51386958,0.51053387,0.47503024,0.29745531,0.54807967,1.0354713,1.151246,1.1759464,1.3871424,0.71885145,2020-08-25 09:50:31.554,Vehicle Movement,0.6806349158,,,,,,,,,,,,,,,,
0.44430813,0.28111184,0.34526682,0.31220028,0.37052497,0.37760955,0.34735247,0.3162657,0.2403356,0.22687846,0.30900967,0.31781232,0.29173365,0.4703784,0.8019895,0.64013898,0.65357089,0.46383077,0.19855393,0.44313306,0.77161598,0.83435464,0.68896955,0.95761681,1.3081343,1.4169999,1.0899321000000002,1.1515043,0.76658636,0.68282771,0.54623628,0.53629261,0.54919547,0.43645141,0.52728343,0.41597849,0.39092219,0.61500967,0.54045546,0.54570836,0.45574853,0.43766913,0.56242329,0.65501243,0.75314343,0.8557688,0.53462523,2020-08-25 09:50:31.794,Vehicle Movement,0.6806349158,,,,,,,,,,,,,,,,
0.32478145,0.19825232,0.27786791,0.24277863,0.26504555,0.28400651,0.28529084,0.41751319,0.24034595,0.27623415,0.38197798,0.28456527,0.34379697,0.45196968,0.44231787,0.35838717,0.3776600999999999,0.33120495,0.38603234,0.46767774,0.43258068,0.45005712,0.41726747,0.71968633,1.0142643,1.1119715,0.84912688,0.88465476,0.6883449,1.0337521,0.98609531,0.62480962,0.44427738,0.34649047,0.31155908,0.58201754,0.32044813,1.9372095,2.0869205,2.1517255,0.99380666,0.65945494,0.57494217,1.7332737,2.0010631,2.3286283,4.0167265,2020-08-25 09:50:32.034,Vehicle Movement,0.6806349158,,,,,,,,,,,,,,,,
0.30204895,0.30586359,0.44260654,0.47705108,0.49319911,0.28398627,0.24458793,0.31478548,0.21516569,0.26384729,0.32972646,0.3018865,0.41963977,0.46710333,0.31612322,0.30481482,0.30777857,0.32134038,0.31226698,0.34731981,0.31735763,0.31633905,0.20740336,0.38537955,0.47826597,0.54994398,0.44361538,0.45460814,0.35369733,0.47078106,0.47797865,0.38498649,0.32019192,0.31662482,0.30798876,0.79373693,0.35139641,1.3044699,1.0311601,1.0504287,0.44335496,0.43224221,0.3206645,0.87378567,0.87806755,1.1397446000000002,4.8226347,2020-08-25 09:50:32.275,Vehicle Movement,0.6806349158,,,,,,,,,,,,,,,,
0.3573868,0.26352674,0.3646591,0.45360208,0.44995806,0.31845573,0.31155929,0.39608142,0.54409808,0.48208335,0.56751668,0.35904273,0.39412847,0.26908553,0.45344368,0.30553964,0.27849472,0.26151353,0.20754449,0.31131864,0.43420875,0.29628885,0.24757898,0.23200966,0.34653327,0.3517898,0.29994869,0.35708347,0.32975221,0.39250916,0.34955978,0.20765485,0.39891642,0.36425638,0.27448592,0.30380067,0.15643688,0.3967945,0.31365901,0.31952018,0.16962364,0.20597246,0.15245235,0.3643254,0.376975,0.46199292,1.466952,2020-08-25 09:50:32.515,Vehicle Movement,0.6806349158,,,,,,,,,,,,,,,,
0.38036069,0.28457588,0.38425025,0.55139107,0.81256533,0.5760588000000001,0.69424945,0.48040909,0.39408219,0.33325982,0.40408963,0.3280836,0.32421425,0.20559067,0.39572555,0.6994216999999999,0.80363858,0.78440464,0.33911404,0.25871563,0.39343464,0.53743428,0.49518722,0.93500829,1.1058329,1.0128284,0.69582343,0.42823315,0.62104267,0.45046338,0.45770106,0.34806705,0.33474439,0.33569464,0.36417511,0.34284616,0.24844497,0.69982445,0.54066712,0.5727401999999999,0.65138924,1.1200849,1.1456654,0.82870203,0.33439708,0.28979856,0.75832641,2020-08-25 09:50:32.755,Vehicle Movement,0.6806349158,,,,,,,,,,,,,,,,
0.5144251,0.281407,0.46435466,0.51697254,0.63566005,0.45384395,0.55600744,0.40804562,0.33100751,0.32542929,0.39653343,0.39006576,0.32019928,0.18724433,0.49799484,0.546583,0.63972992,0.5933553,0.32105166,0.18709423,0.30031309,0.33566037,0.37073895,0.92982459,1.1235986,1.263715,0.98274243,0.71549869,0.58425176,0.45866346,0.48590076,0.52051926,0.38916543,0.33844003,0.32618627,0.31094247,0.24846675,0.74181283,0.81116086,0.83165801,0.56907165,0.56087554,0.60502368,0.50459623,0.3935599,0.64273357,0.50236416,2020-08-25 09:50:32.996,Vehicle Movement,0.6806349158,,,,,,,,,,,,,,,,
0.29361296,0.23678796,0.39324641,0.31195754,0.3378385,0.24807028,0.25512144,0.23267038,0.1990826,0.21575199,0.23685196,0.30272764,0.35535255,0.20081581,0.28500944,0.31032905,0.37921238,0.36186096,0.35370788,0.29129741,0.5637694000000001,0.69263923,0.53215158,0.53143066,0.46021405,0.52458709,0.44216433,0.36361152,0.29139981,0.33946365,0.31565878,0.39374354,0.3202062,0.4520167999999999,0.60009748,0.65655798,1.3063341,1.1482291,1.0970241000000005,1.2239323999999998,1.312861,0.70406246,0.69858623,0.74392694,0.95089895,1.3936809,3.4836263999999995,2020-08-25 09:50:33.236,Vehicle Movement,0.6806349158,,,,,,,,,,,,,,,,
0.37654859,0.43586618,0.46377572,0.42103055,0.40327778,0.40291131,0.52184761,0.42571494,0.48308402,0.54358393,0.56517893,0.40506244,0.48710302,0.38792199,0.48092094,0.7461161000000001,0.7798245,0.74457854,0.31236249,0.34039965,0.2690888,0.41008213,0.28636387,0.45410284,0.4714278,0.58854115,0.50757664,0.44201148,0.43801209,0.39261112,0.33293337,0.43934014,0.38156068,0.35013467,0.44566098,0.53282183,1.0860437,0.97626728,0.84406656,0.58014512,0.57545483,0.31635147,0.29100254,0.51941317,0.63632971,1.0350139,2.5871072,2020-08-25 09:50:33.477,Vehicle Movement,0.6806349158,,,,,,,,,,,,,,,,
0.27964297,0.27826247,0.34442201,0.30627605,0.27788433,0.47561464,0.35947824,0.2438422999999999,0.32640323,0.37058404,0.41576174,0.27231944,0.41873136,0.39623937,0.33460674,0.43179989,0.42317188,0.46408165,0.4144912999999999,0.65094835,0.84173059,1.0235776,0.79162711,0.29419175,0.31250495,0.44416162,0.45487076,0.5169667,0.50287938,0.68662071,0.79496247,0.85025358,0.57881927,0.58308989,0.32525757,0.33140096,0.51562601,0.40762806,0.41552636,0.4477024999999999,0.29230291,0.27465391,0.27981186,0.63648123,0.36523473,0.5296995,0.84887516,2020-08-25 09:50:33.717,Vehicle Movement,0.6806349158,,,,,,,,,,,,,,,,
0.36819145,0.41030544,0.26091453,0.25646165,0.25287735,0.4021202,0.27532047,0.27892175,0.30804107,0.27309749,0.41232494,0.35422257,0.2678344,0.25333679,0.32513151,0.43401921,0.3645705,0.39505449,0.41933477,0.44269165,0.47906944,0.52842206,0.49010792,0.28533226,0.33093262,0.41373149,0.50621325,0.54248279,0.80637467,0.73250663,0.78209192,0.81227195,0.6644733,0.62189364,0.31508049,0.25530413,0.45554957,1.1638366000000002,1.3842171,1.2433798,0.55533212,0.32749245,0.39184555,0.44659743,0.55272478,0.50881249,1.1143843,2020-08-25 09:50:33.957,Vehicle Movement,0.6806349158,,,,,,,,,,,,,,,,
0.27343652,0.25866127,0.37167355,0.41188258,0.46215281,0.41442442,0.30135441,0.28640223,0.20069157,0.37410417,0.40442902,0.3509458,0.13490872,0.41619238,0.58066028,0.64353091,0.46078768,0.51190925,0.50877666,0.56297475,0.41026768,0.29319471,0.33251923,0.37276539,0.53562188,0.45441645,0.40358686,0.34965408,0.48595175,0.44206768,0.44795769,0.47104347,0.29654089,0.28435615,0.45227575,0.42273247,0.51347148,0.61738169,0.68048328,0.69724941,0.58964592,0.36802238,0.22467667,0.30087918,0.33398283,0.30208486,1.7083788,2020-08-25 09:50:34.198,Vehicle Movement,0.6806349158,,,,,,,,,,,,,,,,
0.26969522,0.2498602,0.43107349,0.51654339,0.51054305,0.52445549,0.58795291,0.62226027,0.48617458,0.70171171,0.62581331,0.48010477,0.22772522,0.31797859,0.40960595,0.40239343,0.42537516,0.41600117,0.37784183,0.41213715,0.25514767,0.24815987,0.24888386,0.25919467,0.31794611,0.27851185,0.33319938,0.42298436,0.43386582,0.39811227,0.49245909,0.46587196,0.42558879,0.42733252,0.41197857,0.52122861,0.61361659,0.5746057,0.54401231,0.60016227,0.49743551,0.27354586,0.26874983,0.33122408,0.36740461,0.51249081,1.18641,2020-08-25 09:50:34.438,Vehicle Movement,0.6806349158,,,,,,,,,,,,,,,,
0.38761437,0.31540078,0.29829359,0.36258197,0.30532178,0.30513245,0.3412489,0.38038784,0.28222993,0.43668953,0.42191964,0.33974662,0.20732534,0.2400783,0.31919062,0.27601221,0.32209951,0.25597602,0.27285194,0.31903484,0.36339867,0.24735242,0.21897623,0.34649464,0.4142741,0.41900524,0.33340371,0.32178986,0.34622538,0.3068046,0.34016779,0.35676837,0.40363872,0.39536691,0.36329961,0.31147453,0.37320498,0.43057305,0.36100435,0.48043123,0.35347641,0.27386442,0.39452928,1.5122495,2.1345644,4.1642318,5.0155387000000005,2020-08-25 09:50:34.679,Vehicle Movement,0.6806349158,,,,,,,,,,,,,,,,
0.36148104,0.34352443,0.34410819,0.3146337,0.30345616,0.40211722,0.33168092,0.29177713,0.25480103,0.24957506,0.42774963,0.46357706,0.42627388,0.29601774,0.32259411,0.34836525,0.3457719999999999,0.41857666,0.24670883,0.40620399,0.3364369,0.30563733,0.18257125,0.29633826,0.31574214,0.34860393,0.31141776,0.32566768,0.34591231,0.25205141,0.33435458,0.3279458,0.44547105,0.45050344,0.44133234,0.35685602,1.3274747,1.513198,1.2897447,0.93853819,1.4090976999999998,0.76214266,2.5600305,2.8825088,2.7477758,1.5043732,1.5286801,2020-08-25 09:50:34.919,Vehicle Movement,0.6806349158,,,,,,,,,,,,,,,,
0.2945008,0.2818968,0.31139439,0.36019668,0.34020895,0.382438,0.35001883,0.33152193,0.34758922,0.41745526,0.41879576,0.34414461,0.37392455,0.30537096,0.29451573,0.25871268,0.25467461,0.28764391,0.40791243,0.26796544,0.4425022,0.4187142,0.30796862,0.57003069,0.45335987,0.50103086,0.41401345,0.41789439,0.57932723,0.66445893,0.55918479,0.46932578,0.40058446,0.47144306,0.37376258,0.57549375,0.80792606,1.0696112,0.85578227,0.9394899,1.0676155,0.64557421,1.4719171999999998,1.676729,1.9322641,0.94330758,0.71779573,2020-08-25 09:50:35.159,Vehicle Movement,0.6806349158,,,,,,,,,,,,,,,,
0.20767167,0.2917355,0.2972595999999999,0.35075438,0.32817936,0.25094783,0.29703188,0.23366481,0.2246211,0.26278275,0.24994558,0.18709013,0.19606969,0.30398256,0.40518647,0.31118196,0.22236727,0.22092535,0.36296025,0.52578133,0.6294499,0.68928605,0.4609724,0.80796009,0.52182299,0.58816671,0.59636784,0.79864144,0.60426402,0.50947285,0.50686324,0.48937833,0.44607642,0.51723051,0.36922529,0.59360313,0.49895257,0.56628108,0.75628269,0.91704637,0.75490206,0.67526126,0.99269265,1.8080186000000005,1.6841459,1.3614552,0.98456073,2020-08-25 09:50:35.400,Vehicle Movement,0.6806349158,,,,,,,,,,,,,,,,
0.22705205,0.29443061,0.27578446,0.26346299,0.32886034,0.31149095,0.32603928,0.35947347,0.30036995,0.19287758,0.12491301,0.33575204,0.48324406,0.46397579,0.42319012,0.26899531,0.28020832,0.33769429,0.37467885,0.52906108,0.68157148,0.46651962,0.3747448,0.32135332,0.31219944,0.42744601,0.31337619,0.3464036,0.34842804,0.3873384,0.39149314,0.37169611,0.32199764,0.34014201,0.39121357,0.38461003,0.45528758,0.5187664000000001,0.48589283,0.5808444,0.60579747,0.58675945,0.64133072,1.6850197,2.1072586,2.6553102,2.6688051,2020-08-25 09:50:35.640,Vehicle Movement,0.6806349158,,,,,,,,,,,,,,,,
0.27888688,0.27573058,0.24680068,0.28199065,0.29675415,0.21227551,0.27150965,0.42457652,0.41310349,0.55955225,0.49352682,0.56277764,0.5342074,0.35132971,0.34041721,0.25912875,0.2271408,0.24649426,0.30151346,0.41871077,0.43497577,0.39202723,0.42357656,0.51891267,0.49192896,0.40398946,0.46832657,0.42112845,0.42999962,0.24214828,0.42397904,0.51312608,0.54828656,0.67477334,0.35077646,0.58888721,0.67153209,0.52050889,0.36520338,0.43786922,0.44989419,0.43575561,0.24656655,0.57718962,1.5649509,1.9738777,2.0262504,2020-08-25 09:50:35.880,Vehicle Movement,0.6806349158,,,,,,,,,,,,,,,,
0.30558056,0.27308351,0.31311473,0.39633763,0.40925208,0.29025757,0.24056418,0.27422205,0.36496603,0.35517049,0.40043649,0.3810848,0.33649939,0.26790124,0.3177632999999999,0.21146399,0.29213226,0.33942404,0.40044808,0.29271033,0.33595365,0.35825139,0.27028558,0.41380608,0.42963111,0.32536197,0.32414135,0.40725434,0.4290503,0.43621945,0.47272155,0.43312517,0.41643637,0.5221259,0.28441918,0.47335163,0.5434103,0.41936857,0.30111021,0.33560732,0.24813855,0.21438876,0.15340759,0.78581995,0.91574556,0.88581622,0.67189425,2020-08-25 09:50:36.121,Vehicle Movement,0.6806349158,,,,,,,,,,,,,,,,
0.33459449,0.31105998,0.31648502,0.35965216,0.37766093,0.25443584,0.2768234,0.25363076,0.33761528,0.33304879,0.32408115,0.36469156,0.23602562,0.24615376,0.20940772,0.2522139,0.30541819,0.28764871,0.31793907,0.37961853,0.44080383,0.48579818,0.4064685999999999,0.44174552,0.34809214,0.31588989,0.50963801,0.56763101,0.37198627,0.31366003,0.27424324,0.21950255,0.26518157,0.2332313999999999,0.22073016,0.26718083,0.36139235,0.39068565,0.30020726,0.18586832,0.17485832,0.14132638,0.17855185,0.33835414,0.41160446,0.32719654,0.487167,2020-08-25 09:50:36.361,Vehicle Movement,0.6806349158,,,,,,,,,,,,,,,,
0.44071785,0.39921865,0.36535379,0.26038897,0.23696677,0.26866937,0.23432717,0.25576735,0.33559313,0.39375928,0.36448613,0.37046349,0.40161049,0.34224576,0.31863365,0.27488977,0.29931417,0.27569854,0.52751458,0.63137615,0.67954713,0.81398499,0.90106946,0.75180191,0.42120078,0.33938229,0.32559496,0.31686553,0.29579908,0.34972504,0.38212946,0.35268056,0.32693323,0.33761102,0.47308096,0.51955771,0.80976677,0.58278346,0.59841681,0.61180401,0.62634617,0.36115858,0.23859085,0.19019964,0.79504657,1.3516889,2.8612833,2020-08-25 09:50:36.602,Vehicle Movement,0.6806349158,,,,,,,,,,,,,,,,
0.2672632,0.23257296,0.19368649,0.275235,0.23935454,0.26301184,0.21133754,0.18955609,0.30005637,0.31752196,0.28056562,0.35974586,0.34229156,0.34121948,0.37641552,0.42898712,0.44534209,0.45960146,0.4555869999999999,0.51267302,0.48798981,0.51776999,0.58016819,0.69644368,0.72343212,0.59194785,0.4742282,0.33681899,0.27461269,0.32204154,0.34708795,0.34372014,0.36685812,0.45241117,0.59131879,0.57504189,0.52978635,0.66842419,0.72512144,0.74451476,0.60838223,0.58466464,0.53882843,0.37433225,0.98309529,1.1912594,1.3150604,2020-08-25 09:50:36.842,Vehicle Movement,0.6806349158,,,,,,,,,,,,,,,,
0.33519739,0.19355446,0.57171047,0.67224622,0.60058248,0.35542345,0.41509292,0.39841104,0.4811475,0.34486681,0.36650786,0.27791217,0.39552179,0.3578175,0.37118995,0.36341816,0.42624694,0.41208798,0.43563569,0.5049292999999999,0.51776224,0.56606466,0.51828486,0.73637646,0.5965209,0.60823524,0.46342897,0.44217294,0.35668951,0.39136454,0.43901354,0.32118303,0.17045295,0.28361446,0.45760214,0.45340782,0.60078102,0.6448077,0.53162742,0.52002221,0.40204898,0.56654954,0.50377166,0.51074195,0.88037151,4.0574112,11.557913,2020-08-25 09:50:37.082,Vehicle Movement,0.6806349158,,,,,,,,,,,,,,,,
0.52636945,0.30531555,0.40916574,0.56662875,0.60142726,0.60454249,0.48906934,0.52764791,0.48538485,0.53852117,0.6139769,0.65344095,0.37490922,0.32252473,0.32209206,0.32130149,0.33974335,0.34052795,0.2845498,0.3846446,0.47413635,0.49827987,0.38667336,0.44718206,0.41254172,0.45370191,0.51437086,0.58707625,0.44338596,0.42903334,0.45538762,0.38474917,0.22122818,0.41336295,0.3063837,0.32073927,0.43304881,0.4590123,0.82694173,0.80227792,0.6157226,0.4930199999999999,0.49778593,0.47378495,0.49583936,2.2428217,6.412075,2020-08-25 09:50:37.323,Vehicle Movement,0.6806349158,,,,,,,,,,,,,,,,
0.37894678,0.37795192,0.27981257,0.3466886,0.31655857,0.35852161,0.38077101,0.31331372,0.29104334,0.29381767,0.3521089,0.41179642,0.33481306,0.30149743,0.2971639,0.23964892,0.25253683,0.31665626,0.36286438,0.48760888,0.52533782,0.6417712,0.43260664,0.42723241,0.3192704,0.41014513,0.40587652,0.43827027,0.48296615,0.44253159,0.45159847,0.38346428,0.34572643,0.26826781,0.24146289,0.35268253,0.37551457,0.25702494,0.3342402,0.31747541,0.29644066,0.72557205,0.96814585,0.48284459,1.0597413999999998,1.8839799,2.7610743,2020-08-25 09:50:37.563,Vehicle Movement,0.6806349158,,,,,,,,,,,,,,,,
0.25095049,0.24309252,0.25139302,0.2606968,0.3659447999999999,0.30737832,0.44707972,0.33304799,0.41187558,0.44078511,0.51318347,0.4117879,0.44822624,0.34023309,0.26237261,0.28658721,0.30085057,0.34502545,0.66657823,0.70928812,0.75220388,0.84008074,0.82110119,0.70328659,0.62052602,0.47485086,0.33550113,0.3304387,0.44482306,0.40005946,0.45495132,0.38833493,0.35875121,0.36018917,0.36226743,0.41398844,0.35383642,0.35558102,0.43553817,0.40732867,0.33024046,0.46905279,0.54636669,0.24387667,0.38229343,0.62535572,0.83986533,2020-08-25 09:50:37.803,Vehicle Movement,0.6806349158,,,,,,,,,,,,,,,,
0.36963987,0.23817722,0.29427472,0.33321914,0.37498254,0.32545573,0.42412925,0.28973499,0.38149706,0.29616138,0.35890973,0.25755268,0.36184275,0.37941214,0.3026284,0.32820791,0.26975816,0.31260529,0.41251642,0.33707419,0.34117004,0.36173636,0.41301623,0.45327961,0.46510589,0.50865662,0.29538235,0.35051268,0.43754601,0.38055316,0.36547297,0.35315061,0.4873746,0.30863413,0.27701294,0.2707828,0.44566861,0.47123125,0.48953041,0.41276535,0.34457532,0.32280409,0.32248545,0.19555092,0.49529222,0.27856025,0.43308645,2020-08-25 09:50:38.044,Vehicle Movement,0.6806349158,,,,,,,,,,,,,,,,
0.23487847,0.19987726,0.28805932,0.36061311,0.35967195,0.30556634,0.32653692,0.25344917,0.26320398,0.33842042,0.39537334,0.28084129,0.33877668,0.40602806,0.32577547,0.23892939,0.45822033,0.36465865,0.44117075,0.25348982,0.29368618,0.42502198,0.4285112,0.24203497,0.41987276,0.42486662,0.32217351,0.27910933,0.22363007,0.20762746,0.28615347,0.26657048,0.41955855,0.33400509,0.43013763,0.42088568,0.49852151,0.46977359,0.5896100999999999,0.7063607,0.68165678,0.61980569,0.54627514,1.2798085,3.3357794000000003,3.6238134,6.0822849,2020-08-25 09:50:38.284,Vehicle Movement,0.6806349158,,,,,,,,,,,,,,,,
0.39899391,0.28353053,0.32633418,0.27823767,0.41479766,0.39658356,0.38529411,0.21025212,0.22602607,0.25888878,0.32931665,0.31581461,0.40980154,0.41639882,0.29081884,0.32900995,0.47649801,0.30637664,0.37538856,0.33147773,0.38130841,0.36378589,0.30024499,0.45288801,0.37893343,0.31628591,0.26287556,0.32533425,0.21039391,0.32428563,0.34315965,0.30589661,0.36254588,0.24360386,0.24468508,0.21489386,0.24073519,0.20363632,0.23575571,0.263585,0.22703153,0.55167711,0.63279712,0.69273198,1.5319271,1.4842753,2.5004222,2020-08-25 09:50:38.525,Vehicle Movement,0.6806349158,,,,,,,,,,,,,,,,
0.31948799,0.24791253,0.33576638,0.40373591,0.36739296,0.39122599,0.32049763,0.36142126,0.3888751,0.54617411,0.44991282,0.3712342999999999,0.26944125,0.28327382,0.24436961,0.2582798,0.24077579,0.24168544,0.29256275,0.32985649,0.31759733,0.32807961,0.27719355,0.49546048,0.48975602,0.38655812,0.2976785,0.32627982,0.28066519,0.27230057,0.31174457,0.30800065,0.36854914,0.44198939,0.4119592000000001,0.45081064,0.59347373,0.67259109,0.53528053,0.47353587,0.35107857,0.45772889,0.59618294,0.55513203,0.72190863,0.67673177,0.84241277,2020-08-25 09:50:38.765,Vehicle Movement,0.6806349158,,,,,,,,,,,,,,,,
0.63426083,0.34882569,0.38735765,0.43832576,0.39483756,0.41506571,0.31120747,0.28706583,0.30135828,0.33555326,0.24977252,0.30558372,0.24650654,0.24997325,0.34857023,0.34882569,0.37215742,0.38305166,0.2958425,0.26236039,0.28980121,0.34157959,0.27210402,0.3565321,0.30027953,0.30720273,0.38220057,0.3888365,0.30289546,0.1986355,0.18267556,0.29474968,0.4056856,0.37797114,0.36254096,0.29607943,0.40039751,0.40488183,0.40517437,0.44242421,0.32880154,0.2517899,0.34804079,0.30060518,0.38535702,0.30976298,0.30736604,2020-08-25 09:50:39.005,Vehicle Movement,0.6806349158,,,,,,,,,,,,,,,,
0.4852106,0.30317372,0.27587149,0.34708169,0.32851151,0.32495078,0.28263927,0.23505396,0.25291783,0.23974748,0.28742415,0.42624065,0.34991699,0.35373741,0.2746889,0.32264087,0.34011441,0.35641867,0.23685274,0.42224416,0.37784141,0.36041561,0.30181643,0.366175,0.51041311,0.48748678,0.49588749,0.34489682,0.44350487,0.27661893,0.27178487,0.29418039,0.23489207,0.261482,0.4735429,0.42411044,0.52326679,0.47835737,0.46735525,0.44023797,0.45173633,0.35316595,0.33124435,0.35406461,0.45807272,0.36241943,0.36697328,2020-08-25 09:50:39.246,Vehicle Movement,0.6806349158,,,,,,,,,,,,,,,,
0.47697571,0.27161133,0.33443806,0.35531867,0.3696557,0.25136867,0.31862327,0.42415798,0.47301897,0.29633379,0.36699283,0.46454126,0.31698114,0.26359904,0.28179413,0.21401361,0.2125992,0.19306444,0.30541176,0.59080791,0.53419179,0.48321739,0.43234766,0.54753321,0.5033524,0.4571898,0.37888297,0.46118677,0.39700499,0.41854829,0.38960996,0.36504561,0.34275192,0.33892524,0.40303972,0.38797253,0.30928195,0.32270101,0.25341442,0.38068235,0.31030974,0.33034772,0.33559033,0.55385447,0.39140368,0.34826338,0.26913258,2020-08-25 09:50:39.486,Vehicle Movement,0.6806349158,,,,,,,,,,,,,,,,
0.41648328,0.40012795,0.37843835,0.41646165,0.38287655,0.32823732,0.28250277,0.37525672,0.37753531,0.24978158,0.21600311,0.26594168,0.29701668,0.33205912,0.32162097,0.35930121,0.35572103,0.3112959,0.38403833,0.54312736,0.46659583,0.36824191,0.44926119,0.40662432,0.36958435,0.35942477,0.35490888,0.43948492,0.310132,0.33781144,0.27753699,0.29695776,0.33887878,0.35547271,0.35861519,0.33933702,0.23083265,0.34594041,0.33693027,0.37970111,0.38883293,0.29775286,0.32634595,0.39109579,0.28645244,0.32407066,0.42754823,2020-08-25 09:50:39.727,Vehicle Movement,0.6806349158,,,,,,,,,,,,,,,,
0.23675765,0.33673483,0.27943292,0.31094277,0.25538805,0.46806008,0.38986915,0.77438521,0.65080184,0.56874907,0.35037819,0.45291257,0.20219085,0.26104495,0.2704272,0.27852082,0.31889701,0.28737071,0.37418652,0.3629868,0.44317394,0.39844531,0.38805586,0.31418264,0.22927549,0.28201076,0.4195675,0.67523897,0.62568277,0.40354738,0.3557004,0.41096967,0.38503644,0.47925383,0.57855135,0.51337337,0.46200764,0.34992367,0.35160235,0.27754965,0.37586892,0.39376876,0.36731401,0.47675088,0.58017075,0.51182419,0.51068902,2020-08-25 09:50:39.967,Vehicle Movement,0.6806349158,,,,,,,,,,,,,,,,
0.41416097,0.28667215,0.3751505,0.36153138,0.29799491,0.31674361,0.35872129,0.49868548,0.40397096,0.33449748,0.28909358,0.49227351,0.22191623,0.39741975,0.35525995,0.25456032,0.2854287,0.28615552,0.30863979,0.41787532,0.48113859,0.41907808,0.36105055,0.39864144,0.40904909,0.36581597,0.33587721,0.4119012999999999,0.38080826,0.44478303,0.36284798,0.38169807,0.30409378,0.28888726,0.55293453,0.66404754,0.56758308,0.38104159,0.34203091,0.43303427,0.34984311,0.29599825,0.28256321,0.33889273,0.43086252,0.38010508,0.41421697,2020-08-25 09:50:40.207,Vehicle Movement,0.6806349158,,,,,,,,,,,,,,,,
0.35057876,0.30139226,0.42652282,0.36504221,0.27650142,0.45910299,0.39548042,0.40857965,0.30822936,0.28617081,0.23456576,0.32808372,0.29451227,0.29070356,0.27184767,0.2176736,0.31219706,0.2732529,0.32994953,0.3676295,0.37425408,0.25778267,0.22123919,0.47113258,0.38046062,0.46262419,0.26903981,0.36995047,0.33462012,0.33468103,0.27924371,0.24732722,0.25191236,0.25733289,0.41640356,0.47715619,0.44276729,0.34979525,0.3366572,0.29512405,0.29841483,0.28309289,0.31683028,0.37891901,0.48179248,0.36978036,0.36451921,2020-08-25 09:50:40.448,Vehicle Movement,0.6806349158,,,,,,,,,,,,,,,,
0.56480217,0.27482042,0.55225635,0.72505391,0.56953931,0.55082715,0.43683782,0.46887228,0.42727095,0.41176033,0.25721654,0.26380995,0.35372779,0.36895725,0.32564878,0.28129464,0.31724268,0.28802246,0.43701738,0.35621667,0.31927592,0.19573121,0.27786541,0.49994022,0.30728808,0.37781671,0.22147131,0.34712178,0.36455643,0.29927042,0.31231385,0.30594647,0.26059914,0.30578154,0.43235528,0.40913633,0.45816877,0.53559136,0.54257834,0.34099373,0.36867136,0.33109561,0.29660803,0.21687642,0.27286315,0.31937006,0.28535998,2020-08-25 09:50:40.688,Vehicle Movement,0.6806349158,,,,,,,,,,,,,,,,
0.45099512,0.36726302,0.31719333,0.43873817,0.40918881,0.36547989,0.33307233,0.32991087,0.23031722,0.19370246,0.21681631,0.24774931,0.25770226,0.27086318,0.2119353999999999,0.32628104,0.39776963,0.37526923,0.33744621,0.27799425,0.30389097,0.20346786,0.2784242,0.37016988,0.2914359,0.32340166,0.26782364,0.2546449,0.25529543,0.18964811,0.26563352,0.30091208,0.21095078,0.37114543,0.64680541,0.60284257,0.5369484999999999,0.55922031,0.46958569,0.40920562,0.50557578,0.44751531,0.54995686,0.28741702,0.48036468,0.68634343,0.83375055,2020-08-25 09:50:40.928,Vehicle Movement,0.6806349158,,,,,,,,,,,,,,,,
0.55222517,0.30217743,0.33020419,0.46689397,0.69107193,0.72371972,0.57679355,0.34582722,0.31039041,0.43411887,0.55270606,0.42995232,0.27438891,0.23626365,0.24384035,0.2538341,0.28743246,0.35252154,0.21515805,0.4854463,0.55859911,0.68044615,0.53122622,0.85363179,0.73429501,0.77106559,0.61562538,0.46446684,0.43801162,0.29574519,0.34367213,0.23935238,0.23148912,0.46218494,0.60319257,0.61411369,0.49853238,0.43152356,0.4134104,0.57662207,0.50405049,0.38208479,0.43131223,0.54519403,0.5179497000000001,0.69562346,0.56898892,2020-08-25 09:50:41.169,Vehicle Movement,0.6806349158,,,,,,,,,,,,,,,,
0.568317,0.22887568,0.24003409,0.34559506,0.60466456,0.62840581,0.5153770999999999,0.19609019,0.27029619,0.3515459,0.46381837,0.4031657,0.28282088,0.26661009,0.24918613,0.3819257,0.2978161,0.3350462,0.32138646,0.51297516,0.51939595,0.52341062,0.43609589,0.76893747,0.7976473000000001,0.70443779,0.60984236,0.55464834,0.68596709,0.34672463,0.28069142,0.51911187,0.65319431,0.53675294,0.60770416,0.62205422,0.56829995,0.4654811,0.31851673,0.38148966,0.32799911,0.36132774,0.32520658,0.54518396,0.46761587,0.47786355,0.36248994,2020-08-25 09:50:41.409,Vehicle Movement,0.6806349158,,,,,,,,,,,,,,,,
0.3758021,0.36228377,0.36396316,0.28632206,0.42979905,0.36391664,0.28880477,0.22644746,0.2484448,0.2664896,0.32082853,0.38939095,0.35979837,0.33156094,0.28257024,0.38283557,0.27277908,0.29484355,0.18868819,0.35795555,0.37252894,0.60241449,0.43495736,0.41328752,0.40326348,0.39017221,0.30314404,0.29970402,0.40134206,0.22748467,0.3330293,0.44155166,0.42717144,0.3456152999999999,0.35347512,0.40797722,0.36207613,0.27375552,0.17706835,0.2388974999999999,0.19958425,0.32407734,0.25237799,0.32460383,0.26900232,0.36168718,0.31824693,2020-08-25 09:50:41.650,Vehicle Movement,0.6806349158,,,,,,,,,,,,,,,,
0.48267379,0.28845,0.2540136,0.2689105,0.24094597,0.28225914,0.14016567,0.17703424,0.1596192,0.20942947,0.21400984,0.29399768,0.28179049,0.27574092,0.3311089,0.25387436,0.3110275,0.29147035,0.2594378,0.27650356,0.28569227,0.33603913,0.29841119,0.39855096,0.41903445,0.32263845,0.2033637,0.32068712,0.39264604,0.27409613,0.30596703,0.26719457,0.2974847,0.31621289,0.28757885,0.30298334,0.31681156,0.29778281,0.23328075,0.23750402,0.15273136,0.21702415,0.21384297,0.19854484,0.25562277,0.30752763,0.35245943,2020-08-25 09:50:41.890,Vehicle Movement,0.6806349158,,,,,,,,,,,,,,,,
0.27248397,0.22105576,0.24982034,0.25782764,0.32991984,0.40354052,0.42750844,0.49655247,0.37162438,0.20178586,0.28411606,0.42813429,0.4676020999999999,0.38919717,0.34569529,0.31730035,0.25004667,0.2948204,0.3300544,0.41084665,0.44493103,0.38264734,0.36996895,0.42196795,0.46949157,0.46150076,0.27312252,0.2939229,0.33182132,0.31084257,0.27390134,0.25053349,0.29595879,0.21734206,0.3074019,0.30594152,0.34762681,0.34165224,0.28379965,0.32737097,0.36358762,0.35122561,0.23544741,0.25874323,0.23816866,0.23160824,0.35870737,2020-08-25 09:50:42.130,Vehicle Movement,0.6806349158,,,,,,,,,,,,,,,,
0.4615939,0.36920193,0.59418261,0.57660717,0.48747861,0.35731503,0.27584553,0.43784645,0.38851437,0.39450181,0.34502125,0.40764582,0.38257024,0.31373677,0.4069435,0.41955739,0.36864603,0.30338115,0.3421686,0.417377,0.44818488,0.30298555,0.24806343,0.40550274,0.38241157,0.40441692,0.28907984,0.32858145,0.30681235,0.47691268,0.35081106,0.23872201,0.2569727,0.16140859,0.24158897,0.2199364,0.20180312,0.2784884,0.24789496,0.30771193,0.38640898,0.41898143,0.43948221,0.44037011,0.36903775,0.43596819,0.4551031,2020-08-25 09:50:42.371,Vehicle Movement,0.6806349158,,,,,,,,,,,,,,,,
0.50006503,0.30671474,0.55446357,0.58379722,0.37769157,0.4326556,0.58411515,0.36839351,0.44815925,0.39998162,0.41573647,0.43521506,0.41254148,0.2904295,0.38105178,0.33125782,0.2928552,0.26297739,0.31815255,0.41677099,0.37279069,0.38124686,0.35816109,0.42787206,0.40013602,0.24521865,0.28353977,0.35437754,0.36342412,0.35344061,0.36116084,0.28689024,0.34730792,0.37644711,0.36026987,0.31239104,0.25984204,0.33026582,0.24121161,0.50048697,0.48951423,0.48961648,0.29648298,0.34918293,0.35131177,0.45422864,0.48334005,2020-08-25 09:50:42.611,Vehicle Movement,0.6806349158,,,,,,,,,,,,,,,,
0.38479403,0.27422556,0.26723784,0.28976122,0.2892673,0.32497412,0.46418604,0.32471392,0.26999322,0.35425368,0.49488071,0.56446904,0.44723925,0.38746536,0.34803021,0.25718516,0.20794733,0.2332603,0.4301928,0.45879501,0.3949595999999999,0.31366709,0.27964666,0.27868158,0.2885291,0.20013724,0.21487308,0.25690266,0.23131892,0.3890084,0.22809757,0.27395868,0.30368581,0.4166474,0.22298409,0.24262038,0.18700194,0.23059213,0.19256677,0.26672304,0.39732754,0.27192071,0.20956945,0.25371313,0.24398486,0.41156983,0.37137091,2020-08-25 09:50:42.851,Vehicle Movement,0.6806349158,,,,,,,,,,,,,,,,
0.32452551,0.26143479,0.24162285,0.28710672,0.24412954,0.27317554,0.45474809,0.52353853,0.51659542,0.35231599,0.32260019,0.35786793,0.3386136,0.29110402,0.30686384,0.31971103,0.43399349,0.41603634,0.39060861,0.32446435,0.3007675999999999,0.3678492,0.46745515,0.65296876,0.3868829,0.3952235,0.27755427,0.31289977,0.37518051,0.35414371,0.2555817999999999,0.25241333,0.31090948,0.32936701,0.34396547,0.34813085,0.23950654,0.25710124,0.26819614,0.33818081,0.33931276,0.32016179,0.29550084,0.18539792,0.15228371,0.21199694,0.24068159,2020-08-25 09:50:43.092,Vehicle Movement,0.6806349158,,,,,,,,,,,,,,,,
0.36277711,0.29773346,0.51345271,0.27162647,0.35417709,0.30497161,0.38166466,0.39475942,0.47027445,0.42919096,0.46687335,0.36342695,0.32648596,0.27146015,0.21699142,0.29077533,0.32715604,0.36104614,0.32753646,0.23116086,0.26625851,0.37270153,0.39251769,0.52871871,0.40366003,0.46898416,0.3242745999999999,0.41936091,0.38994241,0.30129758,0.2703864,0.26966894,0.25880003,0.26542923,0.26434854,0.30688924,0.24137759,0.27816507,0.36414102,0.42736769,0.3315919,0.25707656,0.29389778,0.31266549,0.38575348,0.51653016,0.56392312,2020-08-25 09:50:43.332,Vehicle Movement,0.6806349158,,,,,,,,,,,,,,,,
0.31929526,0.34353128,0.29432508,0.35614818,0.39484513,0.39910388,0.49001399,0.37684098,0.38211733,0.36267129,0.53077406,0.52950782,0.50484955,0.39517716,0.47404644,0.26147544,0.26658341,0.26239425,0.51764655,0.67587239,0.59459001,0.62475675,0.49492109,0.55468065,0.73784071,0.78382778,0.63038796,0.33872619,0.34692252,0.27025169,0.20003124,0.32615164,0.41111517,0.40247425,0.3118175,0.26005343,0.2756179,0.3178587,0.4484227,0.41723278,0.32631946,0.28836539,0.33216697,0.32683063,0.49549067,0.65352541,0.66624272,2020-08-25 09:50:43.573,Vehicle Movement,0.6806349158,,,,,,,,,,,,,,,,
0.51363403,0.37998161,0.39017525,0.44180983,0.47483301,0.48686472,0.60863429,0.39015859,0.34229028,0.21225742,0.29846573,0.33080673,0.28652874,0.2240239999999999,0.25052464,0.14766541,0.23613034,0.2412319,0.2946462,0.41854542,0.38842592,0.51902211,0.42832604,0.42378098,0.4082801,0.4382948,0.37597555,0.33563668,0.45192921,0.35913071,0.28623629,0.23601706,0.19248101,0.23828375,0.23157056,0.29563645,0.21649173,0.25723293,0.31533289,0.30198297,0.40145776,0.39678678,0.43604404,0.34053046,0.37773016,0.48533919,0.49478367,2020-08-25 09:50:43.813,Vehicle Movement,0.6806349158,,,,,,,,,,,,,,,,
0.44253767,0.34516677,0.30910629,0.27367929,0.27655023,0.2858395,0.34975213,0.32768807,0.30424139,0.26804873,0.29240051,0.28539336,0.2760911,0.321531,0.30985901,0.31131941,0.39373028,0.2912623,0.37024194,0.40800911,0.34627599,0.38545057,0.36204439,0.33217761,0.31428659,0.33216822,0.22837429,0.32688546,0.4032647,0.23672353,0.24297564,0.25290731,0.18507037,0.26841548,0.30373484,0.28312996,0.30832171,0.29201621,0.33271241,0.31326216,0.32047394,0.34525031,0.46182415,0.35444635,0.39008451,0.34045967,0.25300127,2020-08-25 09:50:44.053,Vehicle Movement,0.6806349158,,,,,,,,,,,,,,,,
0.77162325,0.25144383,0.24130271,0.49518856,0.56459212,0.34211335,0.39967659,0.42325318,0.60386544,0.40858558,0.33916384,0.35990113,0.31813505,0.37649995,0.43546048,0.30357906,0.30863753,0.26931742,0.40540537,0.39197859,0.30691597,0.27832556,0.27355292,0.28642166,0.25398508,0.48291469,0.27183327,0.23254181,0.16322981,0.21934456,0.38487941,0.4641732,0.45520228,0.29765433,0.33067033,0.32316792,0.40558985,0.41663313,0.43397343,0.37232381,0.37075627,0.31770796,0.29435602,0.29951882,0.28999451,0.28733054,0.21659443,2020-08-25 09:50:44.294,Vehicle Movement,0.6806349158,,,,,,,,,,,,,,,,
0.62417638,0.25383407,0.27805382,0.48775032,0.58024853,0.48545972,0.53930926,0.3867555,0.46808267,0.400096,0.35558933,0.32557338,0.23605633,0.47357666,0.37228873,0.35767052,0.28505018,0.2881372,0.32175463,0.3244988,0.3238349,0.37380072,0.38194436,0.37707371,0.41386127,0.44814932,0.48323038,0.42607251,0.28106102,0.33614209,0.33917913,0.39736107,0.41053987,0.28493011,0.35270828,0.32750142,0.28342658,0.2437438999999999,0.26203007,0.28976792,0.29519674,0.3330071,0.3142555999999999,0.3812094,0.34404001,0.35846663,0.33499074,2020-08-25 09:50:44.534,Vehicle Movement,0.6806349158,,,,,,,,,,,,,,,,
0.48770705,0.29192075,0.21729821,0.3315460999999999,0.389189,0.34589809,0.28518039,0.27012575,0.38317305,0.31003731,0.40906405,0.2468054,0.30146512,0.36494938,0.30477896,0.22331823,0.18974733,0.3292349,0.48207915,0.4150258,0.35567805,0.39364272,0.36955398,0.23162496,0.34668773,0.32581598,0.50892818,0.25175437,0.26517862,0.27433413,0.53708583,0.60244435,0.73031574,0.28040472,0.32692352,0.36800343,0.26139387,0.27619773,0.30900422,0.27163306,0.24095081,0.24730699,0.29286024,0.35903439,0.31560463,0.33152926,0.38241029,2020-08-25 09:50:44.774,Vehicle Movement,0.6806349158,,,,,,,,,,,,,,,,
0.6793732,0.4754107,0.45255086,0.35764217,0.27428809,0.24144566,0.23934257,0.30369732,0.34976429,0.31829187,0.3357031,0.27650234,0.23716404,0.41095218,0.19519691,0.34684047,0.27959061,0.37179294,0.43178284,0.49397302,0.71610659,0.61405808,0.46859533,0.39788756,0.25988734,0.31821337,0.33935335,0.15195806,0.26196975,0.27087021,0.43680036,0.47529241,0.5805037,0.27427015,0.33097869,0.37461391,0.28634384,0.37739649,0.42537245,0.67190391,0.7003634,0.61029482,0.3383587,0.41649875,0.28026342,0.26205584,0.30645972,2020-08-25 09:50:45.015,Vehicle Movement,0.6806349158,,,,,,,,,,,,,,,,
0.55619317,0.29266047,0.37874305,0.21953911,0.32583529,0.46826753,0.24989234,0.24484536,0.29463834,0.36342633,0.43280947,0.47030678,0.2695595,0.38032019,0.27174434,0.26872015,0.25139597,0.2355196,0.31921926,0.3668479,0.52909964,0.54037541,0.52908444,0.6055550000000001,0.30918345,0.35698348,0.30790797,0.15229151,0.20127022,0.23110363,0.24535339,0.37156403,0.42857009,0.41837755,0.25542262,0.25793263,0.32450846,0.34169051,0.35067099,0.38341528,0.42152631,0.37144271,0.30375034,0.35140863,0.40995365,0.39570165,0.41750628,2020-08-25 09:50:45.255,Vehicle Movement,0.6806349158,,,,,,,,,,,,,,,,
0.65771782,0.33255729,0.3071233,0.35000056,0.50260478,0.58333564,0.46215415,0.41102171,0.45857158,0.47523585,0.5781244000000001,0.49161848,0.40028509,0.32563096,0.26889601,0.45981857,0.3745234,0.41147503,0.28210384,0.44542292,0.51573151,0.54114842,0.53443283,0.39297742,0.34701541,0.26489732,0.28998584,0.24171042,0.37292221,0.37885678,0.38210803,0.47609493,0.48606557,0.36202291,0.34610957,0.34263521,0.27824959,0.23927343,0.28616655,0.42872268,0.43915027,0.34271625,0.29812744,0.35303321,0.47765845,0.34454396,0.43767035,2020-08-25 09:50:45.496,Vehicle Movement,0.6806349158,,,,,,,,,,,,,,,,
0.6794439,0.28864777,0.2778267,0.27700531,0.33175525,0.31022385,0.41202217,0.39761886,0.35897589,0.32874635,0.41642281,0.35550088,0.37393335,0.37627649,0.3024354,0.50577796,0.45412377,0.40202159,0.25817826,0.2408815,0.3993119,0.53244555,0.52699661,0.41425499,0.31351021,0.23778442,0.29123315,0.38701695,0.4120613,0.37590048,0.33731022,0.30231571,0.43217072,0.33743376,0.39328825,0.37799272,0.29745579,0.27341369,0.31331331,0.25983614,0.24519876,0.220181,0.30097365,0.30091599,0.27422488,0.32796085,0.22993688,2020-08-25 09:50:45.736,Vehicle Movement,0.6806349158,,,,,,,,,,,,,,,,
0.49825063,0.25470674,0.43521169,0.39933661,0.43532914,0.30588388,0.40318879,0.60079193,0.60071874,0.51413488,0.46828061,0.45000273,0.21194762,0.31628487,0.32394397,0.52404022,0.42688745,0.34394345,0.28053045,0.39395583,0.33103061,0.43042439,0.29257813,0.27402341,0.34734002,0.21914303,0.31418452,0.38760006,0.4397842,0.22657835,0.32691097,0.30620167,0.39930367,0.29959506,0.34358311,0.31303117,0.28287154,0.24847734,0.26530704,0.46544862,0.4458185999999999,0.29647499,0.33486551,0.24912003,0.27340764,0.3091349,0.29125068,2020-08-25 09:50:45.976,Vehicle Movement,0.6806349158,,,,,,,,,,,,,,,,
0.6486159,0.33059996,0.45688242,0.32636684,0.31719881,0.20214497,0.35470542,0.50363529,0.48375377,0.32511997,0.36208028,0.30996749,0.22393957,0.30345097,0.32283002,0.33332211,0.25235194,0.25668901,0.42201415,0.43484664,0.32451144,0.41562325,0.45873705,0.42058545,0.31541547,0.26214957,0.41293368,0.32855767,0.353329,0.3403204999999999,0.4029792,0.28065363,0.26694533,0.18852811,0.26221332,0.20622592,0.18754286,0.23333482,0.22446346,0.42092317,0.41891366,0.33781582,0.37936395,0.28304169,0.25439441,0.40793225,0.43270484,2020-08-25 09:50:46.217,Vehicle Movement,0.6806349158,,,,,,,,,,,,,,,,
0.66612387,0.34372497,0.35025802,0.41299504,0.39009947,0.43216604,0.28787452,0.35163978,0.34218436,0.41321915,0.45181844,0.45789599,0.35622832,0.421547,0.36286804,0.42081264,0.40657786,0.3997142,0.36569092,0.29801041,0.2404432,0.26756665,0.30794963,0.33762309,0.31573519,0.27919042,0.32567447,0.31682926,0.32691976,0.41910037,0.46620494,0.33809605,0.22016276,0.17562188,0.35854021,0.44808689,0.42041269,0.38413021,0.27728447,0.28548914,0.21683979,0.37480959,0.31478056,0.39253595,0.32077107,0.50118977,0.50853473,2020-08-25 09:50:46.457,Vehicle Movement,0.6806349158,,,,,,,,,,,,,,,,
0.50239933,0.25964865,0.26011834,0.30670986,0.24835593,0.23493615,0.26869664,0.39097172,0.37627992,0.38881284,0.45014071,0.51379597,0.2229228,0.25476605,0.30454043,0.4149537999999999,0.46670339,0.42536098,0.25000101,0.2164373999999999,0.16967882,0.22426119,0.28466791,0.24839684,0.29052737,0.42349884,0.4066433,0.40931976,0.28270039,0.38686919,0.32077524,0.25858375,0.20176609,0.23298229,0.3748922,0.44756824,0.31221855,0.32193172,0.27695793,0.32756019,0.39107525,0.45708361,0.47623336,0.31708097,0.33406273,0.3722074,0.39748746,2020-08-25 09:50:46.698,Vehicle Movement,0.6806349158,,,,,,,,,,,,,,,,
0.43789551,0.30613011,0.38041654,0.23790473,0.27849612,0.45819122,0.27098265,0.28667361,0.29932556,0.38311073,0.43856937,0.43274733,0.35224795,0.29092094,0.29116294,0.30496791,0.27954125,0.34142959,0.27692196,0.39106706,0.19977853,0.20379376,0.26516405,0.3017565,0.24145374,0.23551323,0.30522802,0.37951961,0.24036711,0.19053954,0.29675874,0.34108922,0.41372144,0.29164466,0.27558154,0.32971817,0.43454134,0.44134536,0.39132857,0.29285499,0.38099658,0.42999583,0.39530239,0.28018078,0.27481624,0.34081611,0.37452301,2020-08-25 09:50:46.938,Vehicle Movement,0.6806349158,,,,,,,,,,,,,,,,
0.33027339,0.28821668,0.36151466,0.3632285,0.33633441,0.48216006,0.5239318000000001,0.41687676,0.45419201,0.56745023,1.0138302,1.3858205,2.2484233,3.2672427,4.6146441,5.1505027000000005,5.369881200000001,4.5598245,5.5667124,5.860085,6.0219445,3.3314016000000004,2.6471739,1.9438369,3.3409209000000004,3.317699,2.2257464,1.5500228,1.5731271999999998,0.78083521,0.55819994,0.30205756,0.35579252,0.2897750999999999,0.88103414,0.84070283,0.82004035,0.47618055,0.69667655,0.66788489,0.74435759,0.42369142,0.27419892,0.29049107,0.56671131,0.89054662,2.2155144,2020-08-25 09:50:47.178,Vehicle Movement,0.6806349158,,,,,,,,,,,,,,,,
0.3289831,0.28194091,0.36020601,0.74977565,0.92589593,0.96491593,0.81860477,0.55301565,0.54225677,0.81840825,1.317555,1.5646162,2.512219,3.3134098,4.329821099999999,4.2910094,4.3589673,3.5689244,4.654635400000001,4.8894734,5.118489299999999,2.8413591,2.3756702,1.7325737,2.7490716,2.7273507,1.8657058,1.3212857,1.2947171999999998,0.8632834,0.67599607,0.57232559,0.44822347,0.22478224,0.72224975,0.69924629,0.70431715,0.35363439,0.50807023,0.44465098,0.48800543,0.38214266,0.25984263,0.28757015,0.40921372,0.54487038,1.3268543,2020-08-25 09:50:47.419,Vehicle Movement,0.6806349158,,,,,,,,,,,,,,,,
0.58958828,0.29429278,0.35202298,0.5846777,0.63882363,0.62959224,0.42095432,0.41688979,0.42849725,0.40721482,0.41013679,0.47592589,0.76496494,1.0438199,1.4262817,1.5451986,1.5788076000000002,1.3384253000000002,1.696277,1.7410415,1.8061485,1.126471,0.91377407,0.69938529,0.90331036,0.88006163,0.59469771,0.46438155,0.53458112,0.4299854,0.2986094999999999,0.27574319,0.36909994,0.30029523,0.37031224,0.34283507,0.35526156,0.28251708,0.31035766,0.26176155,0.29270661,0.25397822,0.24007908,0.33115965,0.30584884,0.32551798,0.49555284,2020-08-25 09:50:47.659,Vehicle Movement,0.6806349158,,,,,,,,,,,,,,,,
0.46002856,0.2400665,0.34740967,0.43536681,0.43296659,0.4286979999999999,0.53674948,0.51057357,0.35425642,0.33008805,0.3422479,0.36232075,0.30056956,0.4284825,0.49425524,0.51255703,0.56087726,0.49820274,0.63480622,0.68318981,0.61885428,0.42851764,0.37825575,0.44651318,0.43999517,0.46799356,0.34918103,0.30616522,0.35257563,0.19236918,0.25850061,0.32253125,0.37343222,0.31280905,0.27729008,0.27833083,0.35090566,0.41689283,0.42656454,0.20622398,0.25169215,0.25524077,0.20829357,0.24593496,0.23426047,0.22980258,0.24287938,2020-08-25 09:50:47.899,Vehicle Movement,0.6806349158,,,,,,,,,,,,,,,,
0.27399099,0.20362644,0.38746086,0.43592244,0.50595832,0.44577965,0.51010728,0.45229295,0.29426149,0.24744821,0.23264833,0.26004121,0.25476119,0.37382293,0.33581153,0.29031011,0.34422472,0.35522535,0.27003512,0.33298218,0.35994515,0.28617638,0.25933555,0.24847816,0.26119125,0.27772215,0.26244631,0.24185812,0.3086189,0.31472692,0.25325814,0.30271384,0.29995635,0.32179278,0.40247449,0.42032635,0.42547297,0.42161316,0.39664274,0.32819986,0.31286421,0.38956961,0.34685704,0.3077696,0.38060436,0.43602717,0.40908769,2020-08-25 09:50:48.140,Vehicle Movement,0.6806349158,,,,,,,,,,,,,,,,
0.47964895,0.33144039,0.33407116,0.5420754,0.53983825,0.42180404,0.27661625,0.42346638,0.44574004,0.37106633,0.2686455,0.31598407,0.24914937,0.3582353,0.33663142,0.28708041,0.21520217,0.21926701,0.29167682,0.33407605,0.46098691,0.42392117,0.48353091,0.34508854,0.24623632,0.30183005,0.30263498,0.27292964,0.31823951,0.21768963,0.33644724,0.34305677,0.42088714,0.25526527,0.33304036,0.32535663,0.34368342,0.37933975,0.30165213,0.21517804,0.3195743,0.29004171,0.37386388,0.29965198,0.28000379,0.31068587,0.25312963,2020-08-25 09:50:48.380,Vehicle Movement,0.6806349158,,,,,,,,,,,,,,,,
0.55148882,0.27732337,0.31903705,0.32431924,0.35727164,0.23517327,0.30282891,0.47176015,0.45589975,0.3935574,0.28081352,0.35319477,0.21330383,0.20341709,0.1978993,0.32645583,0.28202662,0.23717861,0.32856369,0.38365829,0.38629508,0.27864271,0.27895898,0.28869119,0.34114355,0.24646966,0.35131991,0.31392041,0.38983309,0.33325148,0.32819661,0.25025651,0.33409056,0.35736179,0.3632369,0.29222924,0.30642784,0.29315352,0.19117671,0.21352935,0.33167908,0.2958762,0.36214572,0.19533223,0.16871667,0.24517789,0.25734055,2020-08-25 09:50:48.621,Vehicle Movement,0.6806349158,,,,,,,,,,,,,,,,
0.3032270999999999,0.30645669,0.41538355,0.44164109,0.39588398,0.34442097,0.28362557,0.33043474,0.25894037,0.25860721,0.23367873,0.36080885,0.2458127,0.25797707,0.2170087999999999,0.21005854,0.23015884,0.28686762,0.38266897,0.32727301,0.28687027,0.33692795,0.2562483,0.316338,0.35250863,0.3189767,0.36289075,0.2413311,0.33241558,0.3627333,0.29585853,0.23591472,0.2627143,0.31676474,0.34779942,0.42779851,0.43308055,0.4012427,0.39218453,0.34329015,0.33224863,0.31390038,0.29251242,0.27529025,0.16483213,0.20339213,0.22418073,2020-08-25 09:50:48.861,Vehicle Movement,0.6806349158,,,,,,,,,,,,,,,,
0.51733601,0.29626864,0.25106257,0.28805903,0.27034977,0.25578347,0.23784372,0.30706164,0.19529676,0.17881763,0.20087138,0.43013629,0.29496878,0.21860154,0.2405809,0.20633177,0.32080022,0.34187099,0.37826318,0.40526578,0.41838425,0.47022608,0.28433517,0.31435484,0.26400155,0.24166885,0.24315298,0.24791247,0.26314476,0.2907485999999999,0.2659063,0.25960279,0.32255366,0.28629544,0.19142812,0.24329081,0.23599873,0.27984023,0.27731994,0.26778898,0.22848643,0.36978024,0.29884982,0.33078235,0.28252628,0.30503798,0.27557069,2020-08-25 09:50:49.101,Vehicle Movement,0.6806349158,,,,,,,,,,,,,,,,
0.57024759,0.29483443,0.26013926,0.20242135,0.41303605,0.38989612,0.42764291,0.29656968,0.34975344,0.39038128,0.41077232,0.35617211,0.36410108,0.27691829,0.32910815,0.46502325,0.40867049,0.4751437,0.39467698,0.41471741,0.42684615,0.48008746,0.53109175,0.59138495,0.4586052,0.45298588,0.45492104,0.55624497,0.4963301999999999,0.27099109,0.21762371,0.24386173,0.33294168,0.38114259,0.34904465,0.43541726,0.64133358,0.61217088,0.70123738,0.69271177,0.57164544,0.49178925,0.38562217,0.25965029,0.34296286,0.3450602,0.40772429,2020-08-25 09:50:49.342,Vehicle Movement,0.6806349158,,,,,,,,,,,,,,,,
0.48513991,0.39787781,0.44718599,0.35398698,0.42923427,0.38153461,0.61522114,0.53730392,0.60778987,0.59388804,0.41881061,0.38907436,0.36162633,0.32358906,0.3158164,0.35865137,0.24107784,0.262054,0.32755983,0.26664698,0.25274062,0.29171857,0.31152636,0.35162726,0.38807279,0.47853884,0.47193033,0.43912539,0.39704376,0.291765,0.3298205999999999,0.39511561,0.30077952,0.39961201,0.36956796,0.50367093,0.40982848,0.37685525,0.39169791,0.39965051,0.44490221,0.39770931,0.36241603,0.28533915,0.29817024,0.43209678,0.49655417,2020-08-25 09:50:49.582,Vehicle Movement,0.6806349158,,,,,,,,,,,,,,,,
0.6944499,0.37419182,0.33748442,0.36001229,0.38378701,0.33721045,0.34799325,0.31973022,0.39260471,0.42222664,0.22386535,0.21250236,0.20599531,0.28614095,0.30062604,0.3106127999999999,0.23041826,0.25391364,0.22817966,0.30927274,0.25994688,0.16329822,0.21163355,0.44119337,0.36486587,0.38613689,0.29295689,0.35068566,0.33622739,0.3679674,0.28309667,0.18041062,0.27934983,0.37063217,0.32948059,0.28909287,0.36046442,0.35900137,0.43822113,0.36836386,0.4288258,0.38613695,0.43558517,0.40526369,0.42207345,0.36230347,0.43024802,2020-08-25 09:50:49.822,Vehicle Movement,0.6806349158,,,,,,,,,,,,,,,,
0.49953437,0.45327905,0.50555414,0.38126725,0.32442182,0.29223585,0.22948435,0.31494108,0.3289859,0.37648883,0.35822639,0.30904168,0.25383988,0.22194527,0.24544138,0.27796414,0.28588402,0.32704794,0.28214034,0.51381195,0.58496785,0.53090537,0.42473552,0.40138683,0.46866518,0.45603311,0.28169891,0.28897661,0.28757358,0.28409293,0.18204927,0.26585469,0.26864937,0.24128973,0.41384462,0.4562749,0.33859551,0.25249213,0.28874877,0.36483851,0.36898091,0.30173463,0.28259584,0.24341257,0.39513794,0.32663605,0.50395972,2020-08-25 09:50:50.063,Vehicle Movement,0.6806349158,,,,,,,,,,,,,,,,
0.49441361,0.35309792,0.36159715,0.42247483,0.40070224,0.33335695,0.35668188,0.33404908,0.24358483,0.3081736,0.35537252,0.38634557,0.29642901,0.27423516,0.20654167,0.37136164,0.34401119,0.35707766,0.30067843,0.4213752999999999,0.40895075,0.37876588,0.42143619,0.47298816,0.4548659,0.46516424,0.39470986,0.34237009,0.28422299,0.38745674,0.25836942,0.31915548,0.38587826,0.33918598,0.31335351,0.24973965,0.35475028,0.30172151,0.38819903,0.27481154,0.27365029,0.2947852,0.28596869,0.28413406,0.28557855,0.33420536,0.3176125,2020-08-25 09:50:50.303,Vehicle Movement,0.6806349158,,,,,,,,,,,,,,,,
0.5559746,0.30847228,0.34321314,0.33419079,0.45643958,0.43906644,0.44741565,0.33764657,0.34961066,0.35083663,0.33671561,0.35864079,0.25429115,0.22143471,0.20057483,0.30807912,0.32506746,0.30350795,0.19946027,0.231242,0.18125075,0.25932938,0.34682244,0.36508146,0.31483802,0.35469943,0.3661744,0.28792164,0.24736065,0.25623316,0.15949987,0.18467198,0.28548411,0.38268092,0.25018898,0.21063021,0.32539493,0.26228741,0.30751455,0.2334455,0.21116936,0.18176743,0.20278099,0.25976357,0.27281424,0.35363299,0.39206919,2020-08-25 09:50:50.544,Vehicle Movement,0.6806349158,,,,,,,,,,,,,,,,
0.63460314,0.22431853,0.46217644,0.31831717,0.38595405,0.41939333,0.36582324,0.3054958,0.23980157,0.34529522,0.45670763,0.36613354,0.31773791,0.29177043,0.30627003,0.27705306,0.27983052,0.27612931,0.32825157,0.44829357,0.39447823,0.40664318,0.39754793,0.35996151,0.32230753,0.33139241,0.28551191,0.22371122,0.30924523,0.36064377,0.4346471999999999,0.29748949,0.37225974,0.34899956,0.48483616,0.27506223,0.38569656,0.23087874,0.30607048,0.24689096,0.11192952,0.089517474,0.14375871,0.21009782,0.19271685,0.24826212,0.27509239,2020-08-25 09:50:50.784,Vehicle Movement,0.6806349158,,,,,,,,,,,,,,,,
0.62048346,0.27134675,0.31126809,0.34907871,0.36821911,0.39679873,0.47263029,0.42676428,0.44518489,0.37055007,0.41745585,0.34064656,0.23425406,0.29291046,0.30743295,0.28978485,0.24708161,0.25623235,0.2729142,0.35044345,0.28107902,0.34950516,0.33886519,0.34985685,0.27422088,0.25021076,0.22950479,0.28342587,0.21994735,0.21291827,0.20199069,0.1874775,0.31768292,0.27678674,0.23183653,0.21321432,0.23756492,0.20439488,0.23022464,0.17702731,0.23407535,0.23643452,0.23110403,0.39213309,0.29433349,0.38234568,0.36395055,2020-08-25 09:50:51.024,Vehicle Movement,0.6806349158,,,,,,,,,,,,,,,,
0.41491148,0.24216722,0.27652207,0.38496393,0.27259654,0.30603758,0.35099784,0.31693551,0.37159067,0.40038842,0.39542732,0.40733838,0.31293637,0.35278386,0.28872243,0.27859488,0.33591324,0.35239533,0.32921663,0.30368161,0.24126992,0.31304908,0.34286413,0.29381779,0.33193746,0.17914063,0.32993186,0.29276574,0.22185859,0.23413233,0.24178235,0.33900478,0.28089365,0.27625039,0.23442027,0.28833869,0.30288595,0.20454834,0.22342966,0.22494151,0.19525386,0.23012547,0.20821418,0.35102412,0.29789802,0.3824749,0.41085729,2020-08-25 09:50:51.265,Vehicle Movement,0.6806349158,,,,,,,,,,,,,,,,
0.59516639,0.44004291,0.43106222,0.43888003,0.31855312,0.4511257999999999,0.41535935,0.34596753,0.38284749,0.47214466,0.40802413,0.31285101,0.32780409,0.41843775,0.39090094,0.43913761,0.41819689,0.33582616,0.27277651,0.24444164,0.24276507,0.31794,0.30589756,0.32451746,0.31847453,0.27608669,0.29070467,0.25036967,0.28441298,0.38651738,0.38810477,0.47074664,0.38460526,0.36230198,0.2225007999999999,0.23378237,0.27184317,0.31528848,0.37512228,0.25067714,0.21812457,0.16281152,0.3286162,0.22165808,0.31304654,0.23601048,0.26885843,2020-08-25 09:50:51.505,Vehicle Movement,0.6806349158,,,,,,,,,,,,,,,,
0.62853664,0.34470126,0.35262871,0.31648573,0.45031986,0.45834869,0.43970376,0.22296138,0.1824861,0.29107445,0.30253261,0.30963719,0.35989988,0.41130972,0.30563518,0.38387686,0.23834617,0.23116571,0.25820211,0.4918417,0.57072341,0.51310033,0.32491079,0.3398982,0.3465450999999999,0.3098444,0.20505512,0.17949423,0.24523038,0.31166181,0.31570879,0.30962837,0.41009414,0.47119895,0.43469009,0.57603514,0.44173414,0.3101581,0.38260564,0.46003219,0.31299546,0.31841505,0.24404606,0.25797501,0.35215926,0.40921357,0.4282810999999999,2020-08-25 09:50:51.746,Vehicle Movement,0.6806349158,,,,,,,,,,,,,,,,
0.43953928,0.3728241,0.20333466,0.19726081,0.26246732,0.30449533,0.25151685,0.22706692,0.15060939,0.19462624,0.24299143,0.26507494,0.29650515,0.41573319,0.42664385,0.4505734999999999,0.32204854,0.24716328,0.26182252,0.32797748,0.41461596,0.32540166,0.2670117,0.28312919,0.26351044,0.25089097,0.25281644,0.2210099,0.24846531,0.27930897,0.26392558,0.27340558,0.33430472,0.42974082,0.30244583,0.32164687,0.23085393,0.34514293,0.33695397,0.26606658,0.22664718,0.30425921,0.21096104,0.26727188,0.36397219,0.40437394,0.41111884,2020-08-25 09:50:51.986,Vehicle Movement,0.6806349158,,,,,,,,,,,,,,,,
0.43049613,0.46018362,0.33871374,0.32990009,0.33330828,0.35861629,0.3889789,0.33595282,0.34996486,0.44039893,0.3645575,0.34338802,0.36258954,0.44318175,0.45564386,0.35296661,0.33023641,0.26953465,0.24740687,0.24633101,0.20448808,0.19290873,0.24445297,0.2509726,0.19518313,0.22374666,0.19972932,0.23191676,0.25605407,0.22381341,0.31840092,0.23829305,0.25199547,0.29748264,0.27092537,0.28261408,0.26479152,0.31786439,0.35165793,0.29714319,0.37238592,0.39841574,0.45725045,0.3562068,0.39016637,0.25944906,0.23749694,2020-08-25 09:50:52.226,Vehicle Movement,0.6806349158,,,,,,,,,,,,,,,,
0.39258879,0.43524846,0.31785893,0.4454222,0.56625807,0.47660041,0.52646291,0.29838032,0.27778623,0.35287145,0.27406755,0.28433898,0.26929188,0.36892974,0.35537744,0.36849448,0.31198665,0.2693505,0.40276104,0.32699376,0.31371975,0.30222484,0.43575931,0.23849681,0.42231745,0.39674634,0.33714488,0.44501516,0.25962737,0.1936271,0.3039813,0.31303978,0.20461945,0.26335612,0.25654253,0.33534059,0.27875605,0.31612253,0.32391569,0.32828206,0.46772411,0.49513248,0.38472933,0.33874458,0.2438168999999999,0.27642775,0.32669723,2020-08-25 09:50:52.467,Vehicle Movement,0.6806349158,,,,,,,,,,,,,,,,
0.56815571,0.29235035,0.25609282,0.36349705,0.4473947,0.35394624,0.42677456,0.27788016,0.13631928,0.19246633,0.27847427,0.35140774,0.16120744,0.31108448,0.20861638,0.28530166,0.28489971,0.36791453,0.43255344,0.39894745,0.30605775,0.30992377,0.40472028,0.21894358,0.38190982,0.31925917,0.37066147,0.39857194,0.35368949,0.2789984,0.28690529,0.24483679,0.20075868,0.31020561,0.34078297,0.36286321,0.3084158,0.24258763,0.28285906,0.32971162,0.35983315,0.37506136,0.30989733,0.2832337,0.2939512999999999,0.24523848,0.25428483,2020-08-25 09:50:52.707,Vehicle Movement,0.6806349158,,,,,,,,,,,,,,,,
0.57343751,0.32558602,0.36445692,0.35116261,0.39707899,0.32074559,0.34440354,0.31993678,0.19866382,0.24560203,0.28152758,0.32462719,0.26901487,0.39217564,0.29240248,0.17551884,0.2721656,0.35273734,0.49206588,0.36951503,0.35017446,0.45442802,0.55048448,0.37995175,0.37057999,0.30500892,0.40492934,0.37347564,0.39476821,0.33219665,0.27742466,0.22933356,0.17604434,0.25663626,0.34982657,0.34199715,0.39275059,0.33016261,0.3568697,0.43128395,0.29277021,0.29093626,0.32398716,0.28637868,0.3293494,0.20404866,0.15717202,2020-08-25 09:50:52.947,Vehicle Movement,0.6806349158,,,,,,,,,,,,,,,,
0.43936914,0.28225824,0.21023434,0.19776067,0.26161277,0.26312718,0.33754835,0.43717131,0.4066785,0.41350615,0.4420518,0.3002617999999999,0.35359105,0.48234507,0.42880443,0.25030786,0.38377666,0.42847437,0.46972293,0.27474964,0.32641047,0.3943134,0.47090885,0.32885128,0.3838315,0.35660553,0.34960127,0.28911299,0.33129665,0.30288646,0.26769966,0.27255824,0.31024683,0.30471164,0.31675959,0.33079612,0.29931882,0.28141707,0.26502848,0.38280484,0.41766092,0.39693269,0.29837915,0.33393687,0.21309008,0.11638541,0.12850586,2020-08-25 09:50:53.188,Vehicle Movement,0.6806349158,,,,,,,,,,,,,,,,
0.44569778,0.31513074,0.22591445,0.17824098,0.23177853,0.26704901,0.28360164,0.29934612,0.31511721,0.37905467,0.35235831,0.31671149,0.2932359,0.35821253,0.32203802,0.23307762,0.30955935,0.35942531,0.41645336,0.35508442,0.34210557,0.33607844,0.24057949,0.23563157,0.24271399,0.26483232,0.29648036,0.28258783,0.28993896,0.39923355,0.25470659,0.2536101,0.26828641,0.40538123,0.3516494,0.27311793,0.23243889,0.22736481,0.25028682,0.26488352,0.32310054,0.29209948,0.22197771,0.28717884,0.1376182,0.12394124,0.15136245,2020-08-25 09:50:53.428,Vehicle Movement,0.6806349158,,,,,,,,,,,,,,,,
0.53814512,0.59231669,0.36721352,0.5150243,0.46819612,0.47960007,0.42046231,0.39517933,0.3809247,0.41500735,0.38189036,0.28660482,0.36341459,0.37589425,0.34728768,0.31173521,0.25991088,0.32455018,0.36777434,0.35308066,0.33041969,0.35261339,0.2772834,0.39670777,0.23818444,0.21491967,0.28627428,0.32938337,0.35896546,0.36066061,0.40052038,0.29029796,0.2105118,0.27625358,0.39296651,0.20681491,0.24491531,0.3679572,0.40568671,0.44462031,0.15791684,0.14944509,0.11667205,0.28546718,0.24480958,0.24469014,0.25994739,2020-08-25 09:50:53.669,Vehicle Movement,0.6806349158,,,,,,,,,,,,,,,,
0.43630198,0.29871276,0.34292376,0.34963641,0.34501839,0.40699345,0.41164839,0.34482956,0.24252069,0.27650979,0.25648847,0.36932504,0.35882288,0.45679468,0.41188011,0.34013075,0.33235493,0.31189975,0.30000728,0.31890437,0.21500655,0.26821759,0.30755007,0.33265552,0.34685165,0.30472821,0.31045023,0.21139351,0.26629519,0.28249258,0.33708346,0.32341182,0.39976525,0.21520537,0.29914257,0.2437226,0.33404255,0.54436523,0.61640412,0.38494858,0.2868272999999999,0.23954265,0.24788441,0.32009116,0.31503147,0.23424606,0.19855379,2020-08-25 09:50:53.909,Vehicle Movement,0.6806349158,,,,,,,,,,,,,,,,
0.31201863,0.25873107,0.37558722,0.36543712,0.3921504,0.31541014,0.38287103,0.39349005,0.32753241,0.32212251,0.24640413,0.2383002,0.20190285,0.28131178,0.23194866,0.1955397,0.27160752,0.30635694,0.25673106,0.35887334,0.37147164,0.38633966,0.43927723,0.24484859,0.38488522,0.34328666,0.27361569,0.23548122,0.28594881,0.31726378,0.37494126,0.42107487,0.42488936,0.26415077,0.27553549,0.21651532,0.24085565,0.38038409,0.39176828,0.34411931,0.2746699999999999,0.27635932,0.28433535,0.29406282,0.26258108,0.2589494,0.23455708,2020-08-25 09:50:54.149,Vehicle Movement,0.6806349158,,,,,,,,,,,,,,,,
0.29213107,0.24957113,0.21544985,0.27875745,0.37836561,0.30123046,0.26757541,0.285337,0.31855947,0.32490882,0.3570708,0.36360621,0.33437389,0.33353394,0.31617734,0.31544626,0.24980035,0.313555,0.32853052,0.36954856,0.36546478,0.34894294,0.32704622,0.21939781,0.3249954,0.30223548,0.3365919,0.31350353,0.2915957,0.31335664,0.28792033,0.35785431,0.29604569,0.34266949,0.48105177,0.47314027,0.33680692,0.2352885,0.23210199,0.21916987,0.18642062,0.24055563,0.23792839,0.21892768,0.28203097,0.36881217,0.38106588,2020-08-25 09:50:54.390,Vehicle Movement,0.6806349158,,,,,,,,,,,,,,,,
0.39387748,0.26124257,0.24231042,0.3040989,0.42173865,0.34917668,0.28563392,0.3791407,0.39156562,0.35960528,0.32366553,0.33998415,0.25492278,0.24589759,0.2772797,0.18846188,0.27152178,0.35028836,0.46822843,0.44907531,0.50120974,0.51226467,0.44290686,0.30114987,0.33484259,0.36145467,0.3556813,0.38482904,0.30679825,0.35006064,0.31811959,0.30854535,0.30027273,0.30887863,0.42628166,0.42031968,0.46170738,0.4328927999999999,0.48709753,0.352467,0.21931456,0.23540913,0.23664682,0.33497661,0.27920562,0.26458043,0.29159054,2020-08-25 09:50:54.630,Vehicle Movement,0.6806349158,,,,,,,,,,,,,,,,
0.49367106,0.41854802,0.37460238,0.33684045,0.38144559,0.41527599,0.30199009,0.42725536,0.43951851,0.39982238,0.38661337,0.45841461,0.28564763,0.33372819,0.30023128,0.1816434999999999,0.21331561,0.21882513,0.28915468,0.40593404,0.41226888,0.47873119,0.41489249,0.28800181,0.21383721,0.24221131,0.25703159,0.28729504,0.29200339,0.34218347,0.23280302,0.21954145,0.23692629,0.21487291,0.29348987,0.27370575,0.28979126,0.35562372,0.38837835,0.31882688,0.25597095,0.2336572,0.25966492,0.31185845,0.21124059,0.22929481,0.24513522,2020-08-25 09:50:54.870,Vehicle Movement,0.6806349158,,,,,,,,,,,,,,,,
0.37222397,0.30769897,0.37242708,0.39393097,0.41253066,0.46325037,0.38482758,0.48754239,0.44408101,0.400103,0.36666104,0.32614899,0.40860054,0.36038783,0.45946234,0.31599772,0.22252427,0.26734239,0.38914764,0.35002923,0.4086664,0.46588573,0.48214069,0.33131629,0.27175379,0.22598858,0.35601985,0.43912843,0.2643652,0.27736479,0.19594713,0.25015128,0.33394608,0.27713412,0.29382437,0.38986284,0.31408963,0.35948166,0.35193357,0.31002715,0.2656495,0.22206359,0.21698526,0.38907447,0.34488678,0.26047346,0.27316698,2020-08-25 09:50:55.111,Vehicle Movement,0.6806349158,,,,,,,,,,,,,,,,
0.36016905,0.37126473,0.27259135,0.31589738,0.35254034,0.41753554,0.34143516,0.38810226,0.31895742,0.34414437,0.27505893,0.30358151,0.44835669,0.51898772,0.57168722,0.35819206,0.34667444,0.31948811,0.41819379,0.36448479,0.41930279,0.32998639,0.4080776,0.29728785,0.25530219,0.29707196,0.35560855,0.36708325,0.25053558,0.32931641,0.35253575,0.36285678,0.38182023,0.40780953,0.27131853,0.30204284,0.35955793,0.45841497,0.39862651,0.30658126,0.19873382,0.15612973,0.16021852,0.3033967,0.25211474,0.29541454,0.31804711,2020-08-25 09:50:55.351,Vehicle Movement,0.6806349158,,,,,,,,,,,,,,,,
0.56872344,0.258811,0.30075544,0.27636853,0.2429055,0.31809676,0.26779893,0.23900835,0.30425406,0.31495425,0.32017031,0.33091474,0.4390747,0.34167448,0.3494435,0.27058667,0.2876339,0.34836376,0.35920134,0.36239237,0.42198613,0.37291887,0.4052524,0.24505688,0.28334963,0.32353026,0.38996771,0.31869492,0.29879245,0.29756901,0.26811838,0.34490702,0.3089419,0.34347397,0.36821944,0.409161,0.39222977,0.26180401,0.2884100999999999,0.29424646,0.23719038,0.17030151,0.1736456,0.2253169,0.38814944,0.3556480999999999,0.37204844,2020-08-25 09:50:55.592,Vehicle Movement,0.6806349158,,,,,,,,,,,,,,,,
0.33747005,0.25539166,0.29435796,0.2851454,0.3002107999999999,0.28271252,0.24160568,0.22271988,0.32675642,0.35170621,0.35157633,0.3053807,0.40106505,0.33941966,0.34145269,0.33572918,0.34833053,0.4142279,0.27566195,0.28708598,0.3267565999999999,0.31975368,0.31182304,0.28726476,0.31412813,0.26943472,0.20731273,0.2909154,0.33883569,0.36425272,0.4129332,0.39093909,0.22157608,0.32943612,0.32847181,0.31009445,0.29128852,0.19670025,0.20911288,0.19848549,0.22586545,0.17951198,0.19366775,0.18443219,0.21972197,0.2105018,0.30423316,2020-08-25 09:50:55.832,Vehicle Movement,0.6806349158,,,,,,,,,,,,,,,,
0.21947615,0.28100356,0.28457043,0.24306665,0.27216202,0.26724902,0.17104632,0.31631967,0.30275455,0.2968049,0.30009446,0.35098588,0.3576262,0.31536329,0.41843042,0.51875579,0.46865043,0.41925693,0.37864968,0.28852317,0.2491478,0.33681077,0.46159643,0.39740449,0.2902638,0.23454255,0.19488077,0.31833562,0.29855159,0.27927676,0.31352943,0.46275666,0.34832665,0.35388085,0.35647315,0.33625782,0.34437609,0.47440237,0.51272082,0.51942545,0.35709986,0.28777373,0.28077212,0.29146785,0.18545838,0.25604421,0.25562552,2020-08-25 09:50:56.072,Vehicle Movement,0.6806349158,,,,,,,,,,,,,,,,
0.77530795,0.35534275,0.39307779,0.26395419,0.25533313,0.25338918,0.24998532,0.28130043,0.23646407,0.27261335,0.28954127,0.29829246,0.34852839,0.40342686,0.31518233,0.30604771,0.31414461,0.37359017,0.37058833,0.44080284,0.3775354,0.36160666,0.35008836,0.34376958,0.27158123,0.22869039,0.3229484,0.46492428,0.43358332,0.39904073,0.32212496,0.38060197,0.22850582,0.26644775,0.40957198,0.32681212,0.30365649,0.30706155,0.38723814,0.36734772,0.34921107,0.30526656,0.29170689,0.35301134,0.383048,0.56228215,0.55963671,2020-08-25 09:50:56.313,Vehicle Movement,0.6806349158,,,,,,,,,,,,,,,,
0.48673788,0.43815827,0.36524323,0.30670524,0.25882512,0.28153321,0.4268772,0.36298233,0.2091158,0.18375692,0.20023838,0.27394861,0.29135278,0.34079662,0.35049137,0.35592052,0.42192584,0.33923611,0.31732655,0.48016021,0.41604465,0.33529812,0.20186718,0.23048376,0.29617974,0.23657432,0.27431726,0.34527498,0.32199973,0.26519555,0.22833896,0.29396603,0.32027218,0.26770309,0.38586828,0.26069444,0.30031934,0.2634744,0.32359073,0.24931121,0.1737313999999999,0.12896967,0.13734226,0.38758034,0.44825479,0.46448269,0.40384245,2020-08-25 09:50:56.553,Vehicle Movement,0.6806349158,,,,,,,,,,,,,,,,
0.42207503,0.33596495,0.29990715,0.31421858,0.28674302,0.35648027,0.37132454,0.36695004,0.23322825,0.23553863,0.27783126,0.37457263,0.28172803,0.24124682,0.23964742,0.34160489,0.31358981,0.2545917,0.29207984,0.32747424,0.26941529,0.22880122,0.2973125,0.20421711,0.32554075,0.40245345,0.32438186,0.40749508,0.31822571,0.29950726,0.18288329,0.2477659,0.3466484,0.36849302,0.28439236,0.23454665,0.27490672,0.31365138,0.31733799,0.29600438,0.2281478,0.19007678,0.16484843,0.32992205,0.31757542,0.4529505999999999,0.44131681,2020-08-25 09:50:56.794,Vehicle Movement,0.6806349158,,,,,,,,,,,,,,,,
0.7268581999999999,0.28134745,0.20916149,0.23190674,0.24105047,0.26465192,0.38313517,0.35041016,0.2347174,0.26924804,0.33815223,0.30759579,0.31949174,0.32282269,0.35478586,0.28826231,0.23288678,0.26176608,0.28259617,0.35503045,0.34596378,0.37720349,0.3973504,0.25090793,0.25983745,0.30620626,0.26196104,0.27393001,0.26178631,0.33006582,0.28720456,0.29793805,0.24582708,0.31452319,0.22252937,0.23467764,0.2498989999999999,0.23613027,0.2298947999999999,0.34625754,0.34036171,0.32086211,0.29556191,0.43068153,0.30516312,0.345909,0.34604734,2020-08-25 09:50:57.034,Vehicle Movement,0.6806349158,,,,,,,,,,,,,,,,
0.60072213,0.23058173,0.24871029,0.23099083,0.30874208,0.42805451,0.46431804,0.33100685,0.25907224,0.37519258,0.35043177,0.32945913,0.27359509,0.32543793,0.27666888,0.39162165,0.38585615,0.37559572,0.30949768,0.28696433,0.29184812,0.30165446,0.34792879,0.22690076,0.27331251,0.34339619,0.39471963,0.32503173,0.1929391,0.30290967,0.24697123,0.23482735,0.2223462,0.20299293,0.16404273,0.19894987,0.2190139,0.29639003,0.36806977,0.39354053,0.23986009,0.18434666,0.17663397,0.37323862,0.36620289,0.40150589,0.36768094,2020-08-25 09:50:57.274,Vehicle Movement,0.6806349158,,,,,,,,,,,,,,,,
0.58517694,0.25658718,0.34034175,0.33482486,0.30373824,0.39892256,0.40387186,0.37009722,0.22665702,0.27593639,0.23711646,0.28692871,0.2752147,0.34267315,0.40147105,0.38282889,0.35853973,0.38154188,0.29370382,0.32398129,0.26670533,0.4116762,0.54888535,0.43159589,0.29899195,0.31147718,0.35421777,0.33840853,0.28974172,0.29250535,0.24389303,0.19023551,0.21855363,0.33060953,0.22345506,0.19355245,0.21831319,0.37418056,0.34211734,0.31208286,0.43906906,0.43506175,0.41814965,0.35438815,0.39640456,0.30693215,0.27305746,2020-08-25 09:50:57.515,Vehicle Movement,0.6806349158,,,,,,,,,,,,,,,,
0.57082224,0.37638402,0.33080167,0.32601625,0.29848766,0.26898623,0.29467198,0.27302018,0.24854402,0.1892142,0.27661023,0.28631645,0.28625607,0.28007555,0.3942866,0.49163675,0.41817242,0.37315235,0.2091727,0.22813806,0.19056727,0.29313982,0.41733208,0.41828176,0.34945294,0.38107565,0.32026407,0.36878628,0.28910264,0.27444291,0.23407704,0.22403827,0.24621153,0.29955131,0.24426846,0.22676221,0.31037977,0.38967448,0.376546,0.3460499,0.25238255,0.30666375,0.31142491,0.30072123,0.26314381,0.31076378,0.31152624,2020-08-25 09:50:57.755,Vehicle Movement,0.6806349158,,,,,,,,,,,,,,,,
0.73879796,0.32502401,0.3985838,0.51900947,0.478865,0.37012264,0.45674533,0.49867105,0.61125386,0.44726774,0.55569434,0.57971388,0.44147319,0.45959592,0.45499119,0.35782051,0.3552205,0.40742192,0.27741396,0.20993966,0.2008535,0.32380792,0.40946257,0.37508693,0.25519261,0.27580541,0.2683554,0.30738285,0.24738033,0.19216093,0.2585324,0.30186063,0.37039194,0.30154282,0.46415055,0.42938927,0.40524819,0.43185616,0.45077917,0.35459876,0.24654566,0.25279111,0.30098972,0.30154857,0.29481995,0.31539786,0.26397982,2020-08-25 09:50:57.995,Vehicle Movement,0.6806349158,,,,,,,,,,,,,,,,
0.45726889,0.23406453,0.25551468,0.33482373,0.2872307,0.22547172,0.38706288,0.4570123,0.48723984,0.44557697,0.41022655,0.31972709,0.32636663,0.36400133,0.43355861,0.293006,0.30624413,0.30577451,0.26306927,0.32165158,0.2717725,0.32939455,0.42787904,0.43028551,0.40193528,0.3218134,0.36186889,0.40341291,0.29113641,0.26512229,0.25867084,0.25912201,0.3292082,0.37737846,0.41044647,0.43278512,0.32723594,0.3252292,0.33810547,0.37338653,0.24676439,0.23027162,0.24204814,0.25806481,0.25385949,0.25686926,0.15652357,2020-08-25 09:50:58.236,Vehicle Movement,0.6806349158,,,,,,,,,,,,,,,,
0.33407804,0.2839503,0.16232361,0.21467581,0.27081829,0.22429146,0.18874106,0.29597783,0.33968547,0.34398255,0.3834371,0.35765007,0.20080018,0.27624333,0.34855062,0.31169009,0.23691811,0.34047982,0.30927917,0.3312892,0.23999833,0.27363205,0.20315801,0.31180361,0.37155142,0.23698172,0.2615957,0.27002344,0.3216697,0.22970062,0.266565,0.23114762,0.34350038,0.33967644,0.37313697,0.31980458,0.33242926,0.2426549,0.18608959,0.20761159,0.32849652,0.3015027,0.31640893,0.20939495,0.18307991,0.18159336,0.15291989,2020-08-25 09:50:58.476,Vehicle Movement,0.6806349158,,,,,,,,,,,,,,,,
0.48348168,0.41672033,0.49686953,0.49964479,0.44608021,0.42318118,0.25007629,0.22135021,0.26080269,0.2694484,0.29011315,0.29674828,0.22550009,0.29118165,0.29719228,0.32900745,0.21157762,0.24716164,0.34668761,0.35354757,0.28359598,0.2555097,0.16706641,0.20459466,0.18380962,0.1959298,0.30183843,0.26387471,0.38489461,0.17733036,0.28199935,0.27109715,0.30923635,0.27066985,0.28838837,0.30355257,0.26684353,0.19225705,0.21546251,0.20520274,0.25258306,0.25673178,0.17841201,0.20548257,0.17117964,0.26175815,0.23194188,2020-08-25 09:50:58.717,Vehicle Movement,0.6806349158,,,,,,,,,,,,,,,,
0.54429597,0.28852797,0.36899903,0.39097178,0.41627845,0.39102581,0.34101716,0.29201701,0.25469065,0.30825245,0.34727457,0.2122388,0.21991608,0.23442455,0.24459891,0.22493006,0.24350281,0.27428064,0.37095684,0.40423483,0.38965079,0.43150121,0.3680062,0.39267588,0.40649441,0.22731209,0.21187204,0.21586144,0.25749838,0.27914488,0.3022199,0.25922224,0.29713479,0.21192081,0.25747362,0.25846753,0.28414991,0.29205823,0.35997793,0.35955536,0.26363331,0.27702349,0.23260982,0.23792686,0.28637382,0.3657164,0.37391371,2020-08-25 09:50:58.957,Vehicle Movement,0.6806349158,,,,,,,,,,,,,,,,
0.57366163,0.30915916,0.32679701,0.36894798,0.34048155,0.35039294,0.28926665,0.30475152,0.3420139,0.35654959,0.3237296,0.34519252,0.31712949,0.33764601,0.3417671,0.24261366,0.18083681,0.22844365,0.27154517,0.39344907,0.28719163,0.32355145,0.28482974,0.31188086,0.36103255,0.34019607,0.33963627,0.27863359,0.28344491,0.23020819,0.26633367,0.26712909,0.28671011,0.1679258,0.22398557,0.19228891,0.20968048,0.28178561,0.34500876,0.36955908,0.27114725,0.2782970999999999,0.26882103,0.27809274,0.25160626,0.30418181,0.27938762,2020-08-25 09:50:59.197,Vehicle Movement,0.6806349158,,,,,,,,,,,,,,,,
0.45759928,0.35520515,0.33264783,0.23517498,0.22251092,0.32895443,0.30651677,0.32737672,0.37624189,0.55134773,0.39364639,0.31431538,0.32312834,0.37426889,0.46118301,0.35490945,0.29941058,0.28453952,0.47030237,0.44689259,0.37071404,0.36787975,0.25658354,0.23785694,0.26249355,0.25602204,0.31107056,0.26080132,0.33354002,0.22888163,0.30091462,0.27242157,0.24869379,0.50604397,0.6290256999999999,0.61146706,0.81819284,0.83901882,0.97380763,0.99760199,0.86811674,0.73569316,0.78238285,0.5210256,0.76645494,0.73830265,0.68793732,2020-08-25 09:50:59.438,Vehicle Movement,0.6806349158,,,,,,,,,,,,,,,,
0.93347329,0.41238996,0.45502603,0.54851323,0.74226177,0.74049395,0.48403621,0.40763929,0.62139589,0.65421271,0.73195028,0.50610745,0.40667292,0.44479495,0.50539744,0.54624927,0.60468793,0.55159128,0.6397149000000001,0.46724576,0.41165367,0.32149741,0.44644499,0.41026616,0.34391817,0.30726141,0.25236583,0.22648129,0.30105099,0.43432111,0.3394725,0.35678402,0.26702935,0.49738327,0.51171148,0.53808987,0.69139481,0.74079263,0.86308974,0.82319242,0.71905857,0.61214042,0.60194123,0.42730305,0.56923074,0.55906224,0.42460975,2020-08-25 09:50:59.678,Vehicle Movement,0.6806349158,,,,,,,,,,,,,,,,
0.67696035,0.30291286,0.31558093,0.40226156,0.44537216,0.54205877,0.41143727,0.34212723,0.40805575,0.44970191,0.4642036,0.33900979,0.35807785,0.36868969,0.3450641,0.40805227,0.33484662,0.30541843,0.46760529,0.44650584,0.41614768,0.4642752999999999,0.48723578,0.36056957,0.34018555,0.27846587,0.28398246,0.26431036,0.25810125,0.37451965,0.47628033,0.37099853,0.4136987,0.47884515,0.50742096,0.45756349,0.32498568,0.45535672,0.56013066,0.61308402,0.52856612,0.47979683,0.37120506,0.24851197,0.23481081,0.26749194,0.23530066,2020-08-25 09:50:59.918,Vehicle Movement,0.6806349158,,,,,,,,,,,,,,,,
0.5547033,0.30646756,0.29172227,0.27495089,0.23783505,0.27297807,0.29390636,0.15437953,0.33668062,0.4264299,0.43463039,0.33714801,0.2739410999999999,0.36489323,0.29487312,0.43860483,0.38825265,0.33108646,0.27364838,0.24921528,0.33452657,0.35356265,0.35857809,0.31947777,0.23387341,0.26552394,0.29881975,0.23601232,0.27944303,0.40806445,0.54310125,0.36776152,0.34047043,0.35692599,0.45942366,0.36426812,0.23558229,0.35900667,0.32000861,0.33602834,0.40104112,0.2750431,0.21706183,0.20338881,0.23210937,0.19949812,0.25262499,2020-08-25 09:51:00.159,Vehicle Movement,0.6806349158,,,,,,,,,,,,,,,,
0.45871487,0.30434087,0.2997627,0.34166789,0.27462938,0.30437702,0.26423523,0.20955893,0.26708069,0.34774825,0.45185551,0.35222295,0.20367435,0.30332157,0.32994205,0.30664361,0.34410053,0.30375415,0.29459783,0.25194943,0.25419366,0.2872853,0.36356989,0.41087124,0.31236839,0.33074322,0.21641549,0.2741932,0.34581631,0.30709496,0.29960546,0.22919866,0.22328937,0.27849466,0.32273653,0.22904323,0.26405856,0.33411118,0.35542226,0.35670567,0.24342275,0.17877108,0.1187612,0.28368437,0.23705453,0.26526728,0.24426022,2020-08-25 09:51:00.399,Vehicle Movement,0.6806349158,,,,,,,,,,,,,,,,
0.38449496,0.37168136,0.30750468,0.33677903,0.30375654,0.33214846,0.36443383,0.21308477,0.25574702,0.33433646,0.36660117,0.32438865,0.35277393,0.36790022,0.27417561,0.23697095,0.31176433,0.34123132,0.28673202,0.37724277,0.30897141,0.30059907,0.27733234,0.23488957,0.28996611,0.3598009,0.24248394,0.16254026,0.26597244,0.27360219,0.2322531,0.27342045,0.17534925,0.24913162,0.30219135,0.30221087,0.30826956,0.3275882,0.33847371,0.33938184,0.25525802,0.21244143,0.218108,0.2808474,0.30271721,0.2852616,0.29661006,2020-08-25 09:51:00.640,Vehicle Movement,0.6806349158,,,,,,,,,,,,,,,,
0.37778503,0.44387391,0.33466342,0.29861274,0.2258438,0.31017226,0.38140339,0.30692551,0.22752252,0.26793209,0.33359763,0.28478453,0.33226132,0.28215563,0.37173823,0.20966786,0.26548338,0.24145696,0.31798151,0.43586865,0.39860547,0.31326714,0.33569479,0.36158493,0.30708635,0.32130903,0.2671847,0.22079872,0.28901249,0.2950137,0.36569464,0.35966963,0.22819062,0.18199749,0.21763158,0.20249094,0.14789952,0.18305747,0.17289409,0.233381,0.30262542,0.25103819,0.29540271,0.32218632,0.3986432,0.33491865,0.30904239,2020-08-25 09:51:00.880,Vehicle Movement,0.6806349158,,,,,,,,,,,,,,,,
0.3067145,0.31303811,0.27714232,0.27793756,0.29863536,0.23049043,0.31262845,0.2402536,0.34593022,0.32618415,0.37132257,0.3296237,0.29872763,0.38495639,0.37182075,0.2375582,0.22402331,0.25622308,0.38026294,0.45133886,0.40950069,0.48856825,0.59290791,0.32543677,0.32748839,0.3277238,0.31559241,0.30809057,0.24837533,0.43757209,0.47743571,0.49211323,0.2863855999999999,0.2560693,0.32635963,0.34865609,0.16412404,0.2291477,0.21253671,0.35149589,0.38391656,0.28608534,0.35843104,0.36383489,0.32306114,0.34997377,0.34637704,2020-08-25 09:51:01.120,Vehicle Movement,0.6806349158,,,,,,,,,,,,,,,,
0.62814307,0.38399556,0.27766252,0.28668955,0.32166988,0.20279498,0.23895948,0.25788426,0.33240998,0.36613572,0.49738094,0.40720204,0.25609142,0.24699147,0.30725893,0.23706466,0.25974035,0.25227761,0.26691285,0.25506821,0.3397294,0.40861535,0.52239877,0.23591699,0.31271866,0.41560328,0.50086731,0.47013536,0.23794216,0.35078126,0.32465285,0.38834262,0.32356185,0.1885367,0.22168328,0.21070392,0.14674483,0.170176,0.21388376,0.3353399,0.35266921,0.29166925,0.33965784,0.22494705,0.19801992,0.2709397999999999,0.32259092,2020-08-25 09:51:01.361,Vehicle Movement,0.6806349158,,,,,,,,,,,,,,,,
0.50623095,0.37627849,0.42774907,0.40389523,0.50705391,0.46635595,0.32696497,0.33397248,0.26951095,0.27394444,0.26281771,0.33911344,0.26815182,0.34813291,0.42756122,0.29327503,0.25085011,0.20876536,0.35760197,0.3091771,0.25690854,0.26156104,0.27009955,0.3130632,0.37389684,0.3851430999999999,0.37927002,0.33029926,0.28329909,0.56485194,0.43954083,0.40717095,0.22324114,0.23568565,0.28097302,0.27004188,0.2333063,0.24484068,0.23559187,0.30295396,0.24005222,0.27829909,0.24632137,0.29820395,0.32438219,0.42906046,0.46587238,2020-08-25 09:51:01.601,Vehicle Movement,0.6806349158,,,,,,,,,,,,,,,,
0.34589976,0.33478415,0.36874217,0.36522782,0.462538,0.37048537,0.28766742,0.3081893,0.39909112,0.30351907,0.39315292,0.35838065,0.27689472,0.28659466,0.33336851,0.19448109,0.17061865,0.3627916,0.33740044,0.56307954,0.54641014,0.54933441,0.48953834,0.40883079,0.32349917,0.23658524,0.36819848,0.28624052,0.31086823,0.31334117,0.23041968,0.23523532,0.17445812,0.21851835,0.31415811,0.37894669,0.30053028,0.28635445,0.32348442,0.26653761,0.22721891,0.214653,0.20723425,0.23403381,0.21192555,0.31202254,0.40206209,2020-08-25 09:51:01.842,Vehicle Movement,0.6806349158,,,,,,,,,,,,,,,,
0.28993717,0.199848,0.21219313,0.16209951,0.23728298,0.22069845,0.22209799,0.23736355,0.25870505,0.21106686,0.38722736,0.43742353,0.42476001,0.44853556,0.45667237,0.21185753,0.17384465,0.30240476,0.34237224,0.55897325,0.43952054,0.43930781,0.3976329,0.33890942,0.29348993,0.15775517,0.46535704,0.46515587,0.46056208,0.3420422999999999,0.36196935,0.24376822,0.21662638,0.18064271,0.31411195,0.37281293,0.32894656,0.29435238,0.3805086,0.27822754,0.25865102,0.30409867,0.40905729,0.33690035,0.3189772999999999,0.3406560999999999,0.35022393,2020-08-25 09:51:02.082,Vehicle Movement,0.6806349158,,,,,,,,,,,,,,,,
0.55648625,0.38214558,0.36072624,0.23921511,0.25766599,0.25068709,0.43192869,0.54468101,0.59283012,0.29105073,0.29404569,0.26064554,0.34752274,0.37946206,0.49328786,0.31960309,0.25006059,0.29544741,0.40670729,0.4293814,0.26640409,0.34507847,0.31592429,0.38187248,0.25653332,0.30975261,0.34273928,0.33537939,0.2885021,0.24104372,0.21688759,0.1930722,0.28265703,0.17213246,0.27577174,0.2521078,0.33963114,0.24758741,0.28953177,0.24487294,0.26624194,0.23587288,0.35145116,0.29852456,0.3254008,0.35808569,0.42765272,2020-08-25 09:51:02.322,Vehicle Movement,0.6806349158,,,,,,,,,,,,,,,,
0.69600344,0.33531749,0.43059051,0.37086028,0.43857893,0.34963799,0.39533457,0.49104488,0.53728724,0.46896622,0.30835626,0.30577204,0.2552723,0.33855468,0.32630157,0.35267919,0.31533068,0.37053096,0.30204025,0.33505535,0.22302249,0.27262059,0.37462768,0.33816779,0.25008172,0.31334895,0.34258977,0.28907752,0.25885585,0.24502698,0.24218176,0.23987155,0.31697378,0.20743074,0.20925856,0.19328673,0.24639636,0.41317108,0.40851766,0.38587889,0.24949807,0.24395919,0.24403198,0.21651746,0.25112274,0.23766267,0.24941467,2020-08-25 09:51:02.563,Vehicle Movement,0.6806349158,,,,,,,,,,,,,,,,
0.50121695,0.27245402,0.46688822,0.44649512,0.46370336,0.41006941,0.29252544,0.33276787,0.41335166,0.38501048,0.45681381,0.38699403,0.37316155,0.32928324,0.27172858,0.22539248,0.30795509,0.42084187,0.33137581,0.27824444,0.23956521,0.28558183,0.39249098,0.33330008,0.31609321,0.30859762,0.32916859,0.32188043,0.30850363,0.37457627,0.31136453,0.32256547,0.39473739,0.43310294,0.29223418,0.25133848,0.33457583,0.50695169,0.53618509,0.56463099,0.39446279,0.34378123,0.34984308,0.45679078,0.35290968,0.28212687,0.33275509,2020-08-25 09:51:02.803,Vehicle Movement,0.6806349158,,,,,,,,,,,,,,,,
0.3629072,0.23642085,0.30424494,0.46096888,0.47760648,0.45294678,0.29531473,0.28141668,0.27729625,0.34335145,0.31756172,0.39972427,0.20620684,0.19454792,0.22830997,0.24718019,0.34789211,0.37017915,0.30785909,0.33436531,0.28083381,0.26612395,0.3137629,0.42125216,0.31111062,0.29031816,0.23231712,0.22954026,0.29931158,0.41388169,0.35975724,0.35250625,0.33795577,0.40170285,0.29992297,0.29822508,0.23609909,0.32144055,0.27867621,0.23302975,0.29200768,0.35205224,0.3977766,0.47857523,0.62384188,0.41711152,0.52142042,2020-08-25 09:51:03.043,Vehicle Movement,0.6806349158,,,,,,,,,,,,,,,,
0.43881744,0.39756027,0.4058625999999999,0.36081848,0.38306341,0.3903897999999999,0.24586765,0.22608297,0.19710407,0.2327982,0.26955122,0.3412365,0.22856879,0.26390079,0.33542243,0.41740477,0.36068159,0.27455908,0.30305919,0.29274195,0.2135841,0.33175743,0.40588933,0.29581925,0.27844551,0.23724711,0.35729891,0.26949751,0.32700256,0.33429894,0.29996017,0.26744705,0.21254608,0.20781566,0.31284395,0.3470031,0.30076474,0.482384,0.53395325,0.49378413,0.34428623,0.21777691,0.28857607,0.30302805,0.31835544,0.35804227,0.3939881,2020-08-25 09:51:03.284,Vehicle Movement,0.6806349158,,,,,,,,,,,,,,,,
0.51415014,0.37718564,0.38876668,0.30263609,0.25936729,0.22543091,0.22505945,0.28521082,0.23895666,0.30319673,0.27838856,0.29252356,0.24235341,0.31788397,0.35863936,0.31120199,0.34319139,0.21537836,0.29564309,0.23943301,0.22193113,0.26107809,0.28167287,0.23943713,0.21724084,0.28647408,0.26534724,0.21003684,0.27519041,0.22175856,0.26391825,0.21702084,0.21139945,0.22731957,0.35344979,0.27913189,0.22286639,0.35824138,0.43956533,0.36660415,0.26589,0.23413934,0.23440479,0.36048129,0.188756,0.23301443,0.23924254,2020-08-25 09:51:03.524,Vehicle Movement,0.6806349158,,,,,,,,,,,,,,,,
0.7948975,0.46912572,0.307601,0.33359313,0.3962376999999999,0.29893067,0.27986321,0.37568867,0.37919188,0.45479918,0.37974891,0.20058674,0.23373802,0.32461548,0.31857646,0.23998466,0.23174603,0.25168616,0.46709976,0.51748842,0.41822585,0.26022691,0.14506319,0.26526716,0.28624415,0.30393517,0.25176954,0.25262433,0.29741856,0.31783119,0.36994678,0.23158196,0.20434029,0.31118464,0.26061267,0.26452589,0.23465708,0.39161175,0.34392026,0.26181537,0.24333927,0.26970813,0.29474777,0.33093596,0.23582558,0.19088043,0.32054758,2020-08-25 09:51:03.765,Vehicle Movement,0.6806349158,,,,,,,,,,,,,,,,
0.57942706,0.43364799,0.49613613,0.4917047,0.6466493000000001,0.53402627,0.3820518,0.32379088,0.31758055,0.41650525,0.38519463,0.32838315,0.22314128,0.2179053,0.26266128,0.25379425,0.21172456,0.32149851,0.50054288,0.48143515,0.40512246,0.37296751,0.11461494,0.48520306,0.48193297,0.5501039000000001,0.45548093,0.32595751,0.40921542,0.49268997,0.48725563,0.43471453,0.32574326,0.30475503,0.3023157999999999,0.32511675,0.3203136,0.36071295,0.40771231,0.37459075,0.42062199,0.38668117,0.39546287,0.33922666,0.34201801,0.43844554,0.50031102,2020-08-25 09:51:04.005,Vehicle Movement,0.6806349158,,,,,,,,,,,,,,,,
0.53187591,0.48988387,0.52793527,0.43964124,0.45407847,0.36717594,0.25941744,0.29351988,0.21176544,0.23006144,0.24854,0.33979368,0.24025801,0.18241179,0.20999703,0.31309515,0.29190233,0.26950651,0.36690646,0.37302786,0.36783415,0.31441212,0.25119045,0.36033496,0.34959581,0.360764,0.37775406,0.23392652,0.23466325,0.31722629,0.33260998,0.38672027,0.35317284,0.21657187,0.29835412,0.3158304999999999,0.28870636,0.34821782,0.37041843,0.34371182,0.34526208,0.24119559,0.27512133,0.31700969,0.29713634,0.32619143,0.30655199,2020-08-25 09:51:04.245,Vehicle Movement,0.6806349158,,,,,,,,,,,,,,,,
0.35928211,0.29684666,0.35197783,0.37723428,0.32982415,0.18742722,0.23993558,0.37056273,0.27030563,0.21157785,0.31765443,0.40027082,0.35735187,0.26386306,0.28832477,0.27062723,0.30212092,0.37299103,0.30137286,0.29566911,0.36176878,0.35375088,0.50224459,0.38391459,0.31389433,0.30235758,0.23229973,0.23540527,0.20519191,0.33679509,0.37206054,0.3462929999999999,0.29280433,0.25842869,0.27813339,0.31690767,0.36926451,0.38117868,0.39791846,0.39678806,0.39659113,0.36439079,0.27317289,0.36627877,0.40329751,0.61199665,0.68001246,2020-08-25 09:51:04.486,Vehicle Movement,0.6806349158,,,,,,,,,,,,,,,,
0.49641657,0.37396705,0.42196989,0.36551276,0.38427565,0.34221417,0.32681718,0.56807989,0.33879733,0.31480977,0.39194638,0.41073814,0.28387159,0.20558783,0.24966137,0.36903715,0.32854187,0.25528008,0.26229495,0.34179184,0.3679404,0.48199964,0.4502662999999999,0.35487196,0.32464918,0.29166603,0.25196806,0.28103447,0.29658401,0.28510839,0.24108592,0.22843072,0.22532327,0.23075524,0.29847282,0.3067074999999999,0.24013416,0.16322228,0.19783431,0.16815466,0.29818004,0.37372088,0.37250516,0.30210057,0.29606187,0.37712887,0.42765489,2020-08-25 09:51:04.726,Vehicle Movement,0.6806349158,,,,,,,,,,,,,,,,
0.52943838,0.32526651,0.33333889,0.30250177,0.40260264,0.40745893,0.32672358,0.37773341,0.37679926,0.35048664,0.35479382,0.41929907,0.40729016,0.46089101,0.45891866,0.304829,0.27005723,0.21538328,0.26341581,0.3435066,0.38469514,0.46654397,0.41047546,0.37469631,0.27591032,0.26568154,0.24961907,0.29491654,0.32380912,0.30612609,0.34194639,0.28981659,0.26836801,0.24344712,0.45652446,0.41072911,0.27612981,0.33739883,0.22768503,0.2030303,0.20309098,0.2967124,0.43342078,0.35077864,0.24791181,0.28140426,0.25649694,2020-08-25 09:51:04.966,Vehicle Movement,0.6806349158,,,,,,,,,,,,,,,,
0.47332731,0.25332871,0.38998666,0.28999749,0.35293016,0.20075175,0.25018653,0.2618525,0.34438342,0.36021715,0.303846,0.31232473,0.2939560999999999,0.23825803,0.2887992,0.28383869,0.2516444,0.30052638,0.3584547,0.34973741,0.37221503,0.37811822,0.33586788,0.41526464,0.3480716,0.29805434,0.36969164,0.23732468,0.29054233,0.22734386,0.20266068,0.23701809,0.35734499,0.3913089,0.40565279,0.37701789,0.34122974,0.4285439,0.41556948,0.45810956,0.38315746,0.31790003,0.35275057,0.24175514,0.28456295,0.30033228,0.2543312,2020-08-25 09:51:05.207,Vehicle Movement,0.6806349158,,,,,,,,,,,,,,,,
0.39921123,0.54305363,0.47538719,0.38971382,0.34650624,0.24634375,0.23167381,0.22187541,0.2301618,0.25342086,0.30033588,0.24336049,0.19229992,0.18117373,0.25590119,0.2802965,0.25795209,0.23718326,0.3549492999999999,0.33194858,0.39137083,0.35356614,0.27303523,0.41615522,0.36614621,0.31168625,0.30456111,0.31385991,0.42637879,0.23811761,0.17543933,0.26228938,0.35885173,0.5523901,0.48583463,0.39059293,0.28654307,0.35511264,0.34347287,0.38426667,0.47258449,0.38235292,0.32798821,0.14735487,0.49712741,0.75781852,0.80209041,2020-08-25 09:51:05.447,Vehicle Movement,0.6806349158,,,,,,,,,,,,,,,,
0.37051153,0.39913318,0.32357311,0.33941787,0.29339555,0.32850659,0.30558673,0.2565932,0.24165915,0.2859228,0.34444612,0.24493346,0.24177492,0.22716472,0.28837135,0.26459789,0.33792308,0.49880445,0.45224795,0.31556776,0.29974729,0.28749427,0.28254765,0.26825333,0.25147349,0.28344873,0.39972302,0.40094158,0.41668448,0.31841913,0.27459127,0.26644796,0.23656493,0.29245323,0.32196775,0.27387318,0.41840798,0.43663076,0.43320885,0.32361975,0.45449919,0.3012754,0.34379092,0.25321922,0.60785264,0.6752004,0.67619926,2020-08-25 09:51:05.688,Vehicle Movement,0.6806349158,,,,,,,,,,,,,,,,
0.3024222,0.26889586,0.24030089,0.2755889,0.34147143,0.29386112,0.29190201,0.2778261,0.25459155,0.18778424,0.22660714,0.17578276,0.26531374,0.23921227,0.24827023,0.25973508,0.32354763,0.41498455,0.32269004,0.24989736,0.26737612,0.28702939,0.36925641,0.24850161,0.28449392,0.24024767,0.3124265999999999,0.30763265,0.32078335,0.3940117999999999,0.39852506,0.31760064,0.28205705,0.25020993,0.19876599,0.2214683,0.32109866,0.47836339,0.55858457,0.50515419,0.38078788,0.32297397,0.27557534,0.25246212,0.51445144,0.47711864,0.48442778,2020-08-25 09:51:05.928,Vehicle Movement,0.6806349158,,,,,,,,,,,,,,,,
0.3976557,0.20948137,0.26567304,0.23697732,0.38571066,0.35805061,0.36757034,0.3204864,0.26571894,0.2554369,0.24152376,0.19839908,0.50837708,0.48231766,0.4567104,0.28341949,0.28220093,0.25430444,0.20280939,0.23405485,0.20762068,0.26876765,0.20195733,0.21085085,0.32424921,0.341914,0.26059464,0.29480091,0.27917042,0.2068771,0.24751943,0.21213965,0.29135337,0.38603911,0.35587722,0.36568567,0.37583387,0.46504748,0.47611204,0.43103579,0.35564685,0.391864,0.38820091,0.23550311,0.78840804,1.0505049,1.1555176,2020-08-25 09:51:06.168,Vehicle Movement,0.6806349158,,,,,,,,,,,,,,,,
0.30949324,0.2203880999999999,0.21383892,0.29435381,0.34523642,0.42807111,0.35979658,0.29197505,0.26579338,0.31058753,0.30491671,0.26475939,0.32481635,0.28566143,0.33875448,0.35095096,0.30725595,0.3245998,0.43761474,0.31542692,0.31855854,0.32539582,0.29406026,0.23689756,0.26965892,0.29385471,0.25675857,0.28885525,0.31876951,0.32237643,0.29225945,0.20865254,0.32690278,0.36154887,0.23440863,0.23676716,0.3128528,0.37813881,0.33442515,0.46678182,0.40071642,0.3912867,0.25657889,0.14599179,0.28643033,0.36539769,0.37078235,2020-08-25 09:51:06.409,Vehicle Movement,0.6806349158,,,,,,,,,,,,,,,,
0.49941275,0.2341273999999999,0.2899214,0.34762296,0.27590159,0.23438084,0.29043239,0.26581734,0.24912429,0.29029417,0.39417642,0.40031901,0.35715139,0.30205882,0.24394053,0.25540611,0.23118556,0.36240274,0.39124891,0.31118864,0.3053858,0.29612774,0.35677013,0.28775954,0.36059302,0.31904212,0.19068119,0.23388033,0.23547724,0.31595081,0.41306782,0.35137433,0.44349632,0.48629043,0.38634416,0.38963649,0.32771462,0.38511899,0.33485484,0.47532129,0.43378988,0.69381005,0.63652247,0.62880206,0.42340034,0.37883195,0.4455052,2020-08-25 09:51:06.649,Vehicle Movement,0.6806349158,,,,,,,,,,,,,,,,
0.61143315,0.42312095,0.59477586,0.46915457,0.41042987,0.50962543,0.34190091,0.44575381,0.31541318,0.34648627,0.39066777,0.37674701,0.35226399,0.32154492,0.29184914,0.22848468,0.17515646,0.24983415,0.26924241,0.2362797999999999,0.22616874,0.26678568,0.30693039,0.49526867,0.50075287,0.40229633,0.37379691,0.42029399,0.35688549,0.34045345,0.41148314,0.32979414,0.41437733,0.39068612,0.35695356,0.31291479,0.32038507,0.31724969,0.26361683,0.34359011,0.34623447,0.39704171,0.35074535,0.31965503,0.24785657,0.30646431,0.44046411,2020-08-25 09:51:06.890,Vehicle Movement,0.6806349158,,,,,,,,,,,,,,,,
0.5275743,0.32484224,0.44894695,0.31975126,0.49730814,0.45916665,0.36150599,0.40514049,0.3184005,0.31251439,0.31893092,0.31851912,0.36881098,0.3928512,0.30025911,0.39195859,0.34449971,0.34224311,0.27452666,0.32600528,0.37821135,0.39963347,0.40338084,0.31903565,0.24814969,0.20007737,0.27873132,0.46756914,0.47188661,0.28823936,0.30109453,0.24349004,0.30268469,0.39923722,0.38560504,0.36610401,0.37820327,0.30467346,0.37822694,0.43522692,0.48701948,0.44187856,0.42112181,0.46834356,0.43070561,0.41463089,0.43840742,2020-08-25 09:51:07.130,Vehicle Movement,0.6806349158,,,,,,,,,,,,,,,,
0.3339529,0.24341071,0.34777865,0.33913207,0.41377884,0.36339828,0.27817637,0.29200506,0.25247148,0.23456113,0.3004407,0.26539379,0.27340102,0.25199163,0.28151086,0.37058139,0.29795641,0.28454807,0.31841961,0.22063819,0.27955231,0.24472499,0.2890963,0.31829154,0.40228021,0.34524083,0.31759456,0.24080954,0.29425603,0.23171452,0.21502243,0.21088403,0.19749998,0.2691642,0.27651507,0.24398245,0.39238983,0.42862275,0.47702101,0.47958237,0.43277556,0.4935486,0.39681771,0.30299431,0.37274918,0.43160978,0.39776987,2020-08-25 09:51:07.370,Vehicle Movement,0.6806349158,,,,,,,,,,,,,,,,
0.31203577,0.21873641,0.30652517,0.35988209,0.33898211,0.33210713,0.27510735,0.35297954,0.28156838,0.1918838,0.27947876,0.25367886,0.33036235,0.27440441,0.37508556,0.45166332,0.48740625,0.49230531,0.32155809,0.4024772,0.36345404,0.29483712,0.36778322,0.48012128,0.54928106,0.61835468,0.48448515,0.31867224,0.32650968,0.23863091,0.20063832,0.22028854,0.15897359,0.17665598,0.33890197,0.33794731,0.33244753,0.31831571,0.3636438,0.48951775,0.41155192,0.4012277999999999,0.74495327,1.0765916000000002,1.3113235,1.7986858,1.4504095,2020-08-25 09:51:07.611,Vehicle Movement,0.6806349158,,,,,,,,,,,,,,,,
0.51780218,0.2927792999999999,0.25920764,0.23983628,0.29416537,0.29793355,0.32979035,0.26888976,0.21223228,0.31230032,0.31317741,0.30735603,0.3719752999999999,0.30796763,0.30260688,0.45341846,0.55537951,0.51737511,0.27916452,0.25867444,0.26184988,0.30449334,0.31645972,0.46640182,0.54049659,0.48447543,0.32238576,0.23638943,0.20814615,0.31947774,0.29517043,0.34109852,0.18727036,0.18376176,0.42663962,0.39239052,0.4577803,0.38122612,0.39398706,0.35792741,0.32715791,0.28759617,0.52024561,0.58912975,0.58121377,0.66349149,0.53808886,2020-08-25 09:51:07.851,Vehicle Movement,0.6806349158,,,,,,,,,,,,,,,,
0.5549078000000001,0.24549662,0.29380015,0.32316002,0.25331721,0.27035308,0.25704092,0.39307669,0.41045949,0.47728479,0.38079458,0.38655844,0.22604936,0.18016128,0.22788897,0.31486541,0.3345722,0.31949019,0.33867678,0.26890025,0.13975088,0.18765634,0.16212189,0.30556622,0.34864819,0.28255337,0.36417481,0.32436123,0.37940121,0.4150812,0.41498417,0.37674445,0.34118575,0.26101077,0.29264075,0.2892774,0.41490191,0.42747179,0.74828535,0.87531978,0.91260469,0.61588013,0.73163402,0.59959739,0.59553289,1.0139329,1.1278815,2020-08-25 09:51:08.091,Vehicle Movement,0.6806349158,,,,,,,,,,,,,,,,
0.39391023,0.3488766,0.23572734,0.28690282,0.27224103,0.34642825,0.35573095,0.25570184,0.25443608,0.27456349,0.30228591,0.3918097,0.26378021,0.29687548,0.29887384,0.19692972,0.2084989,0.2650294,0.30742759,0.28261214,0.17237379,0.29248896,0.34684998,0.35548067,0.34110618,0.35714018,0.34573209,0.34288481,0.22594914,0.32942784,0.36843699,0.30151564,0.36159369,0.25877646,0.23983985,0.26552337,0.35677302,0.35711676,0.4857564,0.53738689,0.58066046,0.37953779,0.40351498,0.33327416,0.42319176,0.6165517,0.80752939,2020-08-25 09:51:08.332,Vehicle Movement,0.6806349158,,,,,,,,,,,,,,,,
0.42111811,0.47951648,0.47600111,0.45531386,0.45581666,0.32473898,0.39817011,0.31059709,0.24910772,0.26115635,0.29470739,0.34529662,0.19695775,0.24527377,0.24155855,0.28007963,0.3095206,0.36884934,0.3014968,0.43073672,0.38904256,0.39784566,0.42517322,0.37460089,0.4144904,0.45680523,0.37863687,0.36154434,0.44901958,0.52072966,0.57769942,0.47207865,0.31314018,0.24169496,0.38268578,0.32205522,0.37876931,0.28333136,0.35107106,0.2040477999999999,0.2454550999999999,0.17826773,0.27020842,0.30900869,0.25990313,0.2680735,0.28398967,2020-08-25 09:51:08.572,Vehicle Movement,0.6806349158,,,,,,,,,,,,,,,,
0.47382599,0.28557593,0.36781582,0.33597067,0.32426581,0.31647322,0.39359733,0.4310348,0.30500475,0.26999608,0.31537101,0.25705099,0.25221053,0.26504833,0.26969272,0.26843089,0.2744574,0.23426026,0.32573113,0.34783545,0.30637836,0.28952068,0.28701773,0.31855184,0.38593692,0.43381977,0.33663964,0.29105955,0.34628144,0.40659624,0.31931895,0.27905339,0.23387979,0.28707561,0.30433804,0.2449573,0.30826932,0.42881384,0.39957699,0.55014002,0.6714796999999999,0.63867646,0.39493087,0.32652441,0.41056833,0.5289216,0.35624158,2020-08-25 09:51:08.813,Vehicle Movement,0.6806349158,,,,,,,,,,,,,,,,
0.43788388,0.3296122,0.21452408,0.4324032999999999,0.40188488,0.29205933,0.28775525,0.36560106,0.25811812,0.21472262,0.23635083,0.19321202,0.25886101,0.29394153,0.26346681,0.18811654,0.21613252,0.25235134,0.27254945,0.34491575,0.29992586,0.29251954,0.3116883,0.37616503,0.28566492,0.28388205,0.35875261,0.31513107,0.31236261,0.31284168,0.26299679,0.22907376,0.30820504,0.32613328,0.30134118,0.24708562,0.36914462,0.467558,0.41479093,0.46705854,0.5750736,0.5883956,0.43107295,0.37005651,0.34004486,0.40951189,0.29809389,2020-08-25 09:51:09.053,Vehicle Movement,0.6806349158,,,,,,,,,,,,,,,,
0.60330272,0.35457712,0.22868097,0.31333357,0.36069065,0.32717106,0.33127904,0.20854399,0.24403438,0.35346341,0.40892559,0.29997501,0.31374827,0.30808693,0.3654801,0.35959539,0.30527011,0.1713299999999999,0.20557013,0.28682646,0.30874765,0.29071397,0.34640166,0.25599363,0.21214841,0.21082439,0.31178951,0.3126941,0.31364086,0.383513,0.31129321,0.25700942,0.38915324,0.43379298,0.41402814,0.44804919,0.41339737,0.32899582,0.50281125,0.63230604,0.73398405,0.86283374,0.63342309,0.53652942,0.37887102,0.65875179,0.62817645,2020-08-25 09:51:09.293,Vehicle Movement,0.6806349158,,,,,,,,,,,,,,,,
0.43354902,0.31668144,0.42283636,0.57401085,0.78635579,0.6991244000000001,0.5439384,0.47031838,0.36995462,0.43697113,0.36318275,0.32738772,0.27140769,0.32305878,0.37737587,0.64262694,0.51725477,0.41495863,0.38647747,0.42485404,0.40456155,0.50154138,0.39909598,0.18356428,0.18888853,0.18103662,0.20432159,0.21299957,0.42541602,0.43786228,0.34578425,0.31866154,0.26182956,0.27648556,0.29971486,0.3131532999999999,0.4197260999999999,0.35721269,0.63796723,0.57377946,0.50590211,0.57591707,0.63349921,0.74854881,1.0953931,1.2966483999999998,1.3738351,2020-08-25 09:51:09.534,Vehicle Movement,0.6806349158,,,,,,,,,,,,,,,,
0.42510244,0.33101106,0.27009708,0.39526907,0.58805346,0.63093984,0.51864904,0.54675901,0.37638271,0.37480721,0.35336024,0.31424198,0.27732763,0.2499941,0.2344864,0.39838654,0.32061085,0.37993994,0.37500867,0.4513309,0.45184112,0.42353296,0.35848799,0.21469754,0.23342572,0.21862468,0.40195146,0.22463095,0.33520615,0.39270055,0.34688792,0.24494743,0.27077666,0.31176138,0.23056222,0.25666466,0.37109935,0.36199096,0.653238,0.58324832,0.46867213,0.22075498,0.29753035,0.40125489,0.72766256,0.73211682,0.75614733,2020-08-25 09:51:09.774,Vehicle Movement,0.6806349158,,,,,,,,,,,,,,,,
0.44989023,0.36486948,0.32051748,0.35762152,0.44118044,0.42286295,0.37231389,0.36264417,0.31285739,0.27975804,0.41671437,0.46038216,0.34695154,0.44596297,0.49934581,0.37479579,0.35510981,0.37643838,0.34752548,0.37085143,0.32118702,0.30842492,0.28519726,0.36288837,0.2900236,0.26728454,0.33012462,0.18757963,0.25900424,0.30261296,0.29887179,0.26774493,0.23102513,0.30501276,0.30443242,0.38686344,0.35236469,0.24544662,0.59198076,0.66109049,0.56137902,0.45543924,0.3699874,0.35967684,0.44446936,0.29933786,0.31208062,2020-08-25 09:51:10.014,Vehicle Movement,0.6806349158,,,,,,,,,,,,,,,,
0.50377601,0.35154629,0.32074177,0.23085116,0.30371776,0.28021857,0.22539847,0.19559905,0.22837974,0.24907486,0.23478496,0.34194842,0.31103384,0.3482613,0.35087982,0.33623928,0.36408347,0.27192745,0.33838755,0.32626566,0.18938357,0.29657561,0.19781952,0.25864592,0.18271548,0.20717268,0.33402872,0.33589301,0.46240094,0.32918087,0.35647818,0.24072602,0.25321472,0.29886815,0.46221346,0.45155191,0.31589395,0.21530099,0.45361575,0.54348153,0.51855654,0.37613741,0.34876096,0.36520562,0.56048816,0.54048043,0.56733966,2020-08-25 09:51:10.255,Vehicle Movement,0.6806349158,,,,,,,,,,,,,,,,
0.46222782,0.42401806,0.31510052,0.16347773,0.21760125,0.20801058,0.16505449,0.23189764,0.30830964,0.3063893,0.27378693,0.31014541,0.18466508,0.30151814,0.28509402,0.27137294,0.27588192,0.29595646,0.2833007,0.30857837,0.30944377,0.36916378,0.30064934,0.27059659,0.25773448,0.27006263,0.29559767,0.26545405,0.37372056,0.35442996,0.32411835,0.28416979,0.45408893,0.45733723,0.44758663,0.40484643,0.71375287,0.75212801,0.64270759,0.74365926,0.75473976,0.89362556,0.84611452,1.0420982,0.80332643,0.57251978,0.5940116,2020-08-25 09:51:10.495,Vehicle Movement,0.6806349158,,,,,,,,,,,,,,,,
0.55806363,0.33834797,0.35879031,0.27882278,0.32729512,0.45839068,0.42078739,0.37156209,0.30280235,0.21450135,0.27617303,0.28844017,0.27656099,0.30603084,0.29760653,0.31209537,0.27488393,0.26639429,0.37691358,0.2803027,0.36924616,0.45400953,0.33251989,0.24963856,0.29080555,0.36278102,0.3295885,0.23953353,0.31764337,0.39834681,0.4109937,0.39528278,0.47122416,0.37882575,0.29697418,0.30198476,0.53006697,0.52569753,0.38701293,0.58407456,0.57281983,0.60793769,0.47424185,0.59418857,0.47311792,0.36082873,0.39256266,2020-08-25 09:51:10.736,Vehicle Movement,0.6806349158,,,,,,,,,,,,,,,,
0.44499081,0.37354809,0.3294912,0.28749639,0.29784179,0.41708708,0.35290053,0.3646138,0.34450158,0.20608723,0.2518588,0.24809644,0.27249652,0.26499882,0.2795274,0.32010928,0.31290567,0.32101053,0.32503742,0.29452413,0.30968964,0.35190356,0.21808133,0.22347826,0.33777332,0.37206292,0.39043394,0.31132972,0.30847237,0.39325896,0.4597688,0.29355589,0.43987525,0.33613706,0.27733499,0.29246753,0.68113804,0.7002098000000001,0.74895614,1.2161109,1.7503657,1.8382375,1.4710517,0.5526401999999999,0.53724396,0.35072151,0.23522487,2020-08-25 09:51:10.976,Vehicle Movement,0.6806349158,,,,,,,,,,,,,,,,
0.33296666,0.279304,0.2414057,0.23661654,0.29484153,0.19272979,0.26962635,0.35334334,0.37524635,0.3462452,0.35028616,0.31888869,0.27775303,0.29775235,0.37123358,0.28359208,0.27450842,0.27127036,0.54641116,0.3922955999999999,0.35593456,0.33594969,0.32576209,0.26809657,0.35397744,0.40614009,0.29106238,0.31107363,0.32848984,0.39934316,0.35688978,0.41769427,0.43868971,0.40777183,0.32658008,0.29603711,0.68895781,0.67984509,0.54932821,1.1102556,1.3664458000000002,1.4451594,0.99990785,0.3401368,1.1477685,1.1941631,1.0765454,2020-08-25 09:51:11.216,Vehicle Movement,0.6806349158,,,,,,,,,,,,,,,,
0.2711555999999999,0.3172437,0.28369737,0.36296511,0.45345014,0.58478767,0.41419399,0.38165691,0.27995294,0.42954889,0.48669156,0.52528358,0.29041597,0.27043161,0.38142943,0.37740132,0.29213032,0.31894323,0.44785628,0.32082886,0.39770773,0.31536123,0.43802306,0.27534878,0.28998503,0.33379585,0.23826019,0.30632141,0.32406437,0.39013323,0.29838124,0.28137177,0.32253206,0.38817868,0.39414686,0.38356659,0.38398254,0.37428367,0.35807869,0.56332457,0.6674419,0.74503464,0.55542666,0.2369857,0.64403945,0.81775504,0.75633711,2020-08-25 09:51:11.457,Vehicle Movement,0.6806349158,,,,,,,,,,,,,,,,
0.27733955,0.26822034,0.29689553,0.30014044,0.30514717,0.37781569,0.32767558,0.29037958,0.20582518,0.318423,0.33195892,0.30196849,0.34850562,0.21248183,0.22491844,0.24942823,0.2452334,0.24863532,0.33162889,0.21336974,0.31986064,0.43074885,0.50575608,0.62328732,0.40861624,0.34791055,0.43692124,0.45378399,0.31601101,0.38392276,0.34871122,0.44153988,0.3778150999999999,0.38541356,0.34514675,0.33921626,1.5790336,1.5848231000000002,1.4379961,0.28560153,0.24014157,0.28762424,0.24543969,0.25918424,0.4471384,0.72203761,0.75231767,2020-08-25 09:51:11.697,Vehicle Movement,0.6806349158,,,,,,,,,,,,,,,,
0.78861177,0.35596409,0.31076095,0.33368418,0.28887627,0.30078435,0.32998845,0.29882017,0.20760921,0.17125657,0.17455088,0.3341763,0.30210108,0.20980102,0.22778451,0.20588499,0.25614735,0.21592779,0.42745405,0.35316464,0.37888911,0.42374888,0.43541488,0.37028474,0.31734011,0.34082186,0.39683667,0.45024845,0.52183414,0.52427119,0.5381363,0.57624936,0.39122626,0.29296711,0.31211111,0.43627316,0.74250668,0.77921391,0.70081115,0.94564325,1.4079291,1.1788046,0.72048008,1.7700109,2.0725067,2.3220952,1.4754927,2020-08-25 09:51:11.938,Vehicle Movement,0.6806349158,,,,,,,,,,,,,,,,
0.70906919,0.34302971,0.33990654,0.2960605,0.36095288,0.32138816,0.64666957,0.72499299,0.5007239,0.32638833,0.34709424,0.36515957,0.20134507,0.1493773,0.15142725,0.18756872,0.28671801,0.25627065,0.30457339,0.28171432,0.31643575,0.3964087999999999,0.45743957,0.20129527,0.30388099,0.25311059,0.30245954,0.33831933,0.47017583,0.50279713,0.50105166,0.48990077,0.32181033,0.38964477,0.34722757,0.35943359,0.48757216,0.52395105,0.62224644,0.60086107,0.64413941,0.48314863,0.26133588,0.65973407,0.76278168,0.96675348,1.1022198,2020-08-25 09:51:12.178,Vehicle Movement,0.6806349158,,,,,,,,,,,,,,,,
0.37054458,0.24779333,0.25243083,0.35401788,0.35895073,0.2847307,0.62134159,0.73732376,0.61123002,0.53286457,0.4379545999999999,0.55665332,0.51389837,0.35550269,0.30000189,0.27725685,0.28421053,0.22229242,0.36415628,0.63426596,0.83407933,0.87872732,0.74497133,0.62749398,0.61405635,0.53815347,0.51068628,0.47832105,0.57405323,0.53854454,0.49776366,0.47241223,0.43048647,0.349648,0.41600364,0.28640595,0.34556746,1.8453585,2.3877707000000004,2.2577994,1.5826308999999998,1.1050254,1.1273944,0.63564438,0.61738455,0.72446674,2.873044,2020-08-25 09:51:12.418,Vehicle Movement,0.6806349158,,,,,,,,,,,,,,,,
0.27525944,0.27815047,0.31259397,0.46526712,0.27780014,0.24043685,0.24029893,0.29153785,0.25086832,0.28889242,0.24627431,0.30789396,0.26719263,0.40042311,0.23312308,0.27608699,0.34919298,0.3915620999999999,0.35672402,0.52452052,0.49558434,0.52442193,0.53735113,0.40369847,0.38546348,0.37793654,0.3893452,0.37528607,0.42740694,0.35459024,0.34987825,0.34682798,0.37064835,0.28095767,0.33139277,0.25874785,0.39312503,2.7028298,4.928677599999999,5.7039366,5.7740698,4.8151517,4.2876086,5.212902099999999,2.1419582000000004,0.59980667,2.1354759,2020-08-25 09:51:12.659,Vehicle Movement,0.6806349158,,,,,,,,,,,,,,,,
0.1688875,0.24676983,0.2531901,0.5772804,0.56099796,0.50402558,0.31991118,0.28644425,0.31855518,0.41129529,0.39325491,0.4128952,0.19913122,0.26405206,0.35651976,0.30711564,0.30261704,0.33137229,0.29802129,0.39877161,0.33034629,0.39153567,0.45511088,0.19308965,0.39881176,0.43415004,0.29645473,0.35892946,0.46188357,0.50785369,0.54338533,0.30217725,0.43862057,0.5091036,0.95907712,0.92376876,0.5382024000000001,3.976094,6.3455205,7.827639599999999,9.1408424,6.4598255,5.1829658,5.2545905,3.1613801,3.5421417,2.5294962000000005,2020-08-25 09:51:12.899,Vehicle Movement,0.6806349158,,,,,,,,,,,,,,,,
0.25790209,0.25938782,0.35015476,0.44316575,0.4204568,0.37431347,0.31896949,0.2385027,0.30508992,0.37202385,0.44035983,0.39896321,0.23909165,0.19556499,0.22934075,0.25167301,0.23615082,0.30665272,0.40759963,0.35616538,0.39726317,0.43987453,0.35706362,0.4355883,0.55962831,0.52821422,0.35191199,0.42145273,0.44273481,0.46798885,0.5350486,0.48096347,0.53541535,0.5789426,0.92612666,0.6860348000000001,0.42563918,2.952837,4.7124863,5.8131804,6.788425900000001,3.8023679,2.9049981,2.9077349,1.7762976,1.9621997,1.3950821000000002,2020-08-25 09:51:13.139,Vehicle Movement,0.6806349158,,,,,,,,,,,,,,,,
0.36789376,0.30203813,0.37741891,0.35971358,0.30100441,0.29912406,0.38568798,0.39329028,0.30568239,0.46642226,0.42249498,0.3313064,0.28468329,0.25983596,0.33137265,0.41328529,0.3042514,0.26292875,0.34447956,0.50656861,0.49587905,0.52375013,0.42363682,0.32348868,0.44903594,0.44517496,0.39448225,0.32887527,0.31520212,0.3656105999999999,0.39283353,0.26938659,0.3990548,0.38297102,0.77326226,0.8114351,0.41368347,0.96769375,1.5696747,1.8674409,2.1847379,1.1993566999999998,0.89359462,0.90541148,1.0643927,1.7763441000000002,1.9120775,2020-08-25 09:51:13.380,Vehicle Movement,0.6806349158,,,,,,,,,,,,,,,,
0.63141733,0.45768681,0.33080316,0.27887911,0.37911415,0.28152257,0.41445658,0.47594422,0.22130664,0.2352947,0.25672492,0.33305481,0.26349407,0.32277286,0.313535,0.2972303,0.25922346,0.33308297,0.26502502,0.39362368,0.3813276,0.46726471,0.488379,0.23064353,0.26780701,0.33729869,0.27332217,0.30221751,0.27224487,0.52371895,0.57563716,0.51873988,0.27035111,0.18666017,0.44705319,0.47167444,0.55878288,0.89900357,0.62693411,0.73332596,0.89441407,0.55868948,0.8472684000000001,0.92522591,1.4094626,1.4092996000000002,0.85492092,2020-08-25 09:51:13.620,Vehicle Movement,0.6806349158,,,,,,,,,,,,,,,,
0.63570935,0.37153268,0.34968904,0.31179819,0.33739692,0.27951387,0.35239002,0.4348114999999999,0.32453161,0.2427925,0.2305371,0.32696095,0.31889072,0.30090827,0.30657482,0.27384007,0.29710248,0.27670032,0.4091334,0.46520454,0.28582028,0.41912776,0.36398318,0.32152936,0.39930892,0.36468354,0.3146105999999999,0.29601467,0.28417498,0.40449604,0.46450108,0.43905038,0.48037866,0.49754685,0.5461483,0.86036497,0.45786163,0.54846185,0.7812236,1.1069245,1.2169232,0.51676965,0.98570126,0.5317139,0.6317335999999999,0.48177105,0.42076239,2020-08-25 09:51:13.861,Vehicle Movement,0.6806349158,,,,,,,,,,,,,,,,
0.59894663,0.30904344,0.23068699,0.25100195,0.25856677,0.19372176,0.39762571,0.39585879,0.34310377,0.32528898,0.31087708,0.26689023,0.23268591,0.20114367,0.22860917,0.22864902,0.22615612,0.23308961,0.37581238,0.29653785,0.31676289,0.41939801,0.40268368,0.37781626,0.30675906,0.32093579,0.19623731,0.24286069,0.19307582,0.20793113,0.27894074,0.37891099,0.43980813,0.28500634,0.24888566,0.66599226,0.28570095,0.25036716,0.38078713,0.53663117,0.58532518,0.18377016,0.31094107,0.23065615,0.68420416,0.95191228,1.5707693,2020-08-25 09:51:14.101,Vehicle Movement,0.6806349158,,,,,,,,,,,,,,,,
0.34433776,0.19487076,0.26488471,0.33350438,0.27425963,0.16700459,0.20498292,0.27508861,0.38547558,0.34719065,0.33946896,0.26101422,0.32282987,0.25628656,0.25965327,0.22544429,0.31854615,0.20940205,0.32601687,0.3926405,0.20781499,0.35831577,0.39081082,0.4442375,0.46834069,0.48671013,0.33419251,0.34492511,0.44701219,0.4357357,0.4262678,0.38722953,0.37896001,0.30237234,0.29757625,0.27958566,0.18472493,0.33079809,0.47216004,0.52862024,0.68421543,0.14282733,0.14158896,0.17806059,0.52272761,0.70693552,1.1665283000000002,2020-08-25 09:51:14.341,Vehicle Movement,0.6806349158,,,,,,,,,,,,,,,,
0.35795629,0.13683753,0.2358892,0.30437869,0.29600164,0.28157175,0.16247123,0.23947279,0.32967347,0.2935687,0.36774415,0.32325482,0.38807473,0.31101629,0.32943845,0.39193532,0.49772304,0.31379631,0.33123812,0.40855151,0.54041827,0.60940987,0.82288486,0.53888559,0.54162216,0.57190919,0.41898897,0.25551486,0.334833,0.36772561,0.37253815,0.21940388,0.32059205,0.37839884,0.38958067,0.30576175,0.28687653,1.6585705000000002,1.1537412,1.240952,0.72724742,0.86065584,0.96879172,0.71953595,0.34053391,0.29596111,0.43039042,2020-08-25 09:51:14.582,Vehicle Movement,0.6806349158,,,,,,,,,,,,,,,,
0.46602446,0.47270167,0.43967834,0.34358096,0.3580018,0.3625271,0.31620076,0.29891077,0.28907293,0.21353212,0.30553055,0.33109546,0.3937897999999999,0.49233705,0.4645111,0.41474035,0.4353600999999999,0.27040869,0.32722583,0.46294674,0.48520586,0.48795834,0.6633538,0.44401714,0.43567595,0.46466815,0.31677142,0.43344462,0.51677227,0.41946232,0.38101774,0.42100406,0.5466181,0.54732299,0.56895077,0.36704636,0.63445342,3.3839337999999994,3.6287727,3.8100004,1.5692425,1.7172112000000002,2.0812249,2.396313,0.57879889,0.29112613,0.24602285,2020-08-25 09:51:14.822,Vehicle Movement,0.6806349158,,,,,,,,,,,,,,,,
0.48050997,0.35906801,0.37685403,0.3477680999999999,0.44747281,0.43532494,0.33199042,0.28781363,0.33256856,0.27255258,0.24619026,0.25856483,0.20517765,0.24604298,0.2825872,0.30366403,0.37764809,0.23947938,0.34309712,0.33677837,0.28317434,0.28116834,0.40927118,0.29988933,0.32830325,0.37770969,0.36029696,0.4685907999999999,0.64243937,0.96267408,1.0131679,0.94178307,0.58932102,0.74239397,0.67795932,1.1225690000000002,2.3727648,6.29913,6.3151155,5.8010116,5.232833900000001,5.011694,5.0952477,3.905416,1.4297893,1.3087121000000002,1.3980167,2020-08-25 09:51:15.062,Vehicle Movement,0.6806349158,,,,,,,,,,,,,,,,
0.47876635,0.3504532,0.32793635,0.4060429,0.4426274,0.46065482,0.26307383,0.27511081,0.30520597,0.25445831,0.34734061,0.41043043,0.21659651,0.30806866,0.35515687,0.3893469,0.39661503,0.4418944999999999,0.27261761,0.23646957,0.16722381,0.16606629,0.25019789,0.23692389,0.29456601,0.30893365,0.26610905,0.34707284,0.48694712,0.78526634,0.81927311,0.70342994,0.44983304,1.2236216999999998,1.4168299,1.8902265,1.4300611,3.6343176,6.2182951,6.7067533,6.010196700000001,5.373319599999999,5.3270493,4.478264299999999,2.4432836,1.7983868000000005,0.77528328,2020-08-25 09:51:15.303,Vehicle Movement,0.6806349158,,,,,,,,,,,,,,,,
0.56067383,0.3291415,0.25715411,0.30645511,0.22378327,0.22677691,0.23024106,0.33765802,0.30379987,0.35799503,0.46854192,0.47599879,0.23585649,0.25295836,0.2880885,0.28095332,0.30980507,0.32382277,0.26238203,0.22546867,0.20583944,0.17413929,0.32775071,0.28097606,0.34767422,0.38977468,0.35838076,0.39539972,0.31377187,0.31359705,0.34614351,0.35386521,0.37417266,0.61210376,0.62275952,0.78382194,0.58573776,2.6990178,4.618003400000001,4.9807553,4.5128307,4.0186458,3.9720259,3.3545685,1.814499,1.3776587,1.1599438,2020-08-25 09:51:15.543,Vehicle Movement,0.6806349158,,,,,,,,,,,,,,,,
0.55573934,0.43534112,0.25307176,0.26364526,0.20764221,0.24479783,0.25630069,0.28568867,0.28543401,0.17604437,0.20984286,0.31538871,0.26629275,0.32938468,0.28538582,0.32043618,0.35196206,0.33333716,0.30692804,0.34172821,0.26894498,0.3375316,0.32142666,0.39733356,0.3578102,0.37242129,0.24012019,0.34442019,0.23732807,0.6054129,0.58065212,0.53383106,0.27787849,0.36251482,0.38017693,0.34858149,0.35996509,0.82098907,1.4047072,1.5150495000000002,1.3796503999999998,1.3418325,1.32827,1.0618731,0.6560961,0.79906368,0.78213,2020-08-25 09:51:15.784,Vehicle Movement,0.6806349158,,,,,,,,,,,,,,,,
0.40340266,0.32330507,0.24030715,0.20587999,0.30784541,0.46340042,0.33539939,0.37752825,0.35766965,0.25895387,0.3090111,0.3042593,0.26870683,0.2640079,0.26173997,0.26161608,0.28443325,0.32329407,0.27679473,0.27695373,0.25543022,0.29058194,0.24020813,0.30746663,0.35759106,0.27905756,0.36456695,0.36352065,0.23053926,0.37337917,0.37778085,0.3945947,0.29826385,0.46645337,0.44693878,0.41668129,0.34043562,0.25509062,0.42728487,0.46084878,0.46262646,0.55275208,0.69101483,0.87409914,1.859219,1.873523,1.0976871,2020-08-25 09:51:16.024,Vehicle Movement,0.6806349158,,,,,,,,,,,,,,,,
0.34970519,0.29837155,0.23244143,0.33277902,0.33230004,0.25626132,0.30957699,0.32516062,0.40267777,0.3213459,0.37003911,0.26432502,0.18733688,0.23048693,0.29022908,0.31773224,0.31079674,0.26708847,0.1760382999999999,0.26512295,0.36008951,0.34692329,0.27068061,0.28474623,0.36708307,0.30097291,0.34912053,0.24196035,0.41667375,0.42435431,0.35724065,0.42568409,0.42061982,0.33054975,0.26892695,0.32550344,0.20097621,0.14331548,0.17319027,0.15070415,0.14806427,0.2412371,0.32760382,0.36839128,0.62487066,0.5832904000000001,0.33661094,2020-08-25 09:51:16.264,Vehicle Movement,0.6806349158,,,,,,,,,,,,,,,,
0.47558945,0.35172641,0.43921196,0.3577587,0.37504661,0.22793902,0.25313383,0.22088987,0.29904774,0.24603954,0.41287306,0.4100145999999999,0.18586549,0.25258031,0.27127284,0.42801562,0.42218751,0.48450565,0.31095585,0.30215126,0.26726162,0.23998612,0.23013978,0.42286766,0.5011251,0.53710979,0.33831021,0.35089308,1.3678105,1.6359075,1.4415376,1.1200647,1.04676,1.6608479,1.6374559,1.5118197,1.6999449,1.4399693999999998,1.7959292000000002,2.5346534,2.8947837000000005,3.541311,2.6567609,2.437412,0.74530929,0.32764766,0.18002948,2020-08-25 09:51:16.505,Vehicle Movement,0.6806349158,,,,,,,,,,,,,,,,
0.51514232,0.36261833,0.29117048,0.34023479,0.31924775,0.31658974,0.43570906,0.31196752,0.25130099,0.18861358,0.25235838,0.44750723,0.26413542,0.31848657,0.24796857,0.3686592,0.31225544,0.32684556,0.30542916,0.23109882,0.21096706,0.1914331,0.21287817,0.44136298,0.46772414,0.49956501,0.45218447,0.43486595,0.75933301,0.91356885,0.79504496,0.68847942,0.88134533,1.057663,1.1175326,1.0663755,3.0632141,3.4767034,3.3871546,1.9989444,2.2394376,2.6393352,1.9730378,1.7892185,0.45322144,0.40220985,0.96074176,2020-08-25 09:51:16.745,Vehicle Movement,0.6806349158,,,,,,,,,,,,,,,,
0.5314998000000001,0.34130406,0.18056589,0.3057797,0.28626275,0.35987738,0.27257192,0.21299627,0.27877137,0.21394867,0.32939166,0.27626461,0.26059559,0.27337459,0.33228052,0.37273908,0.38792726,0.30161083,0.33409005,0.44016314,0.49973035,0.52572596,0.44908392,0.26524085,0.31953582,0.43509018,0.307762,0.25033602,0.62001789,0.73357433,0.6247859,0.4220441,0.66911048,0.63542366,0.57901323,0.70510596,2.2748892000000005,2.6212418,2.5997458,1.240823,0.89757448,0.9610607,0.7470209,0.82474208,0.75259447,0.57607782,1.4839101,2020-08-25 09:51:16.985,Vehicle Movement,0.6806349158,,,,,,,,,,,,,,,,
0.55723751,0.40860868,0.17057998,0.32295388,0.37259954,0.54479158,0.58540684,0.53118527,0.46903202,0.4183943,0.33318526,0.26965308,0.25456321,0.20857404,0.24408884,0.41145498,0.47741652,0.37216771,0.23493731,0.38258511,0.38698509,0.37149924,0.32584167,0.28302494,0.2852695,0.34971726,0.26411396,0.28288174,1.4338672,1.5605977,1.3310367,0.49064761,1.8212016,4.006976600000001,4.5971427,4.459404,2.1514740000000003,1.7062852,1.2293736000000002,1.0275756,0.59335929,0.92456019,1.0178106,0.86613005,0.52368945,0.3405364999999999,0.60548663,2020-08-25 09:51:17.226,Vehicle Movement,0.6806349158,,,,,,,,,,,,,,,,
0.64033306,0.1800091,0.24689724,0.33003438,0.37194186,0.38996693,0.41588432,0.39448357,0.34918743,0.36001736,0.31972125,0.22247866,0.30028281,0.26232105,0.25446352,0.29934305,0.38246167,0.266103,0.17384985,0.2511686999999999,0.32780772,0.40589854,0.32331255,0.39665145,0.44687697,0.40904182,0.20778987,0.20961307,1.0648583,1.1589744,0.98849154,0.36437839,1.1853927,2.9757724,3.4630191,3.4022303,1.7147171,1.2671688,1.0603981000000002,0.82830024,0.47187504,0.60147369,0.64280581,0.53806907,0.29803836,0.24878204,0.23293763,2020-08-25 09:51:17.466,Vehicle Movement,0.6806349158,,,,,,,,,,,,,,,,
0.43270746,0.30209067,0.30014327,0.29906303,0.32648841,0.32625318,0.32787111,0.46880439,0.42443269,0.53275275,0.4139491,0.37537104,0.22367381,0.27585116,0.42895156,0.65363485,0.61831522,0.58855051,0.52844238,0.31699091,0.51470757,0.52769786,0.56889486,0.56032169,0.4587840999999999,0.37688124,0.17898546,0.37508255,0.72920102,0.61164063,0.4864507,0.36940891,1.6934963,1.9667413,3.1038618,5.083033599999999,4.6403942,3.6714423,2.862576,5.1278968,4.984734099999999,4.0774364,2.3655310000000003,2.8830268,3.6660411,3.7003834,2.9656568,2020-08-25 09:51:17.707,Vehicle Movement,0.6806349158,,,,,,,,,,,,,,,,
0.38066667,0.28258419,0.25967622,0.24639919,0.35769081,0.30979174,0.54841858,0.4954403,0.52704138,0.43026915,0.35917661,0.31820709,0.25427982,0.22770455,0.31855989,0.60606188,0.60834473,0.63471818,0.32270792,0.34299421,0.47631043,0.50186706,0.49877936,0.30296323,0.33729625,0.36808118,0.45609871,0.38455981,0.51697028,0.51421613,0.43239644,0.33341825,0.83227652,0.98433989,1.4983017,2.2478225,2.0622644,1.6570492,1.5446067,2.8188057,2.6536522,2.0314498,1.3700408000000002,1.6837263,2.0850677,2.0408566,1.6049312,2020-08-25 09:51:17.947,Vehicle Movement,0.6806349158,,,,,,,,,,,,,,,,
0.29793867,0.41120997,0.47081292,0.21248786,0.27554172,0.20538743,0.45171538,0.40690789,0.48874772,0.43778089,0.46556151,0.47824389,0.30455583,0.44556051,0.33070317,0.38738638,0.36353931,0.39222366,0.31313947,0.32187662,0.37519515,0.34191009,0.42773438,0.24447337,0.26429495,0.31293139,0.37502334,0.29854894,0.73482919,0.64411342,0.62337297,0.52788979,0.88304245,1.304834,1.2615781,1.056492,3.9735522,10.976667,12.458721,10.293504,6.9439106,6.4684978,9.378685,8.535112400000001,6.966597599999999,5.6863484,4.1207356,2020-08-25 09:51:18.187,Vehicle Movement,0.6806349158,,,,,,,,,,,,,,,,
0.71436369,0.48361987,0.52124345,0.23006812,0.24113958,0.21613297,0.33964062,0.37824112,0.51906306,0.4266744,0.46923178,0.35081923,0.31035444,0.37930286,0.27933782,0.33631599,0.39594027,0.26482132,0.21084623,0.20908804,0.33708355,0.23322001,0.38518754,0.52487171,0.57392931,0.5731529000000001,0.3787528,0.33885482,0.34944546,0.33371243,0.32793739,0.36176866,0.48702061,0.52265912,0.4296554,0.54595292,2.4234645,9.0342913,11.716469,9.912318199999998,12.070292,12.097733,12.423349,9.4517975,4.9640179,2.4896147,1.7462987,2020-08-25 09:51:18.428,Vehicle Movement,0.6806349158,,,,,,,,,,,,,,,,
0.37579337,0.38892749,0.43610689,0.31014127,0.34488443,0.23356949,0.30249727,0.31132323,0.50004911,0.45217279,0.45656312,0.20042467,0.18697788,0.30019346,0.23810469,0.46181393,0.34546763,0.21916407,0.30662221,0.29441816,0.1812242,0.17300141,0.2661139999999999,0.38979477,0.42622733,0.42565069,0.29684827,0.30163381,0.74716717,0.68200821,0.59780538,0.40173396,0.66628724,0.57656521,0.4965380999999999,0.94918811,1.4147521,6.8898315000000006,9.8106003,12.230124,13.557042,12.642355,10.886523,8.1299534,2.7938795,1.2399665000000002,0.92507637,2020-08-25 09:51:18.668,Vehicle Movement,0.6806349158,,,,,,,,,,,,,,,,
0.40049544,0.29878151,0.33150756,0.30878603,0.3208352,0.28668627,0.23892328,0.20505401,0.2858850999999999,0.23754998,0.22579026,0.28586489,0.29153991,0.19896935,0.22366366,0.30526304,0.32145813,0.23117819,0.25749016,0.29942632,0.26043805,0.27372742,0.41303411,0.57828552,0.60294801,0.61698228,0.35542533,0.50977165,0.48269719,0.4920670999999999,0.36638999,0.40648836,0.42078102,0.28328538,0.32972661,1.8792661,3.5064526,8.716221800000001,14.352631,19.288004,20.24802,17.234272,13.445223,6.9715242,6.754333,3.3015041,3.114861,2020-08-25 09:51:18.909,Vehicle Movement,0.6806349158,,,,,,,,,,,,,,,,
0.45708272,0.19623323,0.30411902,0.48886174,0.53641766,0.41899341,0.35695615,0.38274562,0.25529057,0.36636266,0.39605045,0.35239592,0.33994126,0.36865857,0.39170581,0.34297454,0.29297808,0.24272266,0.35215989,0.43717453,0.30166543,0.3721882999999999,0.42564869,1.1589793,1.1673044,1.119505,0.41258457,0.40206829,0.51071495,0.98891574,3.279968,5.199994599999999,7.9371834,8.1495466,8.313611,4.1603045,2.6040592,3.5228934,5.030796499999999,6.504568099999999,7.311064699999999,6.670000999999999,5.7927904,3.9322762,3.7251885,1.6462482,1.8504159,2020-08-25 09:51:19.149,Vehicle Movement,0.6806349158,,,,,,,,,,,,,,,,
0.27356043,0.27671769,0.26850662,0.48492908,0.39807865,0.42886338,0.3817538,0.41277486,0.36135921,0.43740875,0.42987144,0.38600683,0.33614478,0.3130118,0.39056855,0.30908683,0.41852057,0.2677815,0.52145851,0.48722377,0.38672319,0.37582031,0.34130105,0.67935902,0.58321095,0.546242,0.38273191,0.38783655,1.1031462,1.3951311000000002,2.0601611,4.019483999999999,6.420349099999999,7.4578705,7.3639522,3.5321677000000005,2.9474516,3.2113187,1.9508692,2.2715082000000004,4.0449867,3.7248919,3.3283269,2.2115338,2.0332093,2.7051919,2.6862011000000003,2020-08-25 09:51:19.389,Vehicle Movement,0.6806349158,,,,,,,,,,,,,,,,
0.45269555,0.37430018,0.3317744999999999,0.36013147,0.32651168,0.32121605,0.2937977,0.24105632,0.24050294,0.31105423,0.30107144,0.29616541,0.2122319,0.36723313,0.28564009,0.44869187,0.47728732,0.35739604,0.4387545,0.45228636,0.50594348,0.48441359,0.4641031,0.53899384,0.50382543,0.4671514,0.24922127,0.30985931,0.72196645,0.84009635,1.0675571,1.9947745,2.9649353,4.1220207,5.4597421,4.1129942,1.8364625,1.2558147,0.62500036,0.6909495,1.2304073999999998,1.1456333,1.1146222,1.019982,1.2793217,2.5022492,1.8818226,2020-08-25 09:51:19.630,Vehicle Movement,0.6806349158,,,,,,,,,,,,,,,,
0.31545791,0.26929718,0.30221075,0.30720571,0.31377846,0.35682628,0.38046908,0.28402808,0.26927027,0.2105929,0.26188728,0.31816694,0.31047985,0.36596948,0.35905915,0.64721876,0.64132833,0.47454914,0.29501259,0.35536367,0.47187001,0.4875634,0.37890983,0.71671903,0.95070046,1.0125372,0.46950877,0.45059246,0.3771044,0.45727921,0.55079299,0.80723494,0.90375662,1.2551844,1.6607478,1.2510934,1.6957839,1.5288926,11.157207,11.782478,10.753309,2.6908112,1.4305806,1.027501,1.9772189,2.7763035,1.4496223,2020-08-25 09:51:19.870,Vehicle Movement,0.6806349158,,,,,,,,,,,,,,,,
0.32931587,0.24869482,0.27406466,0.17640583,0.20308566,0.24327317,0.23189305,0.28288126,0.27946469,0.33244997,0.37253925,0.41926116,0.45772129,0.34643266,0.3437559,0.60256171,0.47807157,0.37487,0.26899442,0.28733391,0.2656950999999999,0.19162413,0.15665719,0.68287963,0.89528012,0.91651189,0.39704242,0.28683215,0.23830429,0.29427776,0.34643957,0.36149707,0.3766247,0.45592937,0.80986071,0.61049312,5.1296024000000005,4.7658682,7.6182928,7.6221027,8.9775352,11.433127,10.175394,8.7042141,6.941476799999999,6.0172205000000005,3.7708492,2020-08-25 09:51:20.110,Vehicle Movement,0.6806349158,,,,,,,,,,,,,,,,
0.38998169,0.2866285999999999,0.32619506,0.38466835,0.45599291,0.42808434,0.26874006,0.22786894,0.16047506,0.16539273,0.2634652,0.22548471,0.31337899,0.19106653,0.53673548,0.55840218,0.68638986,0.60399014,0.42256013,0.45480844,0.4921816,0.58975881,0.59010381,0.4594222,0.46661526,0.53178096,0.3946473,0.33835155,0.19161677,0.41075099,0.51732439,0.73140299,0.77589017,0.94377559,3.8612359,4.4730163,6.0569749,4.3433218,2.3175898,4.0452356,8.1918106,13.984765,13.917662,12.268151,10.686611,10.298961,8.0209312,2020-08-25 09:51:20.351,Vehicle Movement,0.6806349158,,,,,,,,,,,,,,,,
0.32418168,0.22173725,0.30445549,0.34542346,0.37769642,0.31069252,0.23334356,0.21329644,0.22597678,0.29902571,0.43765771,0.38821349,0.34006137,0.28682405,0.40732414,0.41469607,0.50974584,0.47591209,0.65803689,0.72103202,0.73012823,0.8001684,0.98980606,0.6127767,0.81937748,0.94322497,1.0626065,1.0578033000000002,1.4566278,3.0588872000000005,4.379097499999999,7.3432879,7.296566499999999,5.8205395,1.5674335,1.8016804,3.1856432,3.5536304,6.0964603,7.4160447,8.5104065,7.1984453,6.0344496,5.044864700000001,4.146304600000001,3.4890544,3.1095102000000003,2020-08-25 09:51:20.591,Vehicle Movement,0.6806349158,,,,,,,,,,,,,,,,
0.7663548000000001,0.36811364,0.38502821,0.33926433,0.39562377,0.30246836,0.3300000999999999,0.34986433,0.32815295,0.44511837,0.56536216,0.42919242,0.3709783,0.29516536,0.38024706,0.37029552,0.39201754,0.65596455,0.72254848,0.60325259,0.57189912,0.67776209,0.75129372,0.6153658000000001,0.82996172,0.96614236,1.0840272,1.0829992,1.6366055,2.3923941,3.4847896,6.2918744,6.5883036,5.5093913,0.70926398,1.3141356000000002,1.9152907,1.9197918,2.2919767,3.0050864,3.2912567000000004,2.6352923,2.2804174,2.2768378,1.6901578000000002,1.2040157,1.0769845,2020-08-25 09:51:20.832,Vehicle Movement,0.6806349158,,,,,,,,,,,,,,,,
0.59052205,0.33346859,0.26558506,0.2469867,0.26452321,0.21358542,0.32439539,0.33531058,0.27142954,0.32090318,0.34071591,0.34160316,0.37033933,0.29251343,0.35305142,0.27059612,0.25406766,0.29170069,0.41474724,0.29399922,0.20490444,0.22199854,0.24905045,0.23955671,0.39283749,0.44876233,0.45130458,0.3472473,0.52552164,0.72772002,1.0600054,1.9206163,2.0234594,1.6880226000000005,1.7877429,2.2588782000000003,1.4329123,1.3706381,1.2663519,3.0200162,2.6755829,2.6868153,4.0966678,4.5083685,3.3064103,2.3028395,2.5780847,2020-08-25 09:51:21.072,Vehicle Movement,0.6806349158,,,,,,,,,,,,,,,,
0.38957563,0.40220919,0.28802964,0.20870353,0.25196981,0.42168853,0.38641921,0.19387792,0.34131894,0.39776582,0.42374736,0.30092293,0.27882072,0.31917715,0.36154029,0.26819578,0.27392799,0.18881299,0.26419318,0.32198721,0.35436305,0.35426846,0.25686809,0.22939721,0.27951688,0.30508238,0.26699552,0.36355892,0.34219509,0.28532892,0.36812973,0.61374009,0.62947667,0.52353728,0.75946432,0.75147396,0.63598943,0.55596453,0.40927047,1.0803769,1.4002123,1.784686,1.8997158,1.4295881,1.3484498,1.6624715,1.5921143999999998,2020-08-25 09:51:21.312,Vehicle Movement,0.6806349158,,,,,,,,,,,,,,,,
0.3922267,0.32244465,0.27680939,0.29247573,0.28068158,0.37150651,0.26894349,0.14201336,0.27776423,0.31100193,0.4082799,0.36766648,0.21881236,0.36332375,0.25644395,0.22829533,0.21132821,0.38177601,0.42173481,0.43591407,0.59826142,0.32515317,0.32312694,0.37225369,0.38094702,0.49556205,0.45572665,0.43214545,0.27361435,0.30758587,0.36502776,0.45395747,0.57068896,0.44384289,0.31709993,0.3262333,0.21403836,0.23701745,0.42302334,1.0770876,1.5014173000000002,0.9279781,0.95971799,0.53229028,0.73637038,1.2264565,1.0101689,2020-08-25 09:51:21.553,Vehicle Movement,0.6806349158,,,,,,,,,,,,,,,,
0.50273067,0.27964363,0.33992592,0.40543702,0.40720314,0.38951179,0.50844765,0.36456332,0.24837376,0.18270609,0.22786918,0.31662205,0.34487855,0.30741757,0.30555588,0.28973421,0.41188887,0.29192713,0.38141006,0.59720284,0.7628786,0.59379464,0.41984904,0.31007695,0.22949131,0.30108559,0.49856061,0.60968751,0.34841645,0.32400095,0.2759774,0.32780191,0.29362202,0.28960165,0.40155357,0.2611365,0.30363846,0.13732049,0.28384051,0.41900313,0.92092139,0.5869441,0.79609084,0.31502423,0.54686379,0.94274455,0.77327663,2020-08-25 09:51:21.793,Vehicle Movement,0.6806349158,,,,,,,,,,,,,,,,
0.4640916,0.25869623,0.3057619,0.36254558,0.36222109,0.39396012,0.44148225,0.31205985,0.29908419,0.32419971,0.40740144,0.40004414,0.41538614,0.3153891,0.40597999,0.53742838,0.55765551,0.31592354,0.36563066,0.35705096,0.38899162,0.35919315,0.39404866,0.27896166,0.3515965,0.37846568,0.33927432,0.34279147,0.16716576,0.26804298,0.45479095,0.45521587,0.30070326,0.42975801,0.51181424,0.34615126,0.27945179,0.27496588,0.22995864,0.34195235,0.56825072,0.3266829,0.43906456,0.34064153,0.82078874,1.0427504,0.81430066,2020-08-25 09:51:22.033,Vehicle Movement,0.6806349158,,,,,,,,,,,,,,,,
0.3715362,0.21475729,0.29573166,0.23407561,0.36598745,0.28740951,0.22549126,0.15601349,0.25000018,0.26597431,0.33013347,0.31291032,0.26394138,0.35659146,0.4022156,0.33190954,0.23468123,0.21066952,0.27732232,0.33893111,0.3534085999999999,0.33171192,0.2942974,0.42786705,0.32066295,0.30301493,0.29594058,0.30823541,0.32943052,0.39238071,0.76332963,0.7388944000000001,1.3055959,1.7789766,0.96309853,1.0000226,1.1379898000000002,2.0792835,1.5447981000000002,1.7046914,1.2740058,1.5288198,1.4845244,5.869471099999999,7.0160022,7.3279905,5.6516204000000005,2020-08-25 09:51:22.274,Vehicle Movement,0.6806349158,,,,,,,,,,,,,,,,
0.54088664,0.2731517,0.42930821,0.28678522,0.22821467,0.22777909,0.26351377,0.25927123,0.32339656,0.46530238,0.49569279,0.43621898,0.34050167,0.37505999,0.43184066,0.41193798,0.33126199,0.2885594999999999,0.38566124,0.37372926,0.32861578,0.3028962,0.21547304,0.37350225,0.5257895,0.55337852,0.50404567,0.38993588,0.6742276,0.44859564,0.4334234,0.40751928,0.6844545,0.84719068,0.52176005,1.2699412,3.6604047,4.847608999999999,5.757444400000001,6.4775848,6.3929939000000005,4.0898819,3.7449265,3.2371645,3.8695054,4.0415754,3.1170142000000003,2020-08-25 09:51:22.514,Vehicle Movement,0.6806349158,,,,,,,,,,,,,,,,
0.63476294,0.29908764,0.39889401,0.39395785,0.49123695,0.48458269,0.39555362,0.38877425,0.41109246,0.40210164,0.45701343,0.4645344,0.37353259,0.27076089,0.34359333,0.34283048,0.32859305,0.39998841,0.36793485,0.31364343,0.4218265999999999,0.44661266,0.48205221,0.42928472,0.38445306,0.30848601,0.29738152,0.39891154,0.71874875,0.79175258,1.0846738,1.193761,2.6503472,6.916951200000001,7.6355352,8.5836573,7.2349038,7.8964281,10.050177,9.5544987,13.601192,9.306124699999998,6.2157698,1.510748,2.2221484,2.9051585,3.1830196,2020-08-25 09:51:22.755,Vehicle Movement,0.6806349158,,,,,,,,,,,,,,,,
0.65328652,0.33379698,0.48887736,0.51799816,0.57454449,0.5942201,0.53090036,0.42554405,0.36574212,0.22157153,0.28102398,0.28510731,0.30991444,0.32150778,0.30390033,0.26231226,0.35155267,0.30522576,0.26731753,0.32652435,0.38414791,0.52815998,0.58813375,0.5656324,0.38505518,0.5060783,0.38820326,0.56925231,1.2390893,2.005059,2.355767,2.1312675,1.9682745,9.3740406,14.532948,18.683392,15.7096,15.996248,14.835582999999998,14.78387,14.424086,10.339064,5.9779706,3.6036155,3.2804346,2.7679236,2.3638625,2020-08-25 09:51:22.995,Vehicle Movement,0.6806349158,,,,,,,,,,,,,,,,
0.51483691,0.22569638,0.31981471,0.32063714,0.35661089,0.28582412,0.32357988,0.25023088,0.18123753,0.21228518,0.3399393,0.33367327,0.25119439,0.30009425,0.31522292,0.34066805,0.36479986,0.27359033,0.3145279,0.45391029,1.0623531000000002,0.96457386,0.88951671,0.55614859,1.009645,1.6725584999999998,1.967629,1.7685224,1.0718942,1.6344457,1.8006043,8.738888699999999,10.807011,13.915586,14.890516,14.34816,9.275528,6.5518928,6.0764971,6.055315,5.907951799999999,4.2347708,2.4485133,1.5120572,1.3656342,1.2303966999999998,2.9062219,2020-08-25 09:51:23.235,Vehicle Movement,0.6806349158,,,,,,,,,,,,,,,,
0.20498878,0.46676236,0.49517488,0.54538769,0.38710594,0.33903158,0.21227083,0.19873093,0.19172038,0.20095943,0.34715036,0.36452907,0.22690025,0.2740823,0.28402555,0.24734423,0.31246129,0.39709014,0.45644122,0.32545468,0.67710191,0.58628505,0.57961208,0.3203477,0.56689954,0.92245901,1.107927,1.0472971,0.52791589,0.75749588,0.80658537,6.4899168,8.0258026,10.334379,11.058408,10.655629,6.888449700000001,4.717852099999999,3.6580615,3.5429068,2.4263515,1.6708168,1.42697,0.85852289,1.2642416,0.67661303,1.6028563,2020-08-25 09:51:23.476,Vehicle Movement,0.6806349158,,,,,,,,,,,,,,,,
0.39166147,0.50102544,0.35570839,0.7365995,0.75947499,0.65127575,0.53208464,0.52400154,0.49545753,0.43658939,0.4712432,0.30535078,0.30356202,0.53905439,0.88857245,0.7817116999999999,0.64640778,0.46461165,0.60601914,0.44027478,0.52156019,0.38795277,0.35571817,0.19725071,0.23489335,0.34367794,0.43520078,0.35406297,0.2523357,0.3484287,0.34866819,1.9995049,2.4642353,3.1525922000000004,3.3637532999999995,3.241236,2.0953333,1.4767733,1.4387366,1.9558601,1.4265559,1.4078275,1.0222708,0.65052891,0.51843864,0.36374134,0.70703775,2020-08-25 09:51:23.716,Vehicle Movement,0.6806349158,,,,,,,,,,,,,,,,
0.34968579,0.27295655,0.25518179,0.40540877,0.49054852,0.42298391,0.41021472,0.35527951,0.43615982,0.47958273,0.45513842,0.2048425999999999,0.22543964,0.41703066,0.65989637,0.58053643,0.4210459,0.24421629,0.45005879,0.35933197,0.41612783,0.30283085,0.34117168,0.37019745,0.37762421,0.6398533000000001,0.62799615,0.96443957,4.2132363,5.592016200000001,7.0215087,4.6241083,3.7756979,3.6492953,3.9975986,5.9152246,5.6460857,6.1763811,4.2008405,2.5767646,1.3977562,1.5384448,1.1112254,2.2454967,6.4896588,8.3432493,6.5184522000000005,2020-08-25 09:51:23.957,Vehicle Movement,0.6806349158,,,,,,,,,,,,,,,,
0.78795028,0.83594561,0.63385522,0.6799111999999999,0.57850629,0.55461812,0.34872109,0.49962643,0.49761403,0.51835012,0.42510369,0.44740209,0.3955625,0.42586547,0.59407938,0.63964772,0.39426753,0.46916193,0.46726176,0.34360233,0.31906858,0.20259285,0.28685221,0.96605587,0.40777424,1.1740335,0.5412541000000001,0.7520985,3.2510972,4.729377700000001,5.9260116,3.44751,2.8040137,2.716553,3.2135954,4.8440428,6.5658498,10.280299,11.579915,9.2975502,9.3803396,6.8772092,5.0393915,2.4634485,5.224576,6.910170599999999,7.2602425,2020-08-25 09:51:24.197,Vehicle Movement,0.6806349158,,,,,,,,,,,,,,,,
0.5247972,0.53817403,0.44940785,0.42776236,0.48160517,0.35405087,0.39819258,0.40214437,0.44916448,0.33719951,0.33203277,0.47518829,0.45731032,0.43513167,0.41522878,0.30073062,0.31479901,0.44146025,0.47428298,0.44196796,0.3249802,0.20412506,0.32919538,0.50401163,1.0582561,2.1686037,3.104346,2.9532812,1.8027333,1.9371029,2.4400597,1.5008899,1.5445905,1.3092,2.7817147,4.187864299999999,4.255033,4.2107015,4.752702200000001,3.8081777,3.8420875,4.272956400000001,4.1698279000000005,3.2909842000000005,2.4580505,2.1195147,2.2245336,2020-08-25 09:51:24.437,Vehicle Movement,0.6806349158,,,,,,,,,,,,,,,,
0.28499123,0.31467018,0.22660324,0.35995853,0.27935719,0.30360034,0.31297934,0.33920768,0.3891598,0.30088523,0.3415513,0.40279999,0.36925137,0.40988892,0.34684658,0.21693571,0.26064369,0.26567397,0.32294738,0.31404099,0.29352307,0.3204335,0.61934578,0.34642729,1.7370034,2.2820077000000003,3.2793238,3.2347522,2.1925843,1.4546685,1.6107008,1.097226,1.5787015,2.487036,3.3363366,3.8821476,3.1599905,2.7374175,2.7510445,2.8265107000000005,2.8039148,3.1733012,3.0967138,2.4440417,1.8254659,1.8573252,1.546833,2020-08-25 09:51:24.678,Vehicle Movement,0.6806349158,,,,,,,,,,,,,,,,
0.26472214,0.25410023,0.49142957,0.4669029999999999,0.41211104,0.2330361,0.28932747,0.25739226,0.23658746,0.24563429,0.28235036,0.28567681,0.24676917,0.56624085,0.61578119,0.56741583,0.56249166,0.75434178,1.1273758,1.3105364,1.0902524,0.77384478,0.5696426,1.5876095,2.8168406000000004,2.8074985,2.5012538,1.57769,4.6889205,7.3670974,8.8473635,8.4584703,7.797334200000001,6.5619130000000006,4.5661478,4.523385500000001,2.9381256,4.0777493,1.649966,2.176832,1.8708436,1.9926862,1.7349186,1.8598206,13.058789,18.436056,18.226526,2020-08-25 09:51:24.918,Vehicle Movement,0.6806349158,,,,,,,,,,,,,,,,
0.34493434,0.24598831,0.42347023,0.31679681,0.26008907,0.36319464,0.23503987,0.25570059,0.21002321,0.32025069,0.43107778,0.29912809,0.20254791,0.53315252,0.5214166,0.54018694,0.50011587,0.57918441,0.83724314,1.0079018,0.84928578,0.6214390999999999,0.64625317,0.77353984,0.97605127,0.90910017,0.8926158000000002,0.87013674,2.5860603,4.065516000000001,4.8795485,4.693965900000001,4.3004308,3.8832912,5.1558251,3.8960736,1.6204522,2.2489834,0.81779075,1.2005792,0.73190016,1.4110535,0.96879685,1.3011652,7.202258099999999,10.167957,10.052399,2020-08-25 09:51:25.158,Vehicle Movement,0.6806349158,,,,,,,,,,,,,,,,
0.38612401,0.29696983,0.36283773,0.24539387,0.22071329,0.28900361,0.42038426,0.36878014,0.50077271,0.4015452,0.47905856,0.24953081,0.26405904,0.2555424,0.23454109,0.23737682,0.25748336,0.63653463,0.72612315,0.76078844,0.59221435,0.38506851,0.46040052,0.36732501,0.45674795,0.41314024,0.46981588,0.54499799,1.6323618,1.8387582,1.6574421,1.6204761,2.8224559,5.0950456,6.5214415,6.0944786,3.6917748,5.1736917,7.8563485,6.4329572,5.4069824,3.6778684,2.0707579,1.508414,2.8361897000000003,3.3326821000000004,3.6396475,2020-08-25 09:51:25.399,Vehicle Movement,0.6806349158,,,,,,,,,,,,,,,,
0.40742308,0.40351367,0.39499408,0.2727654,0.23632614,0.32376403,0.43330741,0.31710595,0.37189773,0.29820666,0.35577178,0.30403399,0.27802283,0.2347029,0.27386275,0.38419211,0.37843078,0.47401851,0.52999556,0.53054225,0.37390786,0.42444253,0.59208173,0.56814301,0.85124046,1.4081944,1.7896639,2.1406209,2.2174032,1.7504752,0.97927988,1.0480419,1.7861073,2.8297555,3.6123576,3.3612621,2.0361087,2.8534236,4.3329787,3.547941,3.1318774,2.028439,1.1782668,0.83425498,2.2090678,2.508743,2.7029757,2020-08-25 09:51:25.639,Vehicle Movement,0.6806349158,,,,,,,,,,,,,,,,
0.41480809,0.4457367999999999,0.25189602,0.33072507,0.32113761,0.34562263,0.2973505,0.30034781,0.3269382999999999,0.42517221,0.3706491,0.22081318,0.33776236,0.3061139,0.25705677,0.2936669,0.27820164,0.26762608,0.31636453,0.35615352,0.26086995,0.28850913,0.28513169,0.4219301,0.63217187,1.0577548,1.3290898000000002,1.6062518,1.6467497,1.2999865,0.72726005,0.54905546,1.2063774,0.99733877,1.1023037,1.0503186000000002,0.7696839,1.2287236,1.3180081,1.0821427,0.95265669,0.6170121999999999,0.35840622,0.30604729,2.0364449,2.5277014,3.4946627999999995,2020-08-25 09:51:25.880,Vehicle Movement,0.6806349158,,,,,,,,,,,,,,,,
0.31926069,0.27437559,0.36663353,0.31004718,0.28206581,0.2509121,0.27569491,0.27146775,0.31447825,0.36405391,0.3073522999999999,0.33246866,0.45804608,0.4934997,0.59615284,0.81465846,0.76704967,0.60313654,0.60926658,0.7257355999999999,0.71134871,0.47975278,0.32867217,0.43735462,0.53036547,0.69397748,0.81466091,0.84923041,0.75299335,0.66791278,0.51480383,0.40775487,0.92029083,0.9730767,0.7436313,0.59220731,1.2706732,2.415046,4.2343802,4.5232425,5.0346012,3.4086871,2.2778478,0.28994232,1.5663729,4.0361614,4.6193366,2020-08-25 09:51:26.120,Vehicle Movement,0.6806349158,,,,,,,,,,,,,,,,
0.91440248,0.66646034,0.45297366,0.26364744,0.31196532,0.36639777,0.34568924,0.53617114,0.47908348,0.53839964,0.35884136,0.28226829,0.30656761,0.41098747,0.45572272,0.68865681,0.596075,0.49868846,0.45353386,0.54566997,0.69540572,0.28731933,0.28092858,0.35772756,0.79963917,0.65302634,0.66931295,0.53764147,0.41529527,0.36837113,0.89523411,3.6785538,6.418122299999999,7.301435899999999,6.4024959,5.9605031,5.4162898,6.8232474000000005,8.0002956,7.154808,7.8999467,8.410583500000001,8.3935795,8.0226355,6.3145566,7.0094728,7.3435969,2020-08-25 09:51:26.360,Vehicle Movement,0.6806349158,,,,,,,,,,,,,,,,
0.3557505,0.33589888,0.34381524,0.30719098,0.39285392,0.26141351,0.2661379,0.40893808,0.42107528,0.49425223,0.32469159,0.33299983,0.49198288,0.34758514,0.35404116,0.33091706,0.31501597,0.33844668,0.3202047,0.26909304,0.37996823,0.26375264,0.37759694,0.33659133,0.70617843,0.68936241,0.61569309,0.50961053,0.27713147,0.32072178,0.68060941,2.2961955,3.5956614,3.8474782,2.7685409,2.441359,2.2597561,2.8237441000000003,3.1915581000000004,3.1815848,3.5725636,3.6341653,3.7691729,3.2859862,2.5999613,2.871006,3.0078592,2020-08-25 09:51:26.601,Vehicle Movement,0.6806349158,,,,,,,,,,,,,,,,
0.34438139,0.30286109,0.3564972,0.23982465,0.30408669,0.24537687,0.12791546,0.22232175,0.25739044,0.36841094,0.24350594,0.28550377,0.4297666,0.36986801,0.34245953,0.31265321,0.22728574,0.42918259,0.37301368,0.5010226999999999,0.59959996,0.28695333,0.46375316,0.99079716,1.2744824,3.8039327,4.2111397,4.5355144,6.239411799999999,7.8945284,16.539054999999998,23.832224,25.216019,24.744942,28.628403,31.990387,27.966658,25.091436,23.518053,20.802301,18.508141,14.694515,10.059058,5.500165,4.518446900000001,3.052429,4.223522200000001,2020-08-25 09:51:26.841,Vehicle Movement,0.6806349158,,,,,,,,,,,,,,,,
0.54726011,0.51471752,0.28501526,0.16640399,0.2883743,0.27520335,0.31926954,0.223465,0.15709463,0.19574943,0.18015477,0.3532805999999999,0.26274151,0.22405863,0.21176016,0.20859073,0.20896183,0.29552495,0.31159475,0.36694884,0.47874337,0.55122763,0.54313821,1.1211091,2.1127458,4.2004285,4.842308999999999,5.510373599999999,3.9698038,4.8159981,9.5350723,14.751879999999998,16.321474,20.342974,24.125637,30.352718,28.716022,29.958239000000003,27.265495,24.305658,21.112104,18.305229,12.498439,5.8473644,2.8323054,2.8221221,3.3637435,2020-08-25 09:51:27.081,Vehicle Movement,0.6806349158,,,,,,,,,,,,,,,,
0.41062316,0.39925525,0.26588893,0.30153915,0.29724857,0.24392994,0.32545251,0.19187275,0.31800455,0.30593139,0.20444523,0.15992178,0.25353473,0.25841129,0.25861719,0.23202892,0.3032645,0.41763687,0.47294551,0.50437152,0.55326414,0.47318044,0.4237729,0.83258921,1.5690258,3.1194384,3.5961304,4.092266599999999,1.2218453,1.4652885,2.9003842,4.487236,5.0632792,6.8525352,8.7109995,11.479468,9.8217039,15.921051,13.479198,14.115509,12.210394,14.911415,13.619143,12.3162,6.4148593,2.0309565,1.0231857,2020-08-25 09:51:27.322,Vehicle Movement,0.6806349158,,,,,,,,,,,,,,,,
0.36553413,0.33815849,0.40448663,0.48101625,0.4476378,0.57242006,0.44785115,0.20390455,0.31623459,0.37915868,0.23703802,0.29331395,0.34170893,0.41278997,0.22408713,0.24393885,0.5642302,0.84839976,0.83461058,0.81774724,0.94025373,0.55070436,0.39911228,0.3369472,0.53199774,1.0803993,1.2853138000000002,1.3460162,0.55245745,2.3988607,7.844110000000001,5.740558099999999,8.4502907,4.4125957,3.3381948,3.6515877,4.6103663,8.4316082,5.968171599999999,6.1030397,5.1376591,6.1344304,5.5782557,5.0980129000000005,2.6581411,2.5498397,2.6679776,2020-08-25 09:51:27.562,Vehicle Movement,0.6806349158,,,,,,,,,,,,,,,,
0.52208203,0.41344857,0.33301702,0.35722566,0.27078378,0.33279878,0.3499009,0.24183409,0.31314141,0.23901553,0.2499256,0.27337575,0.28827512,0.36696672,0.40222916,0.35980415,0.52121305,0.71259302,0.5568486999999999,0.44576854,0.4318237,0.34704521,0.51027751,0.88455236,1.2654027,1.2115771,0.8667798000000001,0.45778337,1.1371417,2.5260899,5.2422485,4.1494741,4.382669,7.799725099999999,9.4480324,19.217249,23.043467,27.298582,22.480257,21.007416,16.903797,17.342678,14.954358,14.254848999999998,9.0461445,6.2076945,4.905577200000001,2020-08-25 09:51:27.803,Vehicle Movement,0.6806349158,,,,,,,,,,,,,,,,
0.34462488,0.29018712,0.33250269,0.31883556,0.27674869,0.27571973,0.30770758,0.29842967,0.23251104,0.27377713,0.28989846,0.33776492,0.22046587,0.44525054,0.6750946,0.56409442,0.59539378,0.68468982,0.65612453,0.5656094,0.42431873,0.33739001,0.59794116,0.89575225,1.1121172,0.97461683,1.2613523000000002,1.7794443,0.86546695,1.0734915,2.1475997,2.3727603,2.2705474,3.5645466,4.5392861,12.044986,13.003798,15.249267,12.456493,11.386338,8.461957,8.888505,7.2542152,9.6084328,16.202101000000003,19.240393,19.50226,2020-08-25 09:51:28.043,Vehicle Movement,0.6806349158,,,,,,,,,,,,,,,,
0.32686001,0.28968143,0.3463406,0.41097584,0.40879759,0.41397068,0.29013997,0.3781512999999999,0.30624819,0.34983164,0.34393021,0.35327262,0.28744188,0.47663605,0.47900647,0.44794303,0.32722354,0.39524114,0.3998771,0.30899036,0.26343408,0.2303849,0.52330315,1.524726,2.311044,3.7161059,4.9610181,7.717036200000001,7.218177799999999,6.5030727,3.6980052,2.7240982,3.7763453,4.4553566,4.0512228,4.9579725,5.344246900000001,6.188101799999999,4.4432621,4.0423036,2.8146651,2.7684376,2.5745337000000004,3.9355116,7.3265753,10.508189,10.755998,2020-08-25 09:51:28.283,Vehicle Movement,0.6806349158,,,,,,,,,,,,,,,,
0.5619058000000001,0.3275674,0.30827391,0.39863318,0.37579104,0.3560822,0.30954617,0.3463929,0.20600678,0.26729637,0.23632966,0.31361616,0.25492388,0.40284485,0.5213362,0.53545117,0.48356763,0.70104587,0.73982137,0.672113,0.62200963,0.43270546,0.3368887,0.8560068000000001,1.5400636,2.0840833,2.7855844,4.2588282,3.981010700000001,3.5866117,2.0395451,1.5024102,2.0827518,2.4572439,2.234354,2.2205153,1.9025499,2.0119076,1.4976528999999998,1.2295905,0.88094848,0.84210527,0.94040817,1.1971066,2.2286024,3.1963882000000003,3.2717669,2020-08-25 09:51:28.524,Vehicle Movement,0.6806349158,,,,,,,,,,,,,,,,
0.33996755,0.25767201,0.30733058,0.35427541,0.37122104,0.39602178,0.44911739,0.46824628,0.33477935,0.31820336,0.38495117,0.28608084,0.26416647,0.67700785,0.57494831,0.51944554,0.56717104,0.87783659,0.78752637,0.87165707,0.98009872,0.67891753,0.56799883,0.30411643,0.66485763,0.80986553,0.9491713,1.687587,1.6337354,1.2257614,0.76732874,0.4797404999999999,0.96846378,2.2089486000000003,1.2512015,1.3523858999999998,1.0233423,1.0278091,0.70419079,0.68646508,0.85629088,1.1430575,1.0227653,0.57091761,0.78988135,1.0164407,1.0439758,2020-08-25 09:51:28.764,Vehicle Movement,0.6806349158,,,,,,,,,,,,,,,,
0.5454581999999999,0.5019784,0.5256325,0.28714168,0.39254707,0.45852715,0.38449618,0.36546263,0.24678554,0.20448604,0.24999638,0.15770416,0.24368635,0.42725733,0.3203814,0.33894837,0.41102567,0.67007661,0.68559033,0.66851097,0.39455986,0.34952044,0.3178034999999999,0.44527054,0.44055742,0.4138917,1.246152,1.8876312,2.0895038,1.8312542,1.1287849,0.38622057,0.58039075,1.6368527,1.5323908000000002,1.4622463,1.1565565,0.63615131,0.48550898,0.44079039,0.54615587,0.71700275,0.96846014,1.2399858,1.1242018,0.97402442,0.54784071,2020-08-25 09:51:29.005,Vehicle Movement,0.6806349158,,,,,,,,,,,,,,,,
0.41097727,0.44546062,0.45430732,0.26120007,0.36840308,0.39699265,0.41155863,0.34364378,0.35577661,0.37324393,0.38443452,0.32543114,0.21626566,0.4717380999999999,0.36886957,0.29899254,0.44565842,0.89962149,1.3124285,2.7115037,2.132659,2.9771085,4.9537625,5.7612777,9.14046,13.980788,15.151123000000002,12.473146,5.2296734,4.2885365,6.267888500000001,7.6133294,8.4706192,10.884837,12.49298,12.901005,10.212272,7.836081500000001,6.8120136,5.2700038000000005,3.2958722000000003,0.82052404,0.94497919,1.4975195,1.9467733,2.736819,2.7168810000000003,2020-08-25 09:51:29.245,Vehicle Movement,0.6806349158,,,,,,,,,,,,,,,,
0.52447438,0.36348465,0.29021943,0.2968466,0.31246251,0.29985365,0.3114199,0.27674374,0.23529342,0.34402481,0.40046903,0.29014409,0.4739600999999999,0.48731151,0.40829632,0.34861052,0.38706267,0.73602766,0.76041794,1.4954641000000002,1.7272046000000003,1.9986701,2.8566129,3.7295775,5.5452909,8.1734829,8.654582000000001,6.8792605,2.9132814,1.8587369,3.1920657,5.2199178,5.8008847,5.843915900000001,5.541512,6.3034778,6.3068299,8.1990757,7.4088745,7.783356200000001,7.478007300000001,7.2015352,6.9877539,7.477737400000001,8.454114,8.865619699999998,9.9169197,2020-08-25 09:51:29.485,Vehicle Movement,0.6806349158,,,,,,,,,,,,,,,,
0.42143911,0.3756133,0.2802937,0.31776178,0.30063024,0.31848913,0.31910631,0.27454057,0.20387997,0.3398011,0.42000577,0.43948388,0.34343064,0.56012416,0.58732218,0.64786148,0.63544649,1.2708038,1.2246615,0.89085454,0.7758248999999999,0.81793511,1.3332465,1.9175875,2.2198265,2.5835824,2.6604617000000004,2.2427037,2.7901504,3.4100778,3.2686207,4.6087322,4.869981299999999,5.5684443,3.8092163,5.1040211,7.5438447,11.645211,9.7754669,10.458882,8.9776707,10.94819,9.0564661,6.677383900000001,6.278428599999999,6.584032499999999,7.364778999999999,2020-08-25 09:51:29.726,Vehicle Movement,0.6806349158,,,,,,,,,,,,,,,,
0.90980184,0.58646828,0.31400481,0.2738184,0.40289295,0.24436185,0.24008296,0.23800787,0.22870055,0.32778969,0.36798984,0.4645172999999999,0.52398628,0.55768764,0.67521793,0.78551632,0.87671864,1.255051,1.2204217,1.0674784,0.63611859,0.27630141,0.41117126,0.58329314,0.742163,2.3501682,3.3649886,5.6621389,5.681332599999999,5.4656944,4.9436183,6.2520213,5.795018700000001,4.3689265,3.4630727999999995,3.7904902,5.6024194000000005,8.648288699999998,7.259728,7.7672648,6.667246799999999,8.1306496,6.7257648,4.958944799999999,4.2385559,4.1698260000000005,4.625792,2020-08-25 09:51:29.966,Vehicle Movement,0.6806349158,,,,,,,,,,,,,,,,
0.56960106,0.36819679,0.26932782,0.28461799,0.30876788,0.28887126,0.28176212,0.26529443,0.15321364,0.24838218,0.27412763,0.36919105,0.40908083,0.41792497,0.38694638,0.37777066,0.42330989,0.51732612,0.51758754,0.44533348,0.29970723,1.3197114,3.3358641,4.0892816,3.827728500000001,3.7329595,4.441506400000001,8.4695005,8.2193346,8.8703642,10.446248,14.734653,19.261759,19.654463,19.81675,15.22498,13.877785,11.152025,14.819407,12.910901,11.769626,7.531867,6.855175,6.1468639000000005,7.366133199999999,9.0376863,7.3257208,2020-08-25 09:51:30.206,Vehicle Movement,0.6806349158,,,,,,,,,,,,,,,,
0.73796457,0.61322188,0.36680722,0.38014126,0.42878926,0.50738907,0.51608074,0.34261042,0.24257551,0.26532897,0.23613703,0.27255002,0.37656254,0.54714739,0.31905216,0.48564386,0.59201419,0.61705977,0.80411279,0.68037587,0.68382972,1.4316565,4.0380363,4.5944786,4.6573935,3.9969702000000007,6.1768084000000005,5.0371308,2.8731575,4.2228298,5.6490078,8.5129118,11.844646,13.992935,14.394521,11.242152,9.7447386,6.803835899999999,8.2929182,6.611722500000001,6.1112103,3.1660724,4.6176028,8.472177499999999,11.45911,12.20275,8.7884998,2020-08-25 09:51:30.447,Vehicle Movement,0.6806349158,,,,,,,,,,,,,,,,
0.83060694,0.93147951,0.59645879,0.72731775,0.40674344,0.38790852,0.34639582,0.23509981,0.34111387,0.25315404,0.19820882,0.19176805,0.31643248,0.49704877,0.31854624,0.44041106,0.50869644,0.44125873,0.50632066,0.41821539,0.40207162,0.57994252,1.7176898,1.6453529999999998,1.9095149,2.204432,3.4066682,2.7781072,0.912202,1.2845031999999998,1.7183186999999998,2.5894630000000003,3.6029119,4.2563796,4.3785343,3.4196455,2.9641612,2.0695953,2.5225451,2.011158,1.8589116,0.96305811,1.4045856,2.5770726,3.4856391,3.7587028,2.6977522,2020-08-25 09:51:30.687,Vehicle Movement,0.6806349158,,,,,,,,,,,,,,,,
0.70669711,0.64089596,0.43008769,0.55302954,0.38987595,0.4119719,0.28236198,0.34789807,0.33531362,0.3114599,0.18145449,0.17413947,0.33142811,0.38313758,0.31449756,0.22207691,0.29209995,0.72379446,0.57976121,0.40651828,0.40257001,0.89661133,0.92896754,2.0285957,2.6120331,2.2707648,3.6120653,5.639569799999999,10.105708,11.400654,8.08918,5.0358267,3.2109115000000004,4.5819407,6.0740032,5.4139614,5.1481113,3.5722747000000004,4.5024762,3.5925429,3.1687503,1.7301240000000002,1.4026902,1.4435074,1.2971619,1.2116306,1.3262184,2020-08-25 09:51:30.928,Vehicle Movement,0.6806349158,,,,,,,,,,,,,,,,
0.83418238,0.57053959,0.39159718,0.41187787,0.34065759,0.32227263,0.2560657,0.25845906,0.30088079,0.30652168,0.41071877,0.34040242,0.34259841,0.33870685,0.30923805,0.22257565,0.34508261,0.37759525,0.46035677,0.29535943,0.5417036999999999,0.52850419,0.46521994,2.3056424,1.9398204,1.8714874,2.9187169,4.8484626,8.9891262,10.837277,7.886425,4.912365,3.5312898,4.1390123,6.0152988,4.578926999999999,4.2879615,4.0539603,3.5583131000000003,2.9586618,3.2485588,1.9885087,1.4076645,1.6415712,1.8081814,3.151679,2.7271469,2020-08-25 09:51:31.168,Vehicle Movement,0.6806349158,,,,,,,,,,,,,,,,
0.6771161,0.40459794,0.31024909,0.35629469,0.3613933,0.31473103,0.19006419,0.2502577,0.29881349,0.41100779,0.371687,0.26904321,0.1761312,0.3221091,0.30308104,0.35284185,0.40827316,0.35121331,0.66424686,0.5050800999999999,0.52039099,1.7290448,1.4419962,1.7122803,1.3821191000000002,1.153438,1.3000882,1.9580866,3.4163153,4.5896349,3.8909547,3.194828,2.2076352000000004,1.9855747,2.4825592,1.6307662,1.5815687,1.4086688,1.8693326,1.6661616999999995,2.0790172,3.709949500000001,5.109004,4.8513055,2.6214204,2.3405874,1.9046407,2020-08-25 09:51:31.408,Vehicle Movement,0.6806349158,,,,,,,,,,,,,,,,
0.45146036,0.43139485,0.43669808,0.30663794,0.46262211,0.3525275,0.32215762,0.27952468,0.36690319,0.43723518,0.39367872,0.51365423,0.37593675,0.41592473,0.37095839,0.25402832,0.26001549,0.27980143,0.99239248,0.75778574,0.39641672,0.98844874,1.4126611,3.7841158,5.1917129,10.487947,12.660927,16.035948,16.212776,15.962701999999998,14.555559,14.052074,13.827127,17.997944,17.565345999999998,19.364614000000003,15.570703,17.190357000000002,15.439613,15.789529000000002,13.549851,13.923638,10.168118,6.9546633,2.3632798,3.294925,7.3085685,2020-08-25 09:51:31.649,Vehicle Movement,0.6806349158,,,,,,,,,,,,,,,,
0.70179331,0.54776931,0.618725,0.50381917,0.42514762,0.25936905,0.3456515999999999,0.52193886,0.63589942,0.54479241,0.34049755,0.57259297,0.37078589,0.39752692,0.4205332999999999,0.66964972,0.60066539,2.5888419,3.2996018,3.4895749,1.566021,1.7670186,2.9792161,3.9713905,4.802981900000001,8.1633177,9.4314423,11.909061,12.040383,12.321365,13.727553,13.894579,11.878584,14.317553,13.477657999999998,15.142116,11.925544,12.988416,11.466193,11.788454,10.083206,10.589978,7.913584200000001,5.4854321,1.3299536,3.9756815,6.7531567,2020-08-25 09:51:31.889,Vehicle Movement,0.6806349158,,,,,,,,,,,,,,,,
1.1884563,1.0174594,0.72029001,0.56972295,0.303056,0.28318658,0.36271319,0.3167519,0.31378087,0.26691458,0.19545871,0.35861519,0.2489364,0.3639634,0.34933665,0.45614755,0.5656475999999999,1.2363353,1.1460117,1.0813863,0.81025988,1.5132691,2.0021577,1.7065568,1.4841499,2.5013685000000003,2.8833678,3.69596,3.6828189,3.7829502,4.3989377,4.667739900000001,3.9493828,4.748467,4.4887276,5.106658,4.025294799999999,4.506668599999999,3.8482835,3.9150546,3.1372287,3.244308,2.4071591,1.6685625,1.0352636999999998,6.0431428,10.696076,2020-08-25 09:51:32.129,Vehicle Movement,0.6806349158,,,,,,,,,,,,,,,,
1.1456376,1.1085531000000002,0.62864721,0.52202576,0.4087064,0.4524242,0.50216007,0.50397837,0.37425584,0.31905285,0.21708405,0.25671527,0.29917493,0.25142837,0.25216648,0.27970591,0.25075731,0.4654377999999999,0.41489136,0.3425625,0.47189867,0.5445171,0.7900449,1.9882159,3.9922841,8.608955400000001,11.471495,14.325936,13.181265,8.3820953,7.51403,7.804640299999999,7.022686,5.5764012,6.2753143,3.7990253,5.9345922,5.0967712,8.9706106,8.125145,8.4055471,7.0945554,8.6673813,9.3282976,9.8212032,8.7183962,11.276552,2020-08-25 09:51:32.370,Vehicle Movement,0.6806349158,,,,,,,,,,,,,,,,
1.4840413,1.3329089,0.70490706,0.35153306,0.38182983,0.43322402,0.45924211,0.37427843,0.29079705,0.3339341,0.83029819,0.87995309,1.1638641,1.1932908000000002,1.4924833999999998,1.6076348,1.5983418,0.35895029,0.36807546,0.99487752,0.99029571,1.1609783,3.812957,5.8917818,9.2111568,14.895879999999998,20.063854,20.50079,21.8629,19.183353,18.226862,15.746326000000002,12.101608,10.351391,11.065269,9.0292397,9.4753771,8.2173023,12.072732,13.370753,14.519958,15.673963,16.945038,19.044254,16.466396,13.439951999999998,7.466406299999999,2020-08-25 09:51:32.610,Vehicle Movement,0.6806349158,,,,,,,,,,,,,,,,
1.860082,1.0943537,0.75945926,0.46783283,0.45575067,0.32911626,0.31061289,0.26244798,0.31284368,0.3871288,0.55069244,0.60264432,0.68124467,0.71849972,1.1091373,1.1939064,1.1870048999999998,1.0276254,0.98615485,1.123338,1.2215708,1.0569791000000002,3.2909656000000003,3.4218955,6.9977894,13.133693,16.459784,14.075715,12.665729,10.255453,8.784452400000001,9.0742455,11.684409,13.534881,16.498652,14.566538,13.65502,11.605443,13.065404,14.060538,16.009991,15.991701999999998,15.609222,14.134828,11.150873,8.7991152,7.1794181,2020-08-25 09:51:32.851,Vehicle Movement,0.6806349158,,,,,,,,,,,,,,,,
1.3423359,0.93758166,0.83416706,0.83056152,0.30119592,0.28255036,0.33643475,0.35933834,0.42902493,0.33027211,0.3113797,0.39216661,0.40647224,0.47747865,0.67368841,0.75020128,0.82814366,0.93832886,0.81667882,0.82323408,3.0373065,1.5524826,1.073384,1.1319275,2.6230161,4.0296946,5.1795497,4.2815599,3.85267,3.2029881,3.4602115,3.7058933,3.5541711000000005,7.3162069,10.528695,7.943225900000001,5.942505799999999,3.5301509,3.9742434,4.279264,4.904667900000001,4.864365599999999,4.7893567,4.2995410000000005,4.396542500000001,3.6627088,3.4161587,2020-08-25 09:51:33.091,Vehicle Movement,0.6806349158,,,,,,,,,,,,,,,,
1.0526702,0.69629288,0.57724106,0.5395506,0.37682453,0.21672536,0.28918308,0.3038172999999999,0.44401854,0.3231792999999999,0.23089853,0.36089459,0.3809332,0.23892418,0.26521209,0.24491403,0.36058944,0.30199888,0.4727492,0.47611684,1.7216173,0.85623425,0.45256066,0.92662627,4.770217400000001,7.530650099999999,8.434269,8.8661757,8.703179400000002,9.5364161,8.2586432,6.1815915,3.831773000000001,3.0205698,4.3124409,3.2534604,2.4339869,1.2518544,1.4146895,1.4313203,1.6918641,1.8623593,1.7592484,1.657576,1.800777,1.5002065,1.3992225,2020-08-25 09:51:33.331,Vehicle Movement,0.6806349158,,,,,,,,,,,,,,,,
0.66943818,0.4552507999999999,0.28963402,0.34103432,0.40370557,0.34257323,0.21885622,0.30208498,0.55158752,0.47361344,0.49555916,0.3639636,0.54352081,0.39840311,0.44376352,0.71456432,1.3952979,1.3462931,1.3509375,1.1055493,1.0040559,0.3667815,0.15344892,0.38548353,1.4510081,3.1364269,6.1943107,9.7677565,10.909659,10.76805,12.722564,13.415691,13.103471,10.435208,9.9265299,10.475183,9.7577915,8.2133169,5.7538276,4.7060218,2.3804419,1.6818783,1.5266805,1.4256928999999998,0.9800545,0.52495402,1.0883962,2020-08-25 09:51:33.572,Vehicle Movement,0.6806349158,,,,,,,,,,,,,,,,
1.3741161,0.77574933,0.59498101,0.61806428,0.38316545,0.41550243,0.28524402,0.39210266,0.40355507,0.40195155,0.4697156,0.50731814,0.51313144,0.46968514,0.39003494,0.52106166,0.69380397,0.88230908,0.89991921,0.93463564,1.1338179,1.7784746,2.0657494,2.5323961,0.8516705,2.3493202,4.600191099999999,7.254003,8.1020336,7.996868099999999,9.4483843,9.9631338,9.7328882,9.154748,9.4937935,10.437771,9.246232,8.3872757,6.6857677,6.9689617,6.052496,4.940101599999999,5.369375700000001,9.365077,12.475447,13.326784,8.533677099999998,2020-08-25 09:51:33.812,Vehicle Movement,0.6806349158,,,,,,,,,,,,,,,,
0.59052724,0.31336138,0.2942557,0.27922001,0.40108994,0.39474213,0.26157224,0.43394446,0.50043875,0.49785754,0.34218287,0.38390452,0.23835252,0.29773048,0.20299409,0.38696533,0.67825228,0.68823779,1.2850119,4.3483205,10.32861,9.0865517,8.150032000000001,7.498997200000001,7.366563799999999,4.8116956,5.420053,4.6675558,5.551237599999999,6.6523938,10.725067,12.295659,6.9179397,4.170395399999999,4.6331444,4.3066545,3.9793839,3.7003551,3.6946728,3.2233047000000004,3.2604589,2.8287857000000005,3.3376439,5.6940517,8.7002153,10.841177,7.113135300000001,2020-08-25 09:51:34.053,Vehicle Movement,0.6806349158,,,,,,,,,,,,,,,,
0.83908373,0.56272382,0.49382278,0.21568537,0.29786855,0.38918084,0.41628534,0.54915273,0.65566665,0.62197053,0.33736598,0.44145462,0.28517252,0.51665777,0.59684926,1.188643,1.1012572,1.2032758,1.4946003,4.4547153,8.211666099999999,7.667058900000001,8.9779978,12.404197,17.291485,21.841625,21.000153,22.068697,20.910357,18.612509,15.35611,15.488924,15.555294,17.206357999999998,18.122967000000003,16.729134,15.188657999999998,16.864449,18.011318,16.902393,18.301481,17.100348,16.288534,12.698653,11.770339,11.175253,9.0680752,2020-08-25 09:51:34.293,Vehicle Movement,0.6806349158,,,,,,,,,,,,,,,,
0.90576363,0.63918877,0.5373201999999999,0.25125551,0.26760843,0.36507556,0.38913617,0.35420984,0.27785444,0.29081836,0.23872341,0.42724052,0.86579436,0.85387862,1.8023161,2.6235123,2.0306635,2.1929083,1.6861287,3.3082845,6.0983758,5.6939244,6.667489999999999,7.7537079,10.145192,12.690145,10.307558,11.73542,8.7696953,7.2367992,4.8653994,4.809718599999999,7.2740507,9.9417582,11.106207,9.4008446,10.167816,11.423349,11.136932,10.637174,10.648231,14.562060999999998,14.523169,13.83235,10.176065,9.8267441,7.1661577,2020-08-25 09:51:34.533,Vehicle Movement,0.6806349158,,,,,,,,,,,,,,,,
0.96482253,0.79570955,0.8292715,0.43094841,0.41851029,0.44307613,0.42706794,0.37962297,0.37117678,0.23352842,0.38036087,0.73835343,2.1844377999999995,2.6912403,7.188515700000001,9.049161,10.833279,13.137957,11.089072,8.007744800000001,2.987395,1.8652617,2.0284264,2.5234907000000004,3.776021,4.1052489,3.1353595000000003,4.025945200000001,4.3814268,5.7066302,4.2403016,4.0304227,4.672447200000001,5.4881816,6.5941052,5.167116200000001,5.762608999999999,6.387561799999999,7.3488874000000015,6.5367651,6.9969926,7.6689043,8.009901,7.3150034,4.884728,4.6287975,3.8896537,2020-08-25 09:51:34.774,Vehicle Movement,0.6806349158,,,,,,,,,,,,,,,,
0.78120452,0.68973356,0.78942537,0.45641956,0.52029657,0.61745155,0.60556465,0.41186714,0.41981068,0.47565109,0.42065716,0.45213625,1.4618487,1.539248,4.4858861,5.231735700000001,6.805475200000001,8.7433491,7.845408,6.3139544,7.8767743,10.25029,12.115593,13.383536,14.337941,12.605915,8.1605053,6.5372057,9.4894457,9.3307133,11.96769,11.474786,11.565994,9.4224348,10.230692,8.8020868,10.13317,8.724117300000001,10.728522,6.8276558000000005,5.0584989,4.2736564,3.5100763,2.6919031,1.621779,5.405279599999999,3.0743194,2020-08-25 09:51:35.014,Vehicle Movement,0.6806349158,,,,,,,,,,,,,,,,
0.70466453,0.4084034,0.48617911,0.42871076,0.43428537,0.43319637,0.40333036,0.53283513,0.36413279,0.48547736,0.80705172,0.83769715,0.91236764,0.82740396,1.4207526,2.0763164,3.753394600000001,4.8221822,4.326943900000001,3.4823079,4.344243,5.6532989,6.6820602,7.381363900000001,7.9077425,6.952486500000001,4.5007286,3.6054373,5.2336736,5.1461291,6.6004882,6.3286395,6.94945,5.6355476,5.948215,4.903749,6.3623981,6.209235700000001,7.967512599999999,4.5213585,3.7566831,3.1738219,2.6067505,1.8761898,1.1529825,5.8593349,3.2462647,2020-08-25 09:51:35.254,Vehicle Movement,0.6806349158,,,,,,,,,,,,,,,,
0.58010483,0.30329987,0.38861668,0.35929298,0.4162699,0.43510991,0.40697819,0.53613973,0.54277879,0.41820484,0.55728281,0.57714695,0.65478402,0.54140186,0.63012511,0.68521792,1.1497931,1.4668142,1.3425239,1.0758502,1.3214346,1.7478095,2.0325537,2.2452681,3.154783,3.5400586000000005,3.9941838,1.3641186,1.5919821,1.5847899,2.0077412,1.92505,2.1138883,1.7142244999999998,1.8093319,1.4916258,1.9353184,1.8887289,2.423563,1.3753098,1.1427101999999998,0.965415,0.79292303,0.58198375,0.40339124,1.8714888,1.3887438,2020-08-25 09:51:35.495,Vehicle Movement,0.6806349158,,,,,,,,,,,,,,,,
0.85123265,0.81083179,0.33732551,0.37365541,0.38209122,0.35592538,0.38164005,0.50424135,0.49628219,0.37003621,0.32157257,0.39529446,0.31883779,0.5493924,0.35326558,0.32797417,0.54946244,0.52449548,1.1287456,0.84204245,0.91020638,0.57637072,0.6755904,0.69639218,1.2921655,1.4523785,1.6359749,0.65584034,0.53088981,0.51698405,0.65841609,0.68199927,0.80045247,0.61282897,0.58205968,0.45372373,0.5890789000000001,0.57451481,0.73720098,0.70137924,0.75324082,1.1059241000000002,1.1303644,0.98518246,0.24998578,0.70856845,0.56881469,2020-08-25 09:51:35.735,Vehicle Movement,0.6806349158,,,,,,,,,,,,,,,,
0.44670731,0.46417519,0.17602599,0.23172061,0.2399368,0.22335592,0.35217652,0.4416204999999999,0.30722699,0.26948711,0.24367177,0.42762727,0.26096466,0.52362746,2.4900291,2.3425426,2.494313,0.79877365,0.83826041,0.62534082,0.67596275,0.41686773,0.43718871,0.56399286,0.63404709,0.5846504,0.64880955,0.58157176,0.57591742,0.43929955,0.41089237,0.43515867,0.50401348,0.5286236999999999,0.65688598,1.1285039,0.75985092,0.69518471,0.47273743,0.40721047,0.50388813,0.66337073,1.4312909,1.390038,0.98574746,0.7471391,3.1292965,2020-08-25 09:51:35.976,Vehicle Movement,0.6806349158,,,,,,,,,,,,,,,,
0.45329812,0.35201067,0.24615242,0.20959851,0.40125865,0.42107677,0.51304048,0.3786087,0.35436457,0.42596015,0.38622814,0.39381501,0.63106447,1.0157148,1.1296233999999998,1.1220157,1.349279,2.5389795,5.6173863,4.5680342000000005,3.0009615000000003,1.2902837,1.5615921999999998,2.5070531000000003,1.6628172,0.71530098,0.55784875,0.76376849,0.96921957,0.83839953,0.59736711,0.4304499,0.53743321,0.48606387,0.36357692,0.5942446,0.54794842,0.76391757,1.2312608,1.6788144,1.7489167,2.3763461,3.4964049,3.2113962000000003,2.2442744,0.88923657,1.7506359,2020-08-25 09:51:36.216,Vehicle Movement,0.6806349158,,,,,,,,,,,,,,,,
0.3846958,0.39417166,0.29316548,0.40660197,0.69253021,0.6226716,1.0592846000000002,0.99615759,0.64019787,0.56080621,0.57694781,0.79128844,1.1357213,0.98422122,0.67141449,0.45599559,1.1480801,2.4416301,4.411554799999999,4.574412799999999,6.684831599999999,10.462649,12.802206,13.823243,9.8221283,6.4944992,6.6385136,9.918546699999998,9.690134,8.918981599999999,5.0051174000000005,4.9576397000000005,2.6386573,1.5096024,1.0944657,1.401405,0.60500574,0.70495564,1.1550395,1.8301095,2.5446372000000004,2.1834376,4.5778341,4.8486891,4.0386715,0.66450125,0.75216228,2020-08-25 09:51:36.456,Vehicle Movement,0.6806349158,,,,,,,,,,,,,,,,
1.004415,1.2680876,0.55274594,0.6526683000000001,0.98558515,0.99584144,1.1450243,1.0290525,0.57227755,0.95872068,1.3307681999999998,2.3828971,6.686861500000001,3.8235791,3.6994569,2.6221447,4.0906458,11.422527,24.989922,24.533699,18.904501,15.501369,16.362406,29.372734,27.804798,27.687328000000004,19.389187,17.425720000000002,12.707462,13.698448999999998,16.261189,17.453657,12.561291,7.286362599999999,9.5585194,7.3442974,6.3608413,2.9107637000000004,4.331532,7.481776700000001,13.046498,7.5192485,3.8285012,4.0915732,2.413193,0.64645588,0.96239084,2020-08-25 09:51:36.697,Vehicle Movement,0.6806349158,,,,,,,,,,,,,,,,
0.99973679,0.79944152,0.34260675,0.5159355999999999,0.82814187,0.77407622,0.78237844,0.61918652,0.5078035,1.1956271,1.1667819,1.5445278999999998,5.0208917,3.2380617000000003,10.448486,13.465037,15.825796,14.339634,21.905849,19.084108,14.039386,13.050647,15.224153,28.099445000000003,33.247710999999995,35.338295,29.040375,20.734684,12.265319,10.775393,12.767024,14.063989,10.621634,5.4973993,7.2936568,5.4962134,4.723864099999999,3.4066567,5.1965733,7.409115299999999,10.046643,5.6129112,2.9960115000000003,1.9654568,0.83167517,1.1162504999999998,1.0321333,2020-08-25 09:51:36.937,Vehicle Movement,0.6806349158,,,,,,,,,,,,,,,,
1.2452255,1.2410649,0.4651286,0.44340459,2.5783908,5.5973034,7.8538318,8.4598808,8.1213379,11.647208,14.445261,14.167197,13.037814,17.405991,15.926213,20.013121,17.260967,23.29797,26.541712,30.706295,27.155617,21.493967,20.751926,20.725857,19.27746,18.6931,12.114348,10.026348,3.7308726,3.2808638,6.1801977,4.5527515,3.4044843,1.9492273,3.1890037,8.3824205,11.930721,14.73669,12.970557,13.85292,13.353929999999998,15.515892,13.261354999999998,9.6501684,3.8887975,2.9823227,3.1123164,2020-08-25 09:51:37.177,Vehicle Movement,0.6806349158,,,,,,,,,,,,,,,,
1.5677197,0.92539924,0.37008929,0.34054726,1.4220489,3.0870566000000004,4.332228700000001,4.712077099999999,4.4971213,6.4237342,7.966932799999999,7.8135734,7.190689599999999,9.5998526,8.7837152,11.037749,9.5198679,12.849428,14.638437,16.935312,14.977021,11.854475,11.44522,11.483153,10.783318,10.710625,7.851399900000001,5.7397985,1.8684738,1.522045,2.4372754,2.0452547,3.3299267,5.2849574,7.6381087,6.0742722,4.1610079,5.7960134000000005,6.2589831,6.6908216,6.7798462,7.373444099999999,6.830898299999999,5.1118231,1.9005036,1.2812066,1.345204,2020-08-25 09:51:37.418,Vehicle Movement,0.6806349158,,,,,,,,,,,,,,,,
1.1307925,1.5969204,1.4623159,1.2594205,0.44833255,0.93902284,1.31778,1.4333228,1.3679372,1.9539754,2.466825,2.4085498,2.5437148,2.9714491,2.6883881,3.3574691,2.8957593,3.9085479,4.4527297,5.1732111,5.3043857,4.0293341,4.6431913,11.262979,14.93525,20.858084,24.164562,23.511076,18.666744,7.7568121,11.625456,10.498333,9.5062685,5.4599609,10.66632,7.4417973,7.481559299999999,9.9213142,10.753942,11.466343,10.608309,10.948487,9.7343798,7.079105900000001,3.6160734,0.42890257,0.43781775,2020-08-25 09:51:37.658,Vehicle Movement,0.6806349158,,,,,,,,,,,,,,,,
2.5558362,2.8060155,2.1534722,2.2792418,0.31514376,0.76881909,0.84297872,1.1436886999999998,0.88595033,1.4316936000000002,1.0274168,1.0615629,3.1587303,3.072468,4.2256398,3.3670552,4.758171099999999,5.246697900000001,6.4314761,5.8928761,3.5016047999999995,1.4482293,3.4482558,8.3644266,11.091629,15.490211,17.945759,17.460449,13.862817,5.192335099999999,6.5944419000000005,6.0345206,8.465802199999999,7.1351924,9.2838173,7.404471400000001,6.912385499999999,7.626696099999999,7.5152988,10.51439,15.033128,14.966148,12.672194,6.786937700000001,3.2895663,1.7065543,3.9345429,2020-08-25 09:51:37.899,Vehicle Movement,0.6806349158,,,,,,,,,,,,,,,,
1.4757744,1.5530035,1.182778,1.2777081,0.3898561,0.7443074000000001,0.77231055,0.56164414,0.73642659,1.0177072,1.4378662,1.342296,2.3458240000000004,2.6060917000000003,4.2621245000000005,4.0688972,5.937027,6.2599735,8.4867277,7.5462685,6.899948599999999,4.7608442,4.6554704000000005,6.3028574,6.8222966,7.0799856,7.520763900000001,6.1726303,4.837232599999999,5.1161757,7.4120855,4.364086599999999,2.5751333,2.1703875,2.8284423,2.2522974,2.170151,2.3322463,6.5374441,11.569295,14.174627,12.854109,10.658044,6.605249400000001,2.8106625,1.1532183,1.6251745000000002,2020-08-25 09:51:38.139,Vehicle Movement,0.6806349158,,,,,,,,,,,,,,,,
0.78417689,0.70876223,0.72819769,0.57685339,0.42247033,0.4236894,0.43353128,0.40882742,1.6476673,4.9966011,7.463211500000001,7.058847900000001,10.688651,20.34803,29.432255,31.971199,31.225344,30.392517,32.379574,32.094722999999995,28.941774,23.376274,15.548785,6.5151463,4.4614682,2.8803957,4.8080654,6.0343652,3.948694,4.6565895,7.889595,5.7299137,2.5606265,5.186841,8.0779228,13.273416,17.478851000000002,18.305664,13.90623,13.1658,10.526753,11.028048,7.915172599999999,5.5500164000000005,2.0873322,1.973258,1.4700805,2020-08-25 09:51:38.379,Vehicle Movement,0.6806349158,,,,,,,,,,,,,,,,
0.44011986,0.48256642,0.50467348,0.43030539,0.29560438,0.27615869,0.30188248,0.21044663,1.560113,3.3098371,5.2931151,5.4654222,7.9379034,15.111421,21.857796,24.165487,23.508327,23.086901,24.046621,23.835075,21.493542,17.360338,11.547272,4.8384595,1.3570924,1.3457471,2.6517723,3.3281076,1.6897745,2.5235033,4.1786489,2.8490498,1.3725625,2.8606761,4.4551821,7.6105928,9.6400347,10.096045,7.6696429,7.261276700000001,5.640380400000001,6.082252,3.9486325,3.0609775000000004,0.7816118000000001,1.5535243,0.63891482,2020-08-25 09:51:38.620,Vehicle Movement,0.6806349158,,,,,,,,,,,,,,,,
1.1867143,0.56934136,0.80940562,1.1280485,1.3609083999999998,1.6815426,1.25411,0.94849861,0.71674359,3.1284697,9.659646,11.378761,12.957567999999998,11.14921,14.312942,26.233196000000003,32.016743,38.065876,41.911148,37.755352,34.405487,33.222393,44.799419,57.964294,62.691322,61.680244,49.809540000000005,44.268875,34.88818,30.804689,25.490608,27.163834,27.367996,25.243784,21.951654,15.561719,17.371042000000003,17.26037,17.245473999999998,12.03075,6.1925669,2.1905804,1.3211529,1.0292935,0.50963783,0.82399946,1.1340656999999998,2020-08-25 09:51:38.860,Vehicle Movement,0.6806349158,,,,,,,,,,,,,,,,
1.4528435,0.45407641,1.0709708,3.4162884,6.1179633,10.254608,10.147301,9.7531099,7.1822982,5.187218700000001,8.396946,10.469984,9.6229095,8.279935799999999,10.629475,19.482025,23.898348,28.503691,31.597795,28.762508,26.52347,25.92819,33.752068,43.04705,46.557568,49.195938,42.490601,41.395332,36.337322,34.888058,37.088326,36.305843,38.167564,40.003998,42.307648,43.264118,43.148838,42.160969,39.340309000000005,39.345039,40.24836,41.084412,37.288399,29.590042,14.194996,2.3244002,0.87223846,2020-08-25 09:51:39.101,Vehicle Movement,0.6806349158,,,,,,,,,,,,,,,,
0.62852603,0.31404123,1.0938798,1.913012,2.9263651000000004,4.2001781,4.1562262,3.9947698,3.7616544,4.2304726,6.1686635,7.8113055,6.408972299999999,7.140496300000001,8.828657199999999,13.174055,13.394367,11.995222,10.942515,10.284282,13.312805,12.821533,17.664633,21.374022,23.860106,27.132824,23.434662,22.830589,20.04097,19.241663,20.455164,20.023607,21.05039,22.063232,23.333754000000003,23.861271,23.815092,23.294027,21.697193,21.6998,22.198002,22.865,21.11281,17.351392999999998,8.0406971,1.2819666,0.44389665,2020-08-25 09:51:39.341,Vehicle Movement,0.6806349158,,,,,,,,,,,,,,,,
0.77626789,0.89418185,0.60952687,0.86668962,1.2920419,1.6986451,1.6948531000000002,1.4711002,1.1903909,1.286828,1.8763881,2.3760481,2.0393376,4.0391202,4.1390815000000005,4.843627,4.074307,3.6487145,3.3285017,3.1282794,4.0494976000000005,3.9000621,5.5857801,9.2058945,12.788446,17.064322,16.271482000000002,13.823321,8.4003401,5.976513400000001,6.2220654,6.0907936,6.5561275,7.055583500000001,7.379162299999999,7.2581367,7.2440882,7.085592699999999,6.599866400000001,6.600658900000001,6.752203,6.955089599999999,6.4644208,5.4522219000000005,2.9263179,0.558276,0.26712433,2020-08-25 09:51:39.581,Vehicle Movement,0.6806349158,,,,,,,,,,,,,,,,
0.66390425,0.69420874,0.47403055,0.54981983,0.55980617,0.96619523,0.61792952,0.48114499,0.44536769,0.63136482,0.68417192,0.93651921,1.6623148999999997,2.7395558,1.6657966,1.5109028999999998,2.0833659,3.5232277,3.9974585,3.8467901,4.238862,5.7831035,8.585600900000001,8.906884199999999,9.696763,12.449745,15.315298,18.719959,12.476126,9.4674702,5.477821400000001,4.1020494,2.4352386000000004,2.1720431,2.263742,2.2077847000000004,2.2035115000000003,2.1552999,2.0075512,2.0077925,2.1979072,2.1156034,1.9663517,1.6584599999999998,0.89509588,0.48221526,0.66757911,2020-08-25 09:51:39.822,Vehicle Movement,0.6806349158,,,,,,,,,,,,,,,,
0.39885846,0.33185548,0.20774105,0.19866097,0.23686144,0.33652794,0.2176902999999999,0.19965376,0.23208261,0.48840788,0.49001342,0.67252916,0.88405275,1.3174818,0.86054832,0.96366906,1.6849573,2.6701169,3.0300963,2.9468703,3.3191082,4.3823347,6.4227524,6.767574300000001,7.5910168,9.7425098,12.169839,14.463143,9.8584776,7.1377821,4.0680919,3.0463777000000003,1.8085245,1.1126174,1.1677535,1.0949568,1.2058473,1.2173898,1.5586791000000002,1.5521002,2.6107757,2.6677785,2.8947723,2.407486,2.0609384,1.0578023,1.1969553999999998,2020-08-25 09:51:40.062,Vehicle Movement,0.6806349158,,,,,,,,,,,,,,,,
0.60121834,0.38894582,0.29771531,0.23896687,0.45133132,0.46051833,0.4135332999999999,0.39736137,2.2125101000000003,2.0404012,2.3424206,0.60796171,0.45608401,0.47592068,0.37204021,0.55520624,1.5762006000000002,2.5960903,5.3361988,9.7701397,8.0521879,5.2265329000000005,6.0261602,8.0430698,7.629222400000001,5.56106,6.466227099999999,8.4452648,9.4636431,10.241406,11.972957,13.180026000000002,12.634069,11.455484,11.470816,11.316965,12.948749,12.506742,12.71143,10.907223,11.565052,12.138791,11.056952,7.805799499999999,3.8331439,2.020375,0.75976562,2020-08-25 09:51:40.302,Vehicle Movement,0.6806349158,,,,,,,,,,,,,,,,
0.39256379,0.3523829,0.34216666,0.24875975,0.31456071,0.3386384,0.32478842,0.334622,1.3730475,1.2916126,1.4656973,0.55893028,0.45608953,0.74366719,0.8667201999999999,1.458799,2.5448294,2.7839837000000003,4.2189865,7.444952499999999,6.0421324,3.9390268,4.539782499999999,5.9883986,5.7135849,4.2125125,2.4662287,3.5907216,3.3578775000000003,3.6820064,5.4235249,6.4225407,7.198258900000001,7.2102914,8.1925793,8.2858238,7.7189651,6.8957143,6.7946887,6.2381492,6.799123299999999,6.6948547000000005,6.0981932,4.323698,2.2027836,1.1185092,0.3611052,2020-08-25 09:51:40.543,Vehicle Movement,0.6806349158,,,,,,,,,,,,,,,,
0.52847862,0.53985196,0.49358568,0.47327566,0.5762381,0.89811862,0.82101059,1.048074,1.2912079,1.838115,3.1267805,4.183176,3.5169057999999995,5.090046900000001,4.6190619,7.040666099999999,6.4304652,5.5873513,5.9494762,10.046233,10.85451,19.521112,30.009306,35.824665,40.55542,34.3689,34.822029,33.217209000000004,33.515163,27.057093,22.571262,18.316393,21.129154,20.853123,19.184465,12.738752,14.74634,15.203273,16.641363000000002,12.88816,10.652778,7.7027769,6.364112400000001,4.6885953,1.7154179,0.4998717,0.46612883,2020-08-25 09:51:40.783,Vehicle Movement,0.6806349158,,,,,,,,,,,,,,,,
0.4092083,0.70991433,0.80512297,0.62879831,0.76594299,0.98383284,0.77903891,0.78060299,0.98186582,1.3754265,3.6726036,3.796123,6.6702976,14.003639000000002,14.815804,11.003395,10.923979,10.67541,26.648636,41.824368,50.713833,51.192581,46.304413,42.541935,37.490978000000005,41.812515000000005,47.803688,48.74411,45.135208,39.355762,36.329182,35.10743,37.013721,36.868347,33.81517,28.556437,34.924957,34.95636,34.683083,24.766874,19.265247,16.215881,14.123382,10.840002,5.3747745,1.1501743,1.4836627,2020-08-25 09:51:41.024,Vehicle Movement,0.6806349158,,,,,,,,,,,,,,,,
0.39980799,0.73591393,0.90891176,0.75925082,1.5287594,2.7498291,2.882093,1.8154995,1.5933356,1.4728258,2.2593403,2.2753463,3.7790463,10.785052,14.681167000000002,13.989308,17.310438,12.424242,22.481514,35.917278,41.971573,39.363277,34.387867,31.593672,27.842594,25.651527,33.099247,35.943672,30.357344,23.593916,21.493933,17.965771,15.861444,15.782862,13.497797,11.562151,13.169767000000002,14.527498,15.467935,12.414407,9.214443199999998,8.4644079,7.777482000000001,5.978539,2.9643266,0.67358035,2.3689158,2020-08-25 09:51:41.264,Vehicle Movement,0.6806349158,,,,,,,,,,,,,,,,
0.35397369,0.92426223,0.84519118,0.63475215,1.5084245,3.1630726000000005,2.5425843999999995,1.389069,1.1832873,1.0937908,1.0655268,1.9709671,8.9954977,13.769052,12.411508,10.7551,13.804129,12.691711,16.989964999999998,20.627926,26.450872,27.246445,25.404261,21.242193,17.053895999999998,21.026562,27.381218,28.888384,26.075098,20.584066,18.900169,18.438833,17.576515,18.283791,13.555262,7.579737700000001,5.3328404,5.020093,5.7548485000000005,5.8625345,5.4562836,4.3126354000000005,2.9224741,1.8548636000000005,0.91111392,0.21396163,1.2491683,2020-08-25 09:51:41.504,Vehicle Movement,0.6806349158,,,,,,,,,,,,,,,,
0.39750466,0.54215956,0.54333401,0.76521909,1.4372985,2.6274145,2.094924,2.1907252999999995,3.5271323,3.5495346,3.3247483,3.6946909,4.9677467,4.3822031,3.8837395,3.2997222,4.364285,3.9111636,5.168020200000001,6.274615799999999,8.045846000000001,8.2878408,7.727484700000001,9.3619804,7.7150588,6.6054072,8.3288393,8.787287699999998,7.931541,6.2612748,5.749065900000001,5.608736,5.346436499999999,5.5615759,4.1244054,2.3155062,1.9339417,2.4632859000000003,2.1555464,1.9600741,1.6974372,1.3339792,0.93014467,0.62186092,0.50617093,0.44529405,0.44173676,2020-08-25 09:51:41.745,Vehicle Movement,0.6806349158,,,,,,,,,,,,,,,,
0.7163772,1.3390521999999998,1.2131381,0.97036779,0.70604378,1.0893213,1.3059808000000002,1.7394906000000003,2.1465821,1.9268144,2.0061436,2.0873172,1.5110924,1.3329813,1.5283825,1.5172504,1.5014287,1.2624583,1.5720119,1.9086167,2.4473903,2.5888987,2.9614756,3.8345672999999993,3.1600063,2.7055049,2.5334721,2.6729228,2.4126215,1.904559,1.7487547,1.7060696,3.0821254,5.1580386,5.0426078,4.0933976,2.3680978,1.4525969,0.69144994,0.64202994,0.57774103,0.43176153,0.37432265,0.54600388,0.80774283,1.0288754,0.57979047,2020-08-25 09:51:41.985,Vehicle Movement,0.6806349158,,,,,,,,,,,,,,,,
2.7343898,2.5875258,1.8868573,2.5719428,3.0764067,0.55705565,1.5892446000000002,2.6558244,5.5539484,14.008326,18.096609,22.837605,19.988068,20.395718,16.998959,15.258743,8.236159299999999,5.1917334,2.4872577,3.8918259,10.567292,15.664078,17.507935,17.132294,21.611109,22.895149,22.729794,20.783909,23.402788,26.228416,29.51692,28.088907,29.169071,28.595057,29.353731,27.4856,23.85738,21.271875,16.254532,11.132446,7.6321688,4.752246400000001,3.1768837000000003,1.7272339,2.2968998,3.899276,4.2559385,2020-08-25 09:51:42.225,Vehicle Movement,0.6806349158,,,,,,,,,,,,,,,,
3.8065012,7.8032708,10.139609,13.655868,15.179951999999998,14.64112,13.831809,7.782313799999999,3.0873065,4.6321716,5.9305968,7.881184599999999,7.6776743,7.6599178,5.9373474,5.0862694,2.8446276000000004,2.3836021,2.1438875,1.9045074,3.2143657,4.764709,5.325574400000001,5.2961206,7.5672402,9.1373291,9.0658941,8.6235008,8.4596119,8.7910938,10.399935,10.749023,12.437684,12.516787,11.269029,9.571353,8.260198599999999,7.397688900000001,5.8334408,3.5439749,2.9069495,2.0535271,1.3255883,1.5568628,2.424094,2.8438253,2.4781311,2020-08-25 09:51:42.466,Vehicle Movement,0.6806349158,,,,,,,,,,,,,,,,
1.3087215,2.7060695,4.1530762,5.626617,6.1791587,5.9968472,5.6653614,3.1875532000000004,0.93909901,1.409017,1.8039727,2.4090059,2.8261027000000003,2.7694905,2.1216938,2.5057378,3.0211093,5.463931099999999,7.9758921,8.009646400000001,11.113499,11.43448,5.8156562,3.2722347000000003,2.3018086,2.7793992000000003,2.7576702,2.6231022,5.882741,8.0835524,12.057242,15.865882,16.170454,15.192004999999998,11.889365,9.7839117,10.692863,9.3624401,7.0698204,2.9753709,3.161443,4.3154979,3.0337293,1.9048592,1.6285537,1.7923401999999995,1.9038365,2020-08-25 09:51:42.706,Vehicle Movement,0.6806349158,,,,,,,,,,,,,,,,
0.53988218,0.95688599,1.3087167,1.7371801,2.4734259,3.9939773,4.8815026,4.1726465,2.6396441000000004,6.9335556,8.452157000000001,8.2931662,8.289130199999999,8.9827166,10.147707,11.055677,12.614542,13.613039,13.898337,13.519637,16.986139,18.813881,16.110565,13.164415,10.189348,7.0865564,3.0467806,1.4012931999999998,2.4095082000000003,3.3109374,4.9385176,6.4984965,6.6232452,6.2224832,4.8697577,4.0506415,4.3892312,3.8347554,3.0233746,1.6409936,1.7436174,2.3801081,1.6731798999999998,1.0505788,0.77685374,0.78835481,0.97613084,2020-08-25 09:51:42.947,Vehicle Movement,0.6806349158,,,,,,,,,,,,,,,,
0.59550285,0.75143749,0.63916647,0.77833241,1.8368843,2.9661183,3.6252367,3.0988069,1.9603256,2.2963624,2.5943041,2.7349889,2.9798191000000003,3.1673763,3.4215813,3.7977314,4.4052968,5.3200054,4.512803099999999,4.129340200000001,5.1795464,5.7332883,4.9005208,4.0043607,3.1533329,2.2272971,3.2408853,4.8847542,3.0561447,1.8655895,1.654465,2.0490935,2.3872848,2.585856,1.6437116000000005,1.2436115,1.7132078000000002,1.7948406000000003,1.5928655,0.64216447,0.53037465,0.72398299,0.50894904,0.40462744,0.25128427,0.28992894,0.53836125,2020-08-25 09:51:43.187,Vehicle Movement,0.6806349158,,,,,,,,,,,,,,,,
0.49504122,0.31832328,1.0625869,1.1689866000000002,2.2433743,3.3093903,6.237131099999999,9.9180031,13.716792000000002,12.195178,11.148507,8.4887285,6.4723759,5.8762126,4.2562065,5.0425382,4.5427356,5.3029242,4.8518224000000005,3.802146,2.790242,2.4243765,2.557148,4.795207,6.351871,5.3634176,6.097632900000001,5.2873302,4.940224199999999,6.6425109,8.148505199999999,6.3180218,2.6375303,1.9639789,1.5344846,1.2956558,1.2501978,1.0809157,0.88311315,0.43113726,0.31555599,0.26988673,0.23646985,0.16722883,0.131119,0.12316447,0.27017364,2020-08-25 09:51:43.427,Vehicle Movement,0.6806349158,,,,,,,,,,,,,,,,
0.51408243,0.39547986,1.984983,2.0455773,4.135491399999999,13.657011,19.960411,25.708157,26.090466,20.176813,13.780452,16.231071,16.340513,15.700895,14.037293,13.944462,17.256702,18.34445,20.470142000000003,18.640574,19.554892,19.105091,18.893019,17.657516,17.204268,15.26857,14.098376000000002,10.467425,7.3426871,3.8898659,5.7353287,4.939334400000001,7.1544328,9.8525848,11.152287,9.5163698,4.1651564,2.1516092,1.2875148,0.32916051,0.2102813999999999,0.24584846,0.23191515,0.095845446,0.097380862,0.3376627,0.51177371,2020-08-25 09:51:43.668,Vehicle Movement,0.6806349158,,,,,,,,,,,,,,,,
0.56650263,0.3933492,0.66744757,0.71832186,1.2779531000000002,4.154198200000001,6.071570400000001,7.819922900000001,7.936215400000001,6.1373949,4.2651992,5.0282845,5.2227426,4.9784193,4.5511189000000005,4.938627200000001,6.1324677,6.363299400000001,6.8267007,6.7048807,7.6000061,8.8083487,8.024299599999999,7.081419,5.5165696,8.0094595,12.192595,15.033465,13.611432,13.190584,13.154146,12.010709,10.136394,8.6035557,8.0112247,8.434804,7.9182162,5.0814371,2.6143618,1.7878221,1.6935116999999995,1.4888556999999998,1.479632,1.6057452,1.4002225,1.1275326,0.41888019,2020-08-25 09:51:43.908,Vehicle Movement,0.6806349158,,,,,,,,,,,,,,,,
10.107209,11.390745,11.339857,10.391863,16.509102,33.321888,40.743763,44.82222,46.295292,61.457729,70.284538,90.326103,99.816849,119.95695,121.70927,110.62081,92.261581,90.393501,95.567375,99.537285,118.75632,141.46434,148.41154,141.40633,122.72812,128.81079,148.45445,176.90141,185.38672,186.6109,180.71132,190.03261,228.03882,262.38037,241.56856,186.95082,103.53345,62.983784,16.617017999999998,4.4726586,2.3232615,2.861702,6.937607300000001,6.7273765,5.932333900000001,1.7985296999999998,0.89066762,2020-08-25 09:51:44.149,Vehicle Movement,0.6806349158,,,,,,,,,,,,,,,,
12.930213,14.318839,15.902266,14.687659,17.453382,26.12007,33.659389000000004,48.423054,64.662865,92.259163,111.62015,139.25615,143.46024,157.31902,156.8611,157.07907,156.25786000000002,146.9129,156.97212,183.9536,224.25458,236.54279,220.64905,190.45692,164.0168,156.71565,177.25482,203.74846,217.27225,208.92818,210.29715,202.9982,234.03168,250.16718,227.43407,167.97385,99.042709,65.319351,32.335953,18.534187,18.579527,19.500412,21.114658,20.355465,14.968370000000002,10.041469,3.4633017,2020-08-25 09:51:44.389,Vehicle Movement,0.6806349158,,,,,,,,,,,,,,,,
4.5229664000000005,5.6436343,5.5099683,5.2576594000000005,5.8712544,9.5211143,11.606878,15.310767000000002,21.296934,29.112337,34.076159999999994,42.359016,43.637817,47.951462,47.924896,48.015873,47.579449,44.715584,48.01305,56.98585500000001,69.13110400000001,72.238052,67.486885,58.310577,50.062099,48.48283,54.875462,62.630390000000006,66.361122,63.56199599999999,63.968315,61.748108,71.294937,76.428505,69.39651500000001,51.11446,30.271421000000004,20.102016,10.598712,5.8542066,5.8712602,6.471733599999999,6.8279028,6.529604900000001,4.5690169,3.4999254,1.9166651,2020-08-25 09:51:44.629,Vehicle Movement,0.6806349158,,,,,,,,,,,,,,,,
1.3770757,1.7840875,1.7294644,1.6908076,2.1893096,3.9952245,4.8003221,6.2188129,6.963667900000001,9.4085369,10.976547,16.361719,19.447161,18.837112,15.990098,15.149969,15.807384,15.215503,16.325798000000002,19.498352,25.346207,27.043539000000003,24.999022,20.637026,18.471046,17.616589,19.899582,21.591963,23.297911,22.717218,23.035343,21.412313,22.624687,23.613981,21.109076,15.548026,9.2079792,6.114643599999999,3.2239237000000003,2.0114567,2.087702,2.0936756,2.1575303,2.003649,1.3898063,1.1002674,0.62813872,2020-08-25 09:51:44.870,Vehicle Movement,0.6806349158,,,,,,,,,,,,,,,,
0.5470716999999999,0.67155612,3.2306314,4.0844946,6.8043337,10.786885,12.327949,9.5718546,3.5282919,3.7337549,4.4270358,7.355377199999999,9.096443199999998,8.8935175,13.270416,18.151503,22.767826,22.293144,23.771896,23.017942,25.929556,20.614716,18.026991,11.586822,9.0148258,5.4611139,6.0530682,7.328252799999999,9.8923454,10.444546,12.045544,11.944595,13.209424,12.19397,8.637922300000001,5.660557700000001,5.0725508,4.997541,6.139709900000001,3.8777769,1.7833691000000005,1.2741592,1.7504892,1.7928132,1.8525243,1.4705323,0.70494902,2020-08-25 09:51:45.110,Vehicle Movement,0.6806349158,,,,,,,,,,,,,,,,
0.94398141,0.80038434,2.4640055,3.0782702,5.0746965,8.0108557,9.155324,7.1085167,2.6202781,2.4243107000000004,3.2877281000000003,5.4624548,6.7554526,6.6047511,9.8552446,13.480173,16.908476,16.555951999999998,17.654144,17.094220999999997,19.256527,19.557823000000003,18.137915,13.550243,13.300432,12.375076,13.524273999999998,14.442617000000002,15.088675,16.338604,15.126028,12.071414,9.809948,9.2008619,8.1049509,4.4645524000000005,3.7671187000000006,3.7114127,4.5596414,2.8798223,1.3244152,0.57230896,0.78579944,1.0136263,1.283056,1.1643727,0.95987475,2020-08-25 09:51:45.350,Vehicle Movement,0.6806349158,,,,,,,,,,,,,,,,
0.31140387,0.24346146,0.78436977,1.2586645,1.5742464,2.5134301,2.8300881,2.4107056,1.1949722,1.2327659,1.0000633,1.6615731,2.1711378,2.1350152,3.184454,4.1507459,5.1889338,5.0359998,5.733479,6.659977900000001,10.162992,10.786642,10.003527,7.473307099999999,7.3355293,6.8251739,7.4589853,7.9654741,8.3217916,9.0111599,8.3423939,6.657696700000001,4.9816213,5.074512,4.470089,2.4623156,1.5454962,1.3653572,1.576072,0.92770112,0.58431488,0.455901,0.51025164,0.6000551,0.51543427,0.48499694,0.29819936,2020-08-25 09:51:45.591,Vehicle Movement,0.6806349158,,,,,,,,,,,,,,,,
0.31932914,0.11451897,0.32082054,0.4912005999999999,0.5242452000000001,0.77038008,0.86085814,0.73329002,0.38834906,0.50492787,0.38680696,0.80708724,1.3582649,1.4489833,1.6626554,1.6904001,1.6197245,1.5462711,1.7440133999999998,2.0258365,3.0913854,3.2810876,3.0428791,2.2732358,2.2313266,2.0760858,2.2688792,2.448642,2.531924,2.75915,2.5409484,2.0251422,1.5153127,1.5516971000000002,1.4491268,1.6586057,1.563233,1.227001,0.49105117,0.44796774,0.3436563,0.32151386,0.34087747,0.38683513,0.37416357,0.36055428,0.27160165,2020-08-25 09:51:45.831,Vehicle Movement,0.6806349158,,,,,,,,,,,,,,,,
0.48104176,0.22532454,0.34687465,0.64760715,0.96765691,1.1472653999999998,1.2777851,0.88506138,0.42976165,0.53819203,0.31219649,0.34995666,0.41416278,0.45170486,0.51127726,0.56494558,0.54265296,0.66032338,0.66874784,0.64723039,0.94033968,0.99804354,0.92558503,0.69147444,0.67872638,0.63150525,1.0057926,2.3520341,2.487757,2.2741351,1.3897736,0.95468354,0.59783292,0.68732846,0.55899841,0.58413708,0.52879053,0.50725406,0.26884013,0.35337415,0.32153517,0.2589775,0.28978267,0.32204783,0.45054808,0.55454189,0.50874317,2020-08-25 09:51:46.072,Vehicle Movement,0.6806349158,,,,,,,,,,,,,,,,
0.40299305,0.48197162,0.72777867,0.77291071,0.8497416999999999,0.77345145,3.0293498,4.1668735,4.0929732,2.8060095,0.53855449,0.21318018,0.23985466,0.32449231,0.32786936,0.36647087,0.41249958,0.67181534,1.0660743,1.7443479,3.2564876,4.5103841,5.4889727,5.3663397,4.5082836,4.008532,4.483792299999999,5.8728766,7.5037413,9.4115772,11.934478,13.368999,12.98466,13.881193,10.959168,8.656599,3.8985519,1.9134011,0.54143023,0.24400291,0.25317112,0.20166861,0.28184912,0.4509694,0.68660009,0.76089072,0.72068149,2020-08-25 09:51:46.312,Vehicle Movement,0.6806349158,,,,,,,,,,,,,,,,
0.30633745,0.29356351,0.42784598,0.4700402,0.53178477,0.53739268,1.3728909,1.4057708,1.3017594,1.0565642,1.2722257,2.0864458,1.7590779,1.3924545,0.99888635,0.81691986,0.94698805,1.2867781,0.73771983,0.96903592,1.6271482,2.0233326000000003,2.4131618,2.2172108,3.0011232000000003,4.814893700000001,6.594213000000001,6.5569053,4.972332499999999,4.3915386,5.117794,5.6393275,5.5198498,9.2196617,6.8051901,5.0462475,4.9113474,3.850831,1.5916989,0.46720684,0.31652224,0.3312292999999999,0.43951586,0.41105905,0.43808201,0.49494413,0.43320167,2020-08-25 09:51:46.552,Vehicle Movement,0.6806349158,,,,,,,,,,,,,,,,
0.26523677,0.47565702,0.46421278,0.75877595,1.7237843000000002,1.8217722,2.0220213,0.4808667,0.45428172,1.0776186,3.6423209,4.1055861,5.727322099999999,5.526660400000001,6.1075315,6.0829363,6.1117358,6.3374181,3.7757068,4.356167299999999,5.828702900000001,6.4617648,7.495325599999999,9.2786245,9.4962788,9.206662199999998,9.895772,10.783208,12.998077,12.844637,15.736587,17.603924,20.738756,24.43475,20.884949,16.117601,8.2740412,4.7710447,1.2335796,0.38239992,0.28310698,0.30650488,0.25783652,0.34657583,0.48075175,0.50420833,0.38079754,2020-08-25 09:51:46.793,Vehicle Movement,0.6806349158,,,,,,,,,,,,,,,,
3.9895198,15.511109,21.262514000000003,23.616463,24.228716,25.326883,23.444897,22.813787,16.872227,15.205738,15.033278,16.701881,17.680866,13.97913,11.429263,5.0625553,4.981904,5.4490838,5.2843919,8.508928300000001,9.7759285,7.5823803,5.8595762,8.6380405,11.55934,15.448309,18.117403,20.878366,19.668634,18.733242,19.932495,22.801304,28.976185,34.864578,33.891434000000004,27.312891,20.082005,12.51639,7.3637891,2.8942363,2.1099052000000005,1.2405965,4.836264599999999,6.7274175000000005,5.822226000000001,2.0736439,0.83697897,2020-08-25 09:51:47.033,Vehicle Movement,0.6806349158,,,,,,,,,,,,,,,,
2.9628074,11.519292,15.790558,17.553581,17.993402,18.808954,17.411297,16.942608,12.540376,12.389455,12.829092,16.861465,16.596436999999998,13.067231,10.292982,4.0941157,3.2153313,3.1238534,4.0603805,6.3191361,7.260072200000001,5.6310377,3.4623878,4.9132166,7.0838308,9.6674137,9.896282199999998,10.030203,10.199077,9.6149588,7.676781200000001,8.611560800000001,11.233214,12.757835,11.55407,8.3633099,6.127106700000001,3.821332,2.4942284,1.8061293,0.98098737,0.5760751999999999,2.1094649,3.0189049,2.6590586,1.1752763000000002,0.58174193,2020-08-25 09:51:47.273,Vehicle Movement,0.6806349158,,,,,,,,,,,,,,,,
1.0042286,3.5134606,4.803181200000001,5.339459400000001,5.5333352,5.7718072,5.3195295,5.153613099999999,3.8561826,3.7686315,3.9023609,5.2471037,5.0853715,4.0072951,3.4977636,3.0439990000000003,4.8064752,5.6787348,6.635971499999999,5.8057928,5.6073003,3.8352737,1.7233704,2.1344965,2.9028504,4.0195909,4.1252747,4.1318641000000005,4.8944521,5.2917719000000005,4.126918799999999,3.9461701,3.7505212,4.1558828000000005,3.536746,2.543957,1.8637471,1.1623753,0.81649965,0.67700624,0.60333031,0.47103989,0.72978419,0.95176244,0.84790784,0.46530733,0.28764063,2020-08-25 09:51:47.514,Vehicle Movement,0.6806349158,,,,,,,,,,,,,,,,
0.39279136,1.0979444,1.4610348,1.6241598999999998,1.6898605,1.7556718999999998,1.6986799,1.8796192,1.5866008,1.5717363000000002,1.3423341999999998,1.6876567999999998,1.5567448,1.2504228000000002,1.1833668,0.92592573,1.4620368,1.7273611,2.0185342,1.7660096999999997,1.7203244999999998,1.3553795,3.0606279,4.7247796,7.029533900000001,7.040312299999999,5.5781903,3.4661281,3.1026011,2.487535,2.2422333,2.1289299,2.0042317,2.0974717000000003,1.8202138,2.2470734,2.0053935000000003,1.4912456,0.54343969,0.33458591,0.26549846,0.2921927,0.26970786,0.39994806,0.32504085,0.30206192,0.16582404,2020-08-25 09:51:47.754,Vehicle Movement,0.6806349158,,,,,,,,,,,,,,,,
0.31548613,0.46659115,0.51741469,0.72564811,0.83426541,0.70545679,0.56812125,0.59733152,0.48271322,0.47809178,0.41033596,0.60027874,0.77923965,0.96215403,1.1322501,2.028857,2.6923268,3.5924132000000006,3.0445867,1.4666991000000005,0.75263035,0.74752665,1.6880151,2.6058373,3.8769691,3.8829134,3.0765157000000003,1.9116591,1.7111645,1.3719395,1.2366493,1.1741595,1.1053854,1.1568097,1.0038947,1.2628226,1.1060261999999998,0.82246029,0.29972097,0.20539103,0.33394545,0.27601689,0.21181855,0.25746536,0.43462172,0.47777998,0.42751074,2020-08-25 09:51:47.995,Vehicle Movement,0.6806349158,,,,,,,,,,,,,,,,
,,,,,,,,,,,,,,,,,,,,,,,,,,,,,,,,,,,,,,,,,,,,,,,05:42:38.005000,Manual Digging,0.6806349158,0.3422560999999999,0.24602263,0.35305893,0.37954381,0.35731304,0.47514269,0.33841068,0.53549582,0.53383577,0.59212631,0.46847641,0.5433405,0.56440854,0.27451977,0.20048362,0.18624008
,,,,,,,,,,,,,,,,,,,,,,,,,,,,,,,,,,,,,,,,,,,,,,,05:42:38.245000,Manual Digging,0.6806349158,0.55209786,0.36721072,0.22163481,0.22966944,0.27110219,0.50850236,0.4349622999999999,0.27723685,0.33823279,0.29841927,0.39188659,0.7108621,0.73586047,0.50823188,0.37987036,0.30787474
,,,,,,,,,,,,,,,,,,,,,,,,,,,,,,,,,,,,,,,,,,,,,,,05:42:38.486000,Manual Digging,0.6806349158,0.42663124,0.2988714,0.25900784,0.18975496,0.19141901,0.39355323,0.48906738,0.2883934999999999,0.34877011,0.37470871,0.41003799,0.67718202,0.78192186,0.38103464,0.38662422,0.25929946
,,,,,,,,,,,,,,,,,,,,,,,,,,,,,,,,,,,,,,,,,,,,,,,05:42:38.726000,Manual Digging,0.6806349158,0.32080299,0.24214016,0.29336202,0.20537566,0.1846053999999999,0.40077394,0.51538873,0.58750868,0.61510563,0.57272261,0.40128487,0.31031853,0.37022114,0.28499946,0.34168309,0.40333319
,,,,,,,,,,,,,,,,,,,,,,,,,,,,,,,,,,,,,,,,,,,,,,,05:42:38.966000,Manual Digging,0.6806349158,0.68899494,0.61459821,0.31444117,0.28002223,0.2521596,0.46198288,0.43810698,0.51995134,0.53843969,0.61149144,0.58011967,0.30449447,0.23890227,0.33176908,0.34809655,0.36818942
,,,,,,,,,,,,,,,,,,,,,,,,,,,,,,,,,,,,,,,,,,,,,,,05:42:39.207000,Manual Digging,0.6806349158,0.34362742,0.39443034,0.25413513,0.29515663,0.24264294,0.43741086,0.51156175,0.65471584,0.66297477,0.63756603,0.59420216,0.33295125,0.31956732,0.58843821,0.49874574,0.48818129
,,,,,,,,,,,,,,,,,,,,,,,,,,,,,,,,,,,,,,,,,,,,,,,05:42:39.447000,Manual Digging,0.6806349158,0.37350336,0.3658224,0.40377647,0.36751121,0.23571791,0.25708419,0.43070504,0.69909877,0.71880412,0.58459806,0.40374652,0.32832992,0.26960075,0.4453879,0.43749306,0.44451463
,,,,,,,,,,,,,,,,,,,,,,,,,,,,,,,,,,,,,,,,,,,,,,,05:42:39.687000,Manual Digging,0.6806349158,6.4310122000000005,5.4156666,4.926206099999999,5.721536599999999,11.925246,17.668249,17.779003,16.181425,13.711315,12.72284,6.8966289000000005,1.8636516,2.0236986,2.2385495,2.3893857000000005,2.9757972
,,,,,,,,,,,,,,,,,,,,,,,,,,,,,,,,,,,,,,,,,,,,,,,05:42:39.928000,Manual Digging,0.6806349158,7.5617461,5.1799307,6.0262532,6.674414200000001,8.5289335,8.8388081,8.6786575,11.06488,11.035706,11.45617,5.491025,1.5786505,1.0448104,1.102494,1.3319604,1.5637101999999998
,,,,,,,,,,,,,,,,,,,,,,,,,,,,,,,,,,,,,,,,,,,,,,,05:42:40.168000,Manual Digging,0.6806349158,2.3001368,1.5983015,1.8330694,2.0302277,2.5943367000000004,2.7054129,2.6630063,3.3695621,3.3591323,3.5496161,1.6702635,0.48019493,0.44200373,0.44494709,0.50949419,0.6593343
,,,,,,,,,,,,,,,,,,,,,,,,,,,,,,,,,,,,,,,,,,,,,,,05:42:40.409000,Manual Digging,0.6806349158,0.72295398,0.48617235,0.65530586,0.7349304,0.84745872,0.83698636,0.86342251,1.0249556999999998,1.021783,1.0797243,0.52250558,0.28200185,0.2642374,0.21646339,0.33697471,0.44441018
,,,,,,,,,,,,,,,,,,,,,,,,,,,,,,,,,,,,,,,,,,,,,,,05:42:40.649000,Manual Digging,0.6806349158,0.47191775,0.35821396,0.32613459,0.37459669,0.34453693,0.46586534,0.39662388,0.46908736,0.53489137,0.54401374,0.45678204,0.33976439,0.30202392,0.37791359,0.39776668,0.37463409
,,,,,,,,,,,,,,,,,,,,,,,,,,,,,,,,,,,,,,,,,,,,,,,05:42:40.889000,Manual Digging,0.6806349158,0.39924726,0.32195377,0.26084954,0.29389977,0.30282277,0.30896986,0.2425127,0.47668067,0.7001797,0.68218428,0.50848377,0.28137198,0.2301226,0.28868315,0.3171184999999999,0.29367104
,,,,,,,,,,,,,,,,,,,,,,,,,,,,,,,,,,,,,,,,,,,,,,,05:42:41.130000,Manual Digging,0.6806349158,0.40018478,0.3978065,0.28367686,0.18088393,0.25254488,0.22722363,0.20009704,0.39986819,0.56570512,0.55809492,0.48890677,0.31874472,0.19971593,0.26581347,0.35883513,0.26162824
,,,,,,,,,,,,,,,,,,,,,,,,,,,,,,,,,,,,,,,,,,,,,,,05:42:41.370000,Manual Digging,0.6806349158,0.71500307,0.447768,0.24732566,0.24579746,0.53169966,0.42837706,0.31231123,0.39575917,0.56761545,0.64800131,0.79316676,0.54566038,0.24033391,0.23626269,0.54270798,0.32572752
,,,,,,,,,,,,,,,,,,,,,,,,,,,,,,,,,,,,,,,,,,,,,,,05:42:41.610000,Manual Digging,0.6806349158,0.5634805,0.35585785,0.3307741,0.26803371,0.4902778,0.42373347,0.3408848,0.50329512,0.5887481,0.61188704,0.61778879,0.42252657,0.24434486,0.24024916,0.38515121,0.41170257
,,,,,,,,,,,,,,,,,,,,,,,,,,,,,,,,,,,,,,,,,,,,,,,05:42:41.851000,Manual Digging,0.6806349158,0.46768203,0.29716924,0.49894062,0.42062327,0.54379112,0.45749551,0.52977228,0.76123655,0.77102894,0.66937208,0.44128758,0.26275471,0.16481969,0.25055239,0.32312053,0.44324127
,,,,,,,,,,,,,,,,,,,,,,,,,,,,,,,,,,,,,,,,,,,,,,,05:42:42.091000,Manual Digging,0.6806349158,0.67124271,0.76065469,0.78382874,1.135663,1.8616822,2.2718699,1.8729581,2.2070937,2.9817767,3.4553425000000004,3.178575,3.0984147,3.4797106,3.302434,2.5345819,2.0933423
,,,,,,,,,,,,,,,,,,,,,,,,,,,,,,,,,,,,,,,,,,,,,,,05:42:42.332000,Manual Digging,0.6806349158,8.8596783,6.1854177,6.208983900000001,5.7509022000000005,3.407259,6.0281129,7.301332,10.836844,12.592586,15.341154,11.037933,8.933980900000002,5.6451764,6.8689594,6.004996299999999,4.4530687
,,,,,,,,,,,,,,,,,,,,,,,,,,,,,,,,,,,,,,,,,,,,,,,05:42:42.572000,Manual Digging,0.6806349158,4.7384019,3.3372436000000003,2.7810819,2.5568535,1.6355263,4.4767642,5.4223175,8.0479584,9.083169,9.7928963,5.905434099999999,4.0828958,2.3618739,2.3766592,2.1103572999999995,2.0220957
,,,,,,,,,,,,,,,,,,,,,,,,,,,,,,,,,,,,,,,,,,,,,,,05:42:42.812000,Manual Digging,0.6806349158,1.5766236,1.113149,1.165507,1.0920508999999998,0.87553436,1.3698444,1.6861932000000002,2.7739079,3.2283063,3.485472,2.3363066000000003,1.4504254,0.88320768,0.73152506,0.70018703,0.75092894
,,,,,,,,,,,,,,,,,,,,,,,,,,,,,,,,,,,,,,,,,,,,,,,05:42:43.053000,Manual Digging,0.6806349158,0.66726261,0.46474111,0.52058882,0.52076209,0.42756701,0.48307917,0.56511992,1.7790861,2.0612962,2.1173987000000003,1.2757465,0.50657696,0.50372428,0.40970734,0.36637723,0.44999045
,,,,,,,,,,,,,,,,,,,,,,,,,,,,,,,,,,,,,,,,,,,,,,,05:42:43.293000,Manual Digging,0.6806349158,0.48824075,0.31916109,0.37908599,0.38933,0.4113512,0.36233288,0.38823193,0.55927765,0.70232749,0.77796638,0.7173084,0.42009729,0.41122356,0.45405096,0.42354253,0.46684471
,,,,,,,,,,,,,,,,,,,,,,,,,,,,,,,,,,,,,,,,,,,,,,,05:42:43.534000,Manual Digging,0.6806349158,0.47898868,0.34533423,0.31139305,0.40802172,0.26914597,0.29415697,0.19360059,0.29626697,0.39611459,0.45581821,0.42568484,0.48299283,0.32831103,0.4307549,0.32332954,0.26801899
,,,,,,,,,,,,,,,,,,,,,,,,,,,,,,,,,,,,,,,,,,,,,,,05:42:43.774000,Manual Digging,0.6806349158,0.39900115,0.40021428,0.46537441,0.53798449,0.37963116,0.37995958,0.30457753,0.47749591,0.53483236,0.53835976,0.4334949,0.37813184,0.22865058,0.34791374,0.30973658,0.32209873
,,,,,,,,,,,,,,,,,,,,,,,,,,,,,,,,,,,,,,,,,,,,,,,05:42:44.014000,Manual Digging,0.6806349158,0.41810608,0.42232141,0.4805522,0.40769681,0.24909507,0.42177692,0.31139925,0.55239892,0.67555654,0.81454551,0.71300507,0.34455642,0.48323557,0.26875529,0.25039387,0.21326338
,,,,,,,,,,,,,,,,,,,,,,,,,,,,,,,,,,,,,,,,,,,,,,,05:42:44.255000,Manual Digging,0.6806349158,0.26502413,0.29481068,0.32473648,0.31726333,0.26808029,0.44659767,0.3292222,0.84684026,0.96769571,1.0611984,0.72760993,0.42366189,0.43990815,0.30227068,0.29908109,0.31738994
,,,,,,,,,,,,,,,,,,,,,,,,,,,,,,,,,,,,,,,,,,,,,,,05:42:44.495000,Manual Digging,0.6806349158,0.32001457,0.2474228,0.28149563,0.29686967,0.25740138,0.39243072,0.47518635,1.0807866000000002,1.1726071000000002,1.2013962,0.77535045,0.52948922,0.3965337,0.36532965,0.48000887,0.41383731
,,,,,,,,,,,,,,,,,,,,,,,,,,,,,,,,,,,,,,,,,,,,,,,05:42:44.735000,Manual Digging,0.6806349158,0.51282787,0.31160605,0.37096906,0.42382288,0.35102457,0.46899667,0.45078975,0.95569032,0.97972935,0.92668092,0.59005195,0.45350534,0.39189905,0.46192175,0.56097585,0.51022571
,,,,,,,,,,,,,,,,,,,,,,,,,,,,,,,,,,,,,,,,,,,,,,,05:42:44.976000,Manual Digging,0.6806349158,0.42028475,0.2471226,0.27549934,0.31787497,0.31067774,0.36057037,0.37198317,0.70974135,0.73870367,0.74691087,0.36023077,0.39200169,0.42966652,0.38289559,0.45106024,0.40102988
,,,,,,,,,,,,,,,,,,,,,,,,,,,,,,,,,,,,,,,,,,,,,,,05:42:45.216000,Manual Digging,0.6806349158,0.43577617,0.41357455,0.42698464,0.44151199,0.37384674,0.30106887,0.25227603,0.60481417,0.63388115,0.6860670999999999,0.44882944,0.40525016,0.37341112,0.4171063,0.43238923,0.39312273
,,,,,,,,,,,,,,,,,,,,,,,,,,,,,,,,,,,,,,,,,,,,,,,05:42:45.457000,Manual Digging,0.6806349158,0.40418252,0.54143631,0.33934247,0.37353718,0.35051641,0.27767828,0.27404523,0.61064994,0.69343036,0.75082701,0.53651178,0.54650915,0.32129592,0.33331802,0.39394543,0.3110850999999999
,,,,,,,,,,,,,,,,,,,,,,,,,,,,,,,,,,,,,,,,,,,,,,,05:42:45.697000,Manual Digging,0.6806349158,0.5794695,0.41836232,0.32349542,0.3046498,0.3230097,0.38759547,0.40673608,0.8099243,0.91779745,0.88439393,0.57460052,0.59577227,0.40374669,0.39640734,0.52129906,0.56571102
,,,,,,,,,,,,,,,,,,,,,,,,,,,,,,,,,,,,,,,,,,,,,,,05:42:45.937000,Manual Digging,0.6806349158,0.61186665,0.35363209,0.30442119,0.27322021,0.41339901,0.39819452,0.36833978,0.61226064,0.53483456,0.54678333,0.45817494,0.36276412,0.37839097,0.34318259,0.39343563,0.32949278
,,,,,,,,,,,,,,,,,,,,,,,,,,,,,,,,,,,,,,,,,,,,,,,05:42:46.178000,Manual Digging,0.6806349158,0.34551564,0.34533915,0.38174984,0.33803153,0.40405428,0.38043582,0.24362656,0.67824179,0.59839451,0.61699092,0.43655488,0.26186919,0.42653298,0.32494518,0.31114915,0.40715846
,,,,,,,,,,,,,,,,,,,,,,,,,,,,,,,,,,,,,,,,,,,,,,,05:42:46.418000,Manual Digging,0.6806349158,1.4939572,1.2536583,1.6859738999999998,1.9460922,4.3905768,6.2705126,6.6485443,11.915785,13.42903,13.325984,8.0807724,3.656914,0.71988279,0.78748059,1.1249723,0.8934446
,,,,,,,,,,,,,,,,,,,,,,,,,,,,,,,,,,,,,,,,,,,,,,,05:42:46.658000,Manual Digging,0.6806349158,2.623982,1.9164975,2.3539693,2.1334414,2.9588969,3.9716341,4.0767927,8.5105515,10.328342999999998,10.451521,7.099286599999999,3.7366967,1.7048894,1.8571148,2.009702,1.1509322
,,,,,,,,,,,,,,,,,,,,,,,,,,,,,,,,,,,,,,,,,,,,,,,05:42:46.899000,Manual Digging,0.6806349158,1.201135,0.90021276,1.1953502,1.0939857,1.2603904,1.2202233,1.2432159,2.6242702,3.3285549,3.3561323,2.4455123,1.3602943,0.685229,0.67954189,0.6310131,0.51314145
,,,,,,,,,,,,,,,,,,,,,,,,,,,,,,,,,,,,,,,,,,,,,,,05:42:47.139000,Manual Digging,0.6806349158,0.41651657,0.41682193,0.5153991,0.37796432,0.45069444,0.53902793,0.69697654,1.1032536,1.2414028999999998,1.1821924,0.95325208,0.69667453,0.33262408,0.33195731,0.26881552,0.23751932
,,,,,,,,,,,,,,,,,,,,,,,,,,,,,,,,,,,,,,,,,,,,,,,05:42:47.380000,Manual Digging,0.6806349158,0.57509625,0.31047195,0.39357746,0.2806944,0.30583739,0.52115035,0.62950975,0.82064801,1.0728467,1.1898386,1.099944,0.90293962,0.32396311,0.31883687,0.23020069,0.27117354
,,,,,,,,,,,,,,,,,,,,,,,,,,,,,,,,,,,,,,,,,,,,,,,05:42:47.620000,Manual Digging,0.6806349158,0.5257467,0.48969918,0.28596652,0.25134304,0.28193283,0.28835574,0.52623367,0.54654503,0.75754195,0.71110982,0.60931969,0.38349015,0.41099766,0.30590636,0.3036384,0.36973298
,,,,,,,,,,,,,,,,,,,,,,,,,,,,,,,,,,,,,,,,,,,,,,,05:42:47.860000,Manual Digging,0.6806349158,0.38727215,0.42909509,0.20275703,0.25770691,0.29095888,0.32958865,0.57526791,0.93572789,1.0019624,0.95891845,0.72081649,0.70650876,0.43657792,0.36997154,0.3081997,0.32541499
,,,,,,,,,,,,,,,,,,,,,,,,,,,,,,,,,,,,,,,,,,,,,,,05:42:48.101000,Manual Digging,0.6806349158,0.37431869,0.35475644,0.33338138,0.39317048,0.3766979,0.29739565,0.41849288,0.59073555,0.68354326,0.64512998,0.53531277,0.46357751,0.39594567,0.37962598,0.24486619,0.25138071
,,,,,,,,,,,,,,,,,,,,,,,,,,,,,,,,,,,,,,,,,,,,,,,05:42:48.341000,Manual Digging,0.6806349158,0.52786571,0.5185166,0.24466807,0.33705503,0.34775943,0.33609149,0.35269216,0.44924051,0.46450359,0.46963888,0.35820919,0.31679472,0.34720722,0.26474252,0.2313537,0.24087365
,,,,,,,,,,,,,,,,,,,,,,,,,,,,,,,,,,,,,,,,,,,,,,,05:42:48.582000,Manual Digging,0.6806349158,0.54030979,0.61737299,0.187269,0.27245194,0.31570819,0.28755844,0.4439857,0.84493726,0.94609803,0.93778813,0.77619737,0.51623297,0.59120375,0.44519174,0.34486979,0.23538059
,,,,,,,,,,,,,,,,,,,,,,,,,,,,,,,,,,,,,,,,,,,,,,,05:42:48.822000,Manual Digging,0.6806349158,0.58363992,0.35221365,0.15398179,0.2211524,0.22227579,0.25466806,0.27036038,0.69525564,0.90956581,0.97757876,0.70353907,0.46136314,0.5142228,0.54952955,0.40279132,0.29461047
,,,,,,,,,,,,,,,,,,,,,,,,,,,,,,,,,,,,,,,,,,,,,,,05:42:49.062000,Manual Digging,0.6806349158,8.8229036,6.2672911,7.0162396,8.4664602,9.2434435,8.2727365,7.739441900000001,6.203606099999999,5.8075399,5.6941199000000005,5.110502200000001,3.5629518,3.9069769,3.4653072,3.0882654,0.81254959
,,,,,,,,,,,,,,,,,,,,,,,,,,,,,,,,,,,,,,,,,,,,,,,05:42:49.303000,Manual Digging,0.6806349158,6.580491499999999,5.035265900000001,5.8660941,6.8034382,6.918604400000001,7.8541503,8.5323343,11.744206,13.739114,13.991202,9.4227104,3.5773928,3.5211184,4.4709592,5.3686457,4.165132
,,,,,,,,,,,,,,,,,,,,,,,,,,,,,,,,,,,,,,,,,,,,,,,05:42:49.543000,Manual Digging,0.6806349158,3.6236336,2.7279037999999995,3.3983121,3.9676275,3.7760823,2.7747574,2.8926256,4.9101214,5.738946,5.848568900000001,3.9103787,1.5095476,1.0728498,1.3599792,1.6330379,1.3185897
,,,,,,,,,,,,,,,,,,,,,,,,,,,,,,,,,,,,,,,,,,,,,,,05:42:49.783000,Manual Digging,0.6806349158,1.9374787,1.5045091,1.6838888,1.8631711,1.8466157,0.85896534,0.92909098,1.7132307,2.0919969,2.2505488,1.6997058,0.81323189,0.44069821,0.59469438,0.66734588,0.58552098
,,,,,,,,,,,,,,,,,,,,,,,,,,,,,,,,,,,,,,,,,,,,,,,05:42:50.024000,Manual Digging,0.6806349158,0.74696165,0.59594107,0.80623686,0.93517154,0.82799315,0.34700304,0.356774,0.85461503,0.80930036,0.68821436,0.56782734,0.42026603,0.30808601,0.4077390999999999,0.40604961,0.4169686999999999
,,,,,,,,,,,,,,,,,,,,,,,,,,,,,,,,,,,,,,,,,,,,,,,05:42:50.264000,Manual Digging,0.6806349158,5.6967578,3.9606524,1.6407655,1.7253093000000002,1.7187635,2.0843585,2.0229352,2.8603313,2.8455343,3.6093955,2.334044,1.186909,2.6691978,4.1191192,4.301278099999999,4.091641399999999
,,,,,,,,,,,,,,,,,,,,,,,,,,,,,,,,,,,,,,,,,,,,,,,05:42:50.505000,Manual Digging,0.6806349158,14.025331,12.239087,7.956672200000001,8.005044,6.3327327,2.6228154,1.6176178,2.0487289,2.069756,2.7647493,2.2207873,1.5806619,2.3830898,3.3145933,3.3481855000000005,3.2777457
,,,,,,,,,,,,,,,,,,,,,,,,,,,,,,,,,,,,,,,,,,,,,,,05:42:50.745000,Manual Digging,0.6806349158,7.1933026,6.1791372,5.6585479,5.441887400000001,4.3317571,1.2763367,0.51108599,1.4133499,1.9268792,2.7570302000000004,2.4205971,1.8101561,1.158251,1.3152527,1.3361332,1.2196435
,,,,,,,,,,,,,,,,,,,,,,,,,,,,,,,,,,,,,,,,,,,,,,,05:42:50.985000,Manual Digging,0.6806349158,3.0287707000000004,2.5524082000000003,2.3323762,2.2622732999999995,1.8432817,0.55939603,0.23513678,0.76398724,1.0893444,1.3502989,1.2206025,0.8748584999999999,0.43939716,0.44634458,0.4392305,0.604819
,,,,,,,,,,,,,,,,,,,,,,,,,,,,,,,,,,,,,,,,,,,,,,,05:42:51.226000,Manual Digging,0.6806349158,1.7394452,1.3328032,1.2980127,1.4911371,1.4199402,0.73832113,0.21584597,0.42931741,0.63425958,0.76757717,0.78373396,0.56349492,0.37714496,0.29115376,0.23108822,0.47269356
,,,,,,,,,,,,,,,,,,,,,,,,,,,,,,,,,,,,,,,,,,,,,,,05:42:51.466000,Manual Digging,0.6806349158,0.52910566,0.45680317,0.406912,0.46265444,0.44316685,0.45969215,0.37443829,0.34444109,0.28876576,0.35359037,0.51482099,0.52464223,0.33751678,0.40652981,0.41074091,0.48319864
,,,,,,,,,,,,,,,,,,,,,,,,,,,,,,,,,,,,,,,,,,,,,,,05:42:51.706000,Manual Digging,0.6806349158,0.37965626,0.39838237,0.62195218,0.68621469,0.60997587,0.37632096,0.47437623,0.64757717,0.66919798,0.63098365,0.55264997,0.50677484,0.38592538,0.37608364,0.39437446,0.48219591
,,,,,,,,,,,,,,,,,,,,,,,,,,,,,,,,,,,,,,,,,,,,,,,05:42:51.947000,Manual Digging,0.6806349158,1.7669099999999998,1.5546378,2.3778226000000005,1.8310788,2.095376,2.9829929,2.7403278,4.5322294,5.741166099999999,7.290271300000001,5.4331121,2.8780315,3.4347074,6.500545,6.3071041,4.4967728
,,,,,,,,,,,,,,,,,,,,,,,,,,,,,,,,,,,,,,,,,,,,,,,05:42:52.187000,Manual Digging,0.6806349158,16.645334,13.797396,15.655677,14.632735999999998,12.53983,3.7259593,1.5421934,3.1243142999999995,4.351666900000001,5.5640278,4.622916200000001,2.9117658,2.7021909,4.877903900000001,4.7000651,3.0501497000000004
,,,,,,,,,,,,,,,,,,,,,,,,,,,,,,,,,,,,,,,,,,,,,,,05:42:52.428000,Manual Digging,0.6806349158,7.6547766,6.2237964,7.824768499999999,6.686010799999999,5.6079206,1.5261132,0.61928093,1.0630379,1.8078535,2.5226896,2.363071,1.4666779,0.9292931,1.5717485,1.5063649,0.98040158
,,,,,,,,,,,,,,,,,,,,,,,,,,,,,,,,,,,,,,,,,,,,,,,05:42:52.668000,Manual Digging,0.6806349158,2.4584179,1.9244865,2.3801429,2.0337548,1.7058207,0.68906355,0.50183374,0.67888749,1.0344286,1.3902516000000005,1.3206619,0.92956781,0.61827177,0.68746001,0.69232553,0.58044541
,,,,,,,,,,,,,,,,,,,,,,,,,,,,,,,,,,,,,,,,,,,,,,,05:42:52.908000,Manual Digging,0.6806349158,1.107474,0.92220962,0.94063389,0.92228401,0.88706923,0.57527083,0.3911137,0.41962105,0.41259468,0.57053262,0.64230549,0.69727504,0.32273272,0.2935715,0.42447954,0.40479827
,,,,,,,,,,,,,,,,,,,,,,,,,,,,,,,,,,,,,,,,,,,,,,,05:42:53.149000,Manual Digging,0.6806349158,0.47309411,0.38782966,0.52981424,0.5236125,0.54642332,0.37536117,0.38495824,0.64275771,0.71298754,0.65713477,0.66400152,0.54903913,0.30516711,0.27379426,0.38113067,0.39996654
,,,,,,,,,,,,,,,,,,,,,,,,,,,,,,,,,,,,,,,,,,,,,,,05:42:53.389000,Manual Digging,0.6806349158,0.42165771,0.3198829,0.27465433,0.26235276,0.30251658,0.31276613,0.35577425,0.66696221,0.78943628,0.79657084,0.5686866,0.45811844,0.29821202,0.23210381,0.34936351,0.3385325999999999
,,,,,,,,,,,,,,,,,,,,,,,,,,,,,,,,,,,,,,,,,,,,,,,05:42:53.630000,Manual Digging,0.6806349158,0.58491993,0.49682266,0.47017851,0.42058447,0.32379889,0.37207234,0.50664628,0.74289358,0.75952291,0.67013514,0.42821965,0.43834564,0.48322162,0.3173415999999999,0.32231995,0.2971499
,,,,,,,,,,,,,,,,,,,,,,,,,,,,,,,,,,,,,,,,,,,,,,,05:42:53.870000,Manual Digging,0.6806349158,0.3732118,0.41119778,0.3031220999999999,0.30379003,0.26047164,0.35410979,0.28392684,0.41838601,0.55805647,0.46863115,0.54495519,0.39636841,0.52177125,0.35711953,0.29161331,0.31585684
,,,,,,,,,,,,,,,,,,,,,,,,,,,,,,,,,,,,,,,,,,,,,,,05:42:54.110000,Manual Digging,0.6806349158,0.34449396,0.49258611,0.52683067,0.60909164,0.60064125,0.358973,0.30918601,0.46620521,0.53844535,0.61543083,0.66001576,0.56547302,0.27437541,0.25312641,0.26005882,0.37529686
,,,,,,,,,,,,,,,,,,,,,,,,,,,,,,,,,,,,,,,,,,,,,,,05:42:54.351000,Manual Digging,0.6806349158,4.591538,4.6020536,3.7028699,3.2429719,3.3012986000000004,7.960196000000001,8.511019699999999,12.926062,14.68735,16.494059,13.292006,8.2140799,3.692837200000001,2.2862794,2.2563562000000004,2.6171534
,,,,,,,,,,,,,,,,,,,,,,,,,,,,,,,,,,,,,,,,,,,,,,,05:42:54.591000,Manual Digging,0.6806349158,8.693710300000001,8.290048599999999,8.4868479,8.6907082,7.6796341,7.4326553,6.8923368,9.5995102,10.933277,12.35195,10.261064,6.4406309,3.035013,1.8711742,1.8008058999999998,1.9013543
,,,,,,,,,,,,,,,,,,,,,,,,,,,,,,,,,,,,,,,,,,,,,,,05:42:54.831000,Manual Digging,0.6806349158,5.7597728,6.1565866,6.3027387,6.4541345,5.7032638,2.6414847000000004,2.106046,2.9464924,3.5874348,4.2634654,3.6446712,2.2391779,1.0120244,0.67160201,0.65499908,0.61712384
,,,,,,,,,,,,,,,,,,,,,,,,,,,,,,,,,,,,,,,,,,,,,,,05:42:55.072000,Manual Digging,0.6806349158,2.1450400000000003,2.2240465,2.1643829,2.159791,1.9095099,0.8136428000000001,0.7066828,1.2183608999999995,1.4485698,1.7802355,1.5658981,0.96290785,0.37334046,0.27446944,0.25017485,0.33888274
,,,,,,,,,,,,,,,,,,,,,,,,,,,,,,,,,,,,,,,,,,,,,,,05:42:55.312000,Manual Digging,0.6806349158,0.73463321,0.75079358,0.79123759,0.82333249,0.75653601,0.38753858,0.42430446,0.64315468,1.1593813999999998,1.2434027,1.2118328,0.52638924,0.47033492,0.39077514,0.38568202,0.35772184
,,,,,,,,,,,,,,,,,,,,,,,,,,,,,,,,,,,,,,,,,,,,,,,05:42:55.553000,Manual Digging,0.6806349158,0.41564339,0.48612556,0.46050003,0.53297973,0.50595325,0.36904436,0.31510875,0.37143266,0.52278483,0.48002738,0.48946825,0.29697555,0.37327361,0.28629044,0.28256428,0.44698054
,,,,,,,,,,,,,,,,,,,,,,,,,,,,,,,,,,,,,,,,,,,,,,,05:42:55.793000,Manual Digging,0.6806349158,4.7356429,4.4528627,3.8424082,2.895324,4.1370587,7.9133396,7.9354296,8.2691154,9.1110344,10.062658,10.202935,8.037394500000001,4.3994932,3.1110754000000003,4.4186511,4.395438700000001
,,,,,,,,,,,,,,,,,,,,,,,,,,,,,,,,,,,,,,,,,,,,,,,05:42:56.033000,Manual Digging,0.6806349158,13.250029,12.466384,8.2023182,7.3183522,6.4288263,5.9239135,5.966443099999999,6.169121700000001,7.023044099999999,9.0365791,8.4481392,6.7964349,3.413059,2.3587935,2.8192728,2.7593701
,,,,,,,,,,,,,,,,,,,,,,,,,,,,,,,,,,,,,,,,,,,,,,,05:42:56.274000,Manual Digging,0.6806349158,6.1955209,5.3364663,3.3595819,2.997519,2.6621542,1.8684291,1.8965456000000005,3.5712941,5.2156487,6.7109947,6.273991099999999,5.0473566,1.0547698,0.77445245,0.91657621,1.0356261
,,,,,,,,,,,,,,,,,,,,,,,,,,,,,,,,,,,,,,,,,,,,,,,05:42:56.514000,Manual Digging,0.6806349158,2.0181682,1.7394927,1.0563395,0.93495202,0.83669251,0.6697436,0.64649642,1.5917313999999998,2.3819084,2.8304741,2.7005715,2.0238616,0.40543771,0.31184328,0.28754216,0.47168371
,,,,,,,,,,,,,,,,,,,,,,,,,,,,,,,,,,,,,,,,,,,,,,,05:42:56.754000,Manual Digging,0.6806349158,0.80046767,0.67124712,0.70746392,0.66485804,0.71562243,0.30331054,0.29634249,0.79638106,0.96129042,0.90724635,0.90189397,0.70156693,0.33506235,0.25249726,0.22094211,0.31906894
,,,,,,,,,,,,,,,,,,,,,,,,,,,,,,,,,,,,,,,,,,,,,,,05:42:56.995000,Manual Digging,0.6806349158,0.78321636,0.70081526,0.52539659,0.51809001,0.56187612,0.37227914,0.3819265999999999,0.33238828,0.35066912,0.29434854,0.30073103,0.39672625,0.34726763,0.28019917,0.30259308,0.27013725
,,,,,,,,,,,,,,,,,,,,,,,,,,,,,,,,,,,,,,,,,,,,,,,05:42:57.235000,Manual Digging,0.6806349158,0.76732761,0.70524627,0.55634171,0.48696274,0.59809953,0.2171296,0.42206165,0.41518763,0.47594556,0.44575348,0.48678482,0.4416607,0.42958078,0.33744144,0.50864309,0.6096788000000001
,,,,,,,,,,,,,,,,,,,,,,,,,,,,,,,,,,,,,,,,,,,,,,,05:42:57.476000,Manual Digging,0.6806349158,2.8167596,2.8829696,1.8415223000000005,1.3524233,2.0663648,4.7018642,4.9703355,6.0035319000000005,5.8080087,6.0097127,4.2398815,2.6275127,0.97061402,1.0897071000000005,1.2406317,1.1879411
,,,,,,,,,,,,,,,,,,,,,,,,,,,,,,,,,,,,,,,,,,,,,,,05:42:57.716000,Manual Digging,0.6806349158,15.587782,10.974477,9.7396173,8.793883300000001,8.3329172,2.227845,1.6383822,6.157166999999999,6.2591677,6.32651,3.1124473,2.5879488,1.8920232,1.4968146999999998,0.99676281,1.668977
,,,,,,,,,,,,,,,,,,,,,,,,,,,,,,,,,,,,,,,,,,,,,,,05:42:57.956000,Manual Digging,0.6806349158,4.7737808,3.3382232000000003,2.9626026000000003,2.6749289000000003,2.5347121,0.69709539,0.5570276999999999,1.9837787,2.0824807,2.118731,1.168636,0.79314983,0.63260013,0.52057493,0.56496954,0.70324451
,,,,,,,,,,,,,,,,,,,,,,,,,,,,,,,,,,,,,,,,,,,,,,,05:42:58.197000,Manual Digging,0.6806349158,1.5580835,1.1928406,1.0282867,0.90441799,0.84944302,0.27905437,0.27988008,0.91786742,0.99024862,1.0441718,0.69156063,0.5971446,0.37698326,0.32828161,0.29821768,0.45235601
,,,,,,,,,,,,,,,,,,,,,,,,,,,,,,,,,,,,,,,,,,,,,,,05:42:58.437000,Manual Digging,0.6806349158,0.54733312,0.43636718,0.36159909,0.29756105,0.31151491,0.24479699,0.16614804,0.44121453,0.4631812,0.50329942,0.55657738,0.34616545,0.30551147,0.36155009,0.36516973,0.40472507
,,,,,,,,,,,,,,,,,,,,,,,,,,,,,,,,,,,,,,,,,,,,,,,05:42:58.677000,Manual Digging,0.6806349158,0.30521688,0.21092984,0.32429665,0.30598161,0.27741385,0.18435144,0.26253039,0.44663447,0.56047547,0.5569579000000001,0.48879835,0.38755968,0.32830772,0.32540753,0.32676017,0.30944684
,,,,,,,,,,,,,,,,,,,,,,,,,,,,,,,,,,,,,,,,,,,,,,,05:42:58.918000,Manual Digging,0.6806349158,0.27253881,0.2045275,0.22133589,0.27593917,0.26380122,0.26496369,0.36320335,0.36076733,0.4162358,0.41331583,0.37065339,0.38849798,0.29437417,0.44361669,0.40196866,0.44265711
,,,,,,,,,,,,,,,,,,,,,,,,,,,,,,,,,,,,,,,,,,,,,,,05:42:59.158000,Manual Digging,0.6806349158,0.38171592,0.32785815,0.35241479,0.41220695,0.46787569,0.4164387,0.33466917,0.41334537,0.34377226,0.3507247,0.23680221,0.39635172,0.32269719,0.34575167,0.32908398,0.34955633
,,,,,,,,,,,,,,,,,,,,,,,,,,,,,,,,,,,,,,,,,,,,,,,05:42:59.399000,Manual Digging,0.6806349158,9.5411806,6.880949,4.9758234,4.3914676,4.7502623,5.9492154,5.6837053,5.2697587,6.5598931,7.4343076,7.236783,5.4056759,3.3344896,2.2353721,2.5043356,2.3185351
,,,,,,,,,,,,,,,,,,,,,,,,,,,,,,,,,,,,,,,,,,,,,,,05:42:59.639000,Manual Digging,0.6806349158,11.434163,8.7834396,8.7015314,7.667821400000001,7.037749300000001,3.3395703,3.1347098,3.6847153,6.504035,7.8676405,7.7986054,4.7824421,2.1131079,1.4303467,1.1490629,1.1852802
,,,,,,,,,,,,,,,,,,,,,,,,,,,,,,,,,,,,,,,,,,,,,,,05:42:59.879000,Manual Digging,0.6806349158,10.880967,9.219857199999998,12.353001,13.0001,11.630914,7.560508299999999,8.6193657,5.0299678,2.8304009,2.6611164,2.6064119,2.0045424,1.8910607,1.1242682,0.60595977,0.77868843
,,,,,,,,,,,,,,,,,,,,,,,,,,,,,,,,,,,,,,,,,,,,,,,05:43:00.120000,Manual Digging,0.6806349158,8.0807276,6.874217,9.2390318,9.677515,8.7137079,5.9038582,7.2475934,7.4544435,6.750104400000001,7.721639200000001,5.8498325,3.258117,1.7177807,3.3244081,3.9934142,4.652881099999999
,,,,,,,,,,,,,,,,,,,,,,,,,,,,,,,,,,,,,,,,,,,,,,,05:43:00.360000,Manual Digging,0.6806349158,4.079324199999999,3.1285586,3.641643,3.6855767,3.3535388,1.8517601,2.5338166,3.0619524,2.7593787,3.1339886000000003,2.3919344,1.3705518,0.78507477,1.3853008999999998,1.8403165,2.1680286
,,,,,,,,,,,,,,,,,,,,,,,,,,,,,,,,,,,,,,,,,,,,,,,05:43:00.601000,Manual Digging,0.6806349158,1.2939119,1.0193068,1.2015661,1.2987785,1.2229858999999998,0.61761552,0.79505777,1.0046544,1.0171511999999998,1.155333,0.9705857,0.59758705,0.37948677,0.5282805,0.58287191,0.65956366
,,,,,,,,,,,,,,,,,,,,,,,,,,,,,,,,,,,,,,,,,,,,,,,05:43:00.841000,Manual Digging,0.6806349158,1.4327365,1.5328227,0.96412492,0.75104648,1.4543731000000002,3.0973449,3.1018622,5.1377439,7.4711046,8.7341681,7.700084700000001,4.699757599999999,0.43682447,0.80328721,1.0415591,2.0697396
,,,,,,,,,,,,,,,,,,,,,,,,,,,,,,,,,,,,,,,,,,,,,,,05:43:01.081000,Manual Digging,0.6806349158,9.5687199,7.8759146,8.766695,8.1004496,7.1920552,1.3820342,1.3960397,2.4463918,4.5987496,5.3606606,5.113481,2.827615,0.24355015,0.43912694,0.46798739,0.97346824
,,,,,,,,,,,,,,,,,,,,,,,,,,,,,,,,,,,,,,,,,,,,,,,05:43:01.322000,Manual Digging,0.6806349158,3.4434972000000004,2.7631583,3.2356625,3.0159287,2.6355212000000003,0.52531362,0.57021654,0.78468877,1.4332334999999998,1.6571305,1.567739,0.91960567,0.16803536,0.25806096,0.23846771,0.54029864
,,,,,,,,,,,,,,,,,,,,,,,,,,,,,,,,,,,,,,,,,,,,,,,05:43:01.562000,Manual Digging,0.6806349158,1.0960815000000002,0.94717526,1.1449499,1.0774405,0.99309742,0.33856365,0.3791503,0.46858531,0.81841409,0.85934532,0.80431932,0.45524326,0.38745233,0.33012897,0.26327491,0.27165827
,,,,,,,,,,,,,,,,,,,,,,,,,,,,,,,,,,,,,,,,,,,,,,,05:43:01.802000,Manual Digging,0.6806349158,0.5223335,0.44134989,0.45400909,0.44455451,0.47469908,0.25750205,0.38392931,0.42044261,0.65410459,0.67563117,0.72306567,0.53192854,0.3800602,0.24780849,0.25139189,0.18478425
,,,,,,,,,,,,,,,,,,,,,,,,,,,,,,,,,,,,,,,,,,,,,,,05:43:02.043000,Manual Digging,0.6806349158,0.40319261,0.23756053,0.43061727,0.44316047,0.49670881,0.26238647,0.24636182,0.28709006,0.41497049,0.39732805,0.45466331,0.44276503,0.39997733,0.31841856,0.20603517,0.22285943
,,,,,,,,,,,,,,,,,,,,,,,,,,,,,,,,,,,,,,,,,,,,,,,05:43:02.283000,Manual Digging,0.6806349158,0.50714588,0.48662621,0.55625713,0.49149942,0.60555851,0.85044914,1.0373937,1.5026903,1.486017,1.5514796999999998,1.1596904,0.94220346,0.58850706,0.30416721,0.30841607,0.29425889
,,,,,,,,,,,,,,,,,,,,,,,,,,,,,,,,,,,,,,,,,,,,,,,05:43:02.524000,Manual Digging,0.6806349158,12.987301,10.125896,10.046173,10.226869,10.194296,7.674416499999999,9.6055574,14.837607,17.176223999999998,17.937282999999997,12.556147,6.039641400000001,5.1624565,7.2677655,12.01347,15.55476
,,,,,,,,,,,,,,,,,,,,,,,,,,,,,,,,,,,,,,,,,,,,,,,05:43:02.764000,Manual Digging,0.6806349158,9.125802,6.9796004,6.3624835,6.4358578,6.0047083,3.3642663999999995,3.9480419,6.931487599999999,9.5228004,9.9695759,7.0050869,3.7026408,1.8549273,2.4357531000000003,3.8278651,4.9536867
,,,,,,,,,,,,,,,,,,,,,,,,,,,,,,,,,,,,,,,,,,,,,,,05:43:03.004000,Manual Digging,0.6806349158,3.3961618,2.5516982000000006,2.2218592,2.1623302000000004,2.054373,1.0386851,1.2009178,2.7446682,3.7865324,4.0539508,2.8382742000000003,1.5165622,0.84971738,0.86700398,1.1660017,1.5317994
,,,,,,,,,,,,,,,,,,,,,,,,,,,,,,,,,,,,,,,,,,,,,,,05:43:03.245000,Manual Digging,0.6806349158,1.1971216999999998,0.78463978,0.85996693,0.89321399,0.83483058,0.67551231,0.60452259,1.0333258,1.1970448,1.3150771,0.91209024,0.60448712,0.46390191,0.48631585,0.54715788,0.68121767
,,,,,,,,,,,,,,,,,,,,,,,,,,,,,,,,,,,,,,,,,,,,,,,05:43:03.485000,Manual Digging,0.6806349158,0.70927322,0.60143,0.37243068,0.32006627,0.37442884,0.31260127,0.41799948,0.95216167,1.0795935,1.3507555,1.3470185,0.97629803,0.25619107,0.24573377,0.365015,0.36427775
,,,,,,,,,,,,,,,,,,,,,,,,,,,,,,,,,,,,,,,,,,,,,,,05:43:03.725000,Manual Digging,0.6806349158,0.5043937,0.4317460999999999,0.28091034,0.20458913,0.23279354,0.33429381,0.36859867,0.63680214,0.67883575,0.79039812,0.86556947,0.58040071,0.27947176,0.34895146,0.43665153,0.32280129
,,,,,,,,,,,,,,,,,,,,,,,,,,,,,,,,,,,,,,,,,,,,,,,05:43:03.966000,Manual Digging,0.6806349158,0.32621199,0.28268477,0.21222043,0.22345719,0.27069554,0.20773326,0.17934136,0.43574181,0.39990723,0.37975529,0.46278271,0.36182252,0.36665484,0.24521077,0.33903542,0.35425755
,,,,,,,,,,,,,,,,,,,,,,,,,,,,,,,,,,,,,,,,,,,,,,,05:43:04.206000,Manual Digging,0.6806349158,0.85277659,0.60464621,0.43734121,0.44629356,0.49803412,0.18276003,0.22416398,0.42503136,0.69691569,0.74392712,0.89134711,0.46589863,0.47710881,0.28704646,0.36947918,0.39389414
,,,,,,,,,,,,,,,,,,,,,,,,,,,,,,,,,,,,,,,,,,,,,,,05:43:04.447000,Manual Digging,0.6806349158,0.4551373999999999,0.47019389,0.43290916,0.43304393,0.48902771,0.29495454,0.32912543,0.52784514,0.57515144,0.53026921,0.45963356,0.42739201,0.40507534,0.31911144,0.53534633,0.47400165
,,,,,,,,,,,,,,,,,,,,,,,,,,,,,,,,,,,,,,,,,,,,,,,05:43:04.687000,Manual Digging,0.6806349158,2.1267474,2.148299,1.8178364,1.4356569,0.97431779,0.75910026,0.83104557,1.2448149,1.6272686,1.5632329,1.2683935,0.57070881,0.24455352,0.17860311,0.26944047,0.30115062
,,,,,,,,,,,,,,,,,,,,,,,,,,,,,,,,,,,,,,,,,,,,,,,05:43:04.927000,Manual Digging,0.6806349158,8.7845383,6.8227386,4.1931076,3.8169847,4.3247957,10.554744,14.215024,18.926941,20.367002,17.837891,11.614748,3.0920391,0.90960962,2.5977895,5.4079447,10.332757
,,,,,,,,,,,,,,,,,,,,,,,,,,,,,,,,,,,,,,,,,,,,,,,05:43:05.168000,Manual Digging,0.6806349158,13.673125,13.669632,11.441928,10.814839,8.1242819,4.2919765,5.457303,9.600567800000002,11.169281,10.131006,7.5480652,2.5912228,0.64417583,1.1974148999999998,2.2664002999999995,3.4266109
,,,,,,,,,,,,,,,,,,,,,,,,,,,,,,,,,,,,,,,,,,,,,,,05:43:05.408000,Manual Digging,0.6806349158,4.3761597000000005,4.3216929,3.5814190000000004,3.4094484,2.5468004,1.367802,1.7008314999999998,3.0719192000000004,4.4032626,4.2354431,3.1602826,1.0596167,0.27704918,0.37295458,0.73334223,1.186936
,,,,,,,,,,,,,,,,,,,,,,,,,,,,,,,,,,,,,,,,,,,,,,,05:43:05.649000,Manual Digging,0.6806349158,2.0453544,1.5644675,1.1634035,1.2008128,1.0308086,0.48771301,0.57684535,1.1167231000000002,1.5702633,1.6853139,1.451014,0.78704596,0.40016916,0.32707039,0.418347,0.42059413
,,,,,,,,,,,,,,,,,,,,,,,,,,,,,,,,,,,,,,,,,,,,,,,05:43:05.889000,Manual Digging,0.6806349158,1.6077392,1.4743152,0.66337657,0.86850286,0.84649765,0.89673692,0.97643477,2.2705331,2.4949992,2.5682316000000003,1.1097028999999998,0.38705549,0.43537599,0.35250306,0.47067544,0.51843655
,,,,,,,,,,,,,,,,,,,,,,,,,,,,,,,,,,,,,,,,,,,,,,,05:43:06.129000,Manual Digging,0.6806349158,1.421121,1.4454778,0.84979182,1.084785,0.89016706,0.46279538,0.45677286,1.3602703,2.0884178,2.5155482000000005,2.2996788,1.3472553,0.51603574,0.43536296,0.92410153,0.99949312
,,,,,,,,,,,,,,,,,,,,,,,,,,,,,,,,,,,,,,,,,,,,,,,05:43:06.370000,Manual Digging,0.6806349158,0.95564497,0.94282258,0.96584135,1.132321,0.96609318,0.30402946,0.38602814,0.79240406,0.91042686,1.0316992,0.96331483,0.67844015,0.4149071,0.74587768,0.80326945,0.68054998
,,,,,,,,,,,,,,,,,,,,,,,,,,,,,,,,,,,,,,,,,,,,,,,05:43:06.610000,Manual Digging,0.6806349158,0.70970774,0.70018506,0.75533724,0.84905171,0.75440902,0.2645752999999999,0.26455095,0.68614954,0.90840375,1.1158755,1.0330818000000002,0.75509018,0.2527132,0.47804374,0.52950895,0.43276963
,,,,,,,,,,,,,,,,,,,,,,,,,,,,,,,,,,,,,,,,,,,,,,,05:43:06.850000,Manual Digging,0.6806349158,0.2622975999999999,0.38581738,0.50137705,0.53031045,0.50147784,0.29982474,0.35480887,0.40659556,0.42945901,0.54680431,0.66217607,0.46347257,0.23440331,0.3803420999999999,0.24884571,0.1730073999999999
,,,,,,,,,,,,,,,,,,,,,,,,,,,,,,,,,,,,,,,,,,,,,,,05:43:07.091000,Manual Digging,0.6806349158,0.63374454,0.58944297,0.4681899,0.38035372,0.31732121,0.51508105,0.48650497,0.60618448,0.65473199,0.65097719,0.58970362,0.52920884,0.41047803,0.31506586,0.29015562,0.23795101
,,,,,,,,,,,,,,,,,,,,,,,,,,,,,,,,,,,,,,,,,,,,,,,05:43:07.331000,Manual Digging,0.6806349158,7.2572732,5.9479561,6.0585556,8.1704149,13.61825,20.192986,19.622046,16.50395,12.441853,13.06953,11.585111,11.42247,11.486055,11.565084,10.826708,9.5227585
,,,,,,,,,,,,,,,,,,,,,,,,,,,,,,,,,,,,,,,,,,,,,,,05:43:07.572000,Manual Digging,0.6806349158,10.564163,8.050106,7.262011500000001,8.358357400000001,10.148268,15.13165,14.767457,12.547579,9.9214382,10.425934,9.2862158,8.7203636,8.5300941,8.594258300000002,8.040431,7.0720549
,,,,,,,,,,,,,,,,,,,,,,,,,,,,,,,,,,,,,,,,,,,,,,,05:43:07.812000,Manual Digging,0.6806349158,5.826407,4.4398398,4.0205836,4.6098485,5.122726,4.8169336,4.5274725,4.3432093,4.1490622,4.607442400000001,3.9867315,3.2474458,2.6511095,2.6682968,2.5454371,2.3101614
,,,,,,,,,,,,,,,,,,,,,,,,,,,,,,,,,,,,,,,,,,,,,,,05:43:08.052000,Manual Digging,0.6806349158,1.8656062,1.4835279,1.280066,1.4567458999999998,1.5815623,1.4652179,1.3984175,1.5121169,1.5010916,1.5243753999999998,1.3350427,1.1334295,0.97130185,0.99383044,0.96092355,0.74997479
,,,,,,,,,,,,,,,,,,,,,,,,,,,,,,,,,,,,,,,,,,,,,,,05:43:08.293000,Manual Digging,0.6806349158,0.86229014,0.56251246,0.51809865,0.58159643,0.57507277,0.51230431,0.56629163,0.56123781,0.59129977,0.56401008,0.53649938,0.57285929,0.44064656,0.5458867,0.43577281,0.52442312
,,,,,,,,,,,,,,,,,,,,,,,,,,,,,,,,,,,,,,,,,,,,,,,05:43:08.533000,Manual Digging,0.6806349158,1.0638353,0.86362815,0.92820799,0.89263803,0.77509582,0.36156008,0.48361328,0.61606759,0.72689652,0.68982995,0.83146489,0.75666589,0.37581438,0.36009318,0.37454444,0.37616679
,,,,,,,,,,,,,,,,,,,,,,,,,,,,,,,,,,,,,,,,,,,,,,,05:43:08.773000,Manual Digging,0.6806349158,0.67531103,0.55659187,0.66349483,0.6338864000000001,0.53588527,0.31143481,0.37271902,0.67495233,0.85402995,0.84801155,0.87450135,0.70890361,0.38310266,0.34397936,0.37958875,0.25486645
,,,,,,,,,,,,,,,,,,,,,,,,,,,,,,,,,,,,,,,,,,,,,,,05:43:09.014000,Manual Digging,0.6806349158,0.37058371,0.35654971,0.38675401,0.40143237,0.47098291,0.5334691999999999,0.46692434,0.5089277,0.64775509,0.77878702,0.85138839,0.7068426,0.5007965,0.21477401,0.29407272,0.21790062
,,,,,,,,,,,,,,,,,,,,,,,,,,,,,,,,,,,,,,,,,,,,,,,05:43:09.254000,Manual Digging,0.6806349158,0.59957153,0.46438119,0.37248993,0.41115144,0.45077869,0.46309593,0.3923336,0.7092936,1.0175943,1.1008886999999998,1.2038559,0.89973104,0.34187305,0.31621701,0.40159062,0.38083088
,,,,,,,,,,,,,,,,,,,,,,,,,,,,,,,,,,,,,,,,,,,,,,,05:43:09.495000,Manual Digging,0.6806349158,0.50879318,0.35291204,0.38689762,0.43104601,0.41236696,0.35596973,0.46135738,0.42345029,0.82610959,0.94877589,0.97056192,0.76685697,0.4228709,0.27526334,0.31011328,0.3629815
,,,,,,,,,,,,,,,,,,,,,,,,,,,,,,,,,,,,,,,,,,,,,,,05:43:09.735000,Manual Digging,0.6806349158,0.46188533,0.3357275999999999,0.38840255,0.36764383,0.35394937,0.32519367,0.35846564,0.43347174,0.50334382,0.48289096,0.46687615,0.37258175,0.40089464,0.3235577,0.41769171,0.4213703
,,,,,,,,,,,,,,,,,,,,,,,,,,,,,,,,,,,,,,,,,,,,,,,05:43:09.975000,Manual Digging,0.6806349158,0.28183636,0.33557385,0.47067842,0.47524938,0.46065345,0.27311018,0.35385466,0.32017657,0.65578073,0.71068883,0.70582867,0.46090576,0.44138283,0.32215148,0.43789652,0.34702203
,,,,,,,,,,,,,,,,,,,,,,,,,,,,,,,,,,,,,,,,,,,,,,,05:43:10.216000,Manual Digging,0.6806349158,0.18810385,0.2637291,0.36325091,0.39521483,0.34782523,0.14754686,0.34002721,0.61256182,0.67316037,0.84454834,0.74335784,0.56754053,0.30576479,0.35405338,0.39359084,0.3731924
,,,,,,,,,,,,,,,,,,,,,,,,,,,,,,,,,,,,,,,,,,,,,,,05:43:10.456000,Manual Digging,0.6806349158,0.34789494,0.37977186,0.43007597,0.3174876,0.31303394,0.18072684,0.29662937,0.51344323,0.64558017,0.70436412,0.56432074,0.36079293,0.32893345,0.33974147,0.37024152,0.33912432
,,,,,,,,,,,,,,,,,,,,,,,,,,,,,,,,,,,,,,,,,,,,,,,05:43:10.697000,Manual Digging,0.6806349158,0.48090369,0.5947178000000001,0.50136781,0.51840395,0.41826496,0.27536795,0.42819709,0.60838956,0.47670227,0.43031687,0.36674324,0.32425013,0.38468549,0.31943545,0.34559682,0.36916429
,,,,,,,,,,,,,,,,,,,,,,,,,,,,,,,,,,,,,,,,,,,,,,,05:43:10.937000,Manual Digging,0.6806349158,0.38840348,0.41624296,0.48972768,0.62617373,0.44324973,0.22762537,0.3607268,0.48069039,0.39585611,0.3661400999999999,0.32207027,0.30038556,0.39620364,0.28849915,0.23043436,0.46845964
,,,,,,,,,,,,,,,,,,,,,,,,,,,,,,,,,,,,,,,,,,,,,,,05:43:11.177000,Manual Digging,0.6806349158,1.0650837,1.0000073,0.86953688,0.82357085,0.53249085,0.41233242,0.34976095,0.49478251,0.46965811,0.49134153,0.4752554,0.20485687,0.30108467,0.44605994,0.78754872,0.81522435
,,,,,,,,,,,,,,,,,,,,,,,,,,,,,,,,,,,,,,,,,,,,,,,05:43:11.418000,Manual Digging,0.6806349158,0.86004102,0.84011841,0.73034823,0.71137553,0.65456986,0.39316741,0.30758485,0.3411656,0.43495187,0.54868674,0.57810915,0.43873593,0.49960744,0.51914179,0.43755168,0.45072639
,,,,,,,,,,,,,,,,,,,,,,,,,,,,,,,,,,,,,,,,,,,,,,,05:43:11.658000,Manual Digging,0.6806349158,0.71472132,0.70588231,0.44124758,0.47091401,0.49389037,0.3411898,0.45302045,0.59182119,0.74685848,0.89503717,0.79246998,0.68991137,0.37103239,0.3973047999999999,0.3576729,0.3095277
,,,,,,,,,,,,,,,,,,,,,,,,,,,,,,,,,,,,,,,,,,,,,,,05:43:11.898000,Manual Digging,0.6806349158,0.6573654999999999,0.42606005,0.46054742,0.48664623,0.5026560999999999,0.34727946,0.48018035,0.51135623,0.67180848,0.9284631,0.86808592,0.72224694,0.2738605999999999,0.51330245,0.52215201,0.42450249
,,,,,,,,,,,,,,,,,,,,,,,,,,,,,,,,,,,,,,,,,,,,,,,05:43:12.139000,Manual Digging,0.6806349158,0.49927303,0.35185841,0.40592346,0.41333491,0.43444759,0.27947164,0.35338137,0.38867339,0.57522881,0.75686014,0.71305388,0.74403685,0.39679313,0.42898351,0.35565624,0.2889055
,,,,,,,,,,,,,,,,,,,,,,,,,,,,,,,,,,,,,,,,,,,,,,,05:43:12.379000,Manual Digging,0.6806349158,0.52137387,0.34766442,0.30902505,0.29487115,0.340671,0.26124629,0.29493281,0.53695202,0.38190278,0.46547812,0.45786387,0.35902369,0.35866383,0.28504217,0.24781168,0.27099448
,,,,,,,,,,,,,,,,,,,,,,,,,,,,,,,,,,,,,,,,,,,,,,,05:43:12.620000,Manual Digging,0.6806349158,0.56865889,0.41212565,0.28508511,0.28314012,0.31376648,0.25273693,0.27419364,0.56730235,0.5221680999999999,0.50818497,0.45198917,0.3618817,0.39871606,0.38560376,0.33029294,0.37376285
,,,,,,,,,,,,,,,,,,,,,,,,,,,,,,,,,,,,,,,,,,,,,,,05:43:12.860000,Manual Digging,0.6806349158,0.48880348,0.4138073,0.32911083,0.26435095,0.38641119,0.27830392,0.24647272,0.36446512,0.60191566,0.7690708,0.82843119,0.62372595,0.36342725,0.28780708,0.41373804,0.53888822
,,,,,,,,,,,,,,,,,,,,,,,,,,,,,,,,,,,,,,,,,,,,,,,05:43:13.100000,Manual Digging,0.6806349158,0.6607281,0.56381637,0.73880166,0.67025554,0.69217372,0.30685085,0.2268755,0.42306563,0.50406432,0.6119644000000001,0.69079918,0.58427149,0.28180927,0.36292514,0.38439542,0.42578259
,,,,,,,,,,,,,,,,,,,,,,,,,,,,,,,,,,,,,,,,,,,,,,,05:43:13.341000,Manual Digging,0.6806349158,0.62037969,0.31389722,0.36370593,0.36602688,0.48018837,0.34775171,0.21772918,0.46477804,0.53285956,0.52354324,0.46682808,0.48192057,0.29889521,0.35264313,0.38182992,0.37812111
,,,,,,,,,,,,,,,,,,,,,,,,,,,,,,,,,,,,,,,,,,,,,,,05:43:13.581000,Manual Digging,0.6806349158,1.9942561,1.747421,1.9568921,1.9423876,1.4993117,1.7513709,1.6402199,5.1332121,8.165459599999998,10.530043,9.117013,6.237424900000001,0.76635778,1.7651503000000002,2.3788314,2.2652059
,,,,,,,,,,,,,,,,,,,,,,,,,,,,,,,,,,,,,,,,,,,,,,,05:43:13.821000,Manual Digging,0.6806349158,7.1255484,5.918300599999999,6.0030532,5.6521258,4.6468978,1.3244356000000002,0.80670643,2.3226843,3.7499025,4.8944645,4.1685181,3.0563626,0.60250014,0.97352582,1.3033478,1.0717193
,,,,,,,,,,,,,,,,,,,,,,,,,,,,,,,,,,,,,,,,,,,,,,,05:43:14.062000,Manual Digging,0.6806349158,3.3582258,2.9631176,2.574192,2.399888,1.9815589,0.81300598,0.39590347,0.75228584,1.1703217,1.558517,1.4029497,1.0929136000000002,0.46845627,0.46647897,0.55141157,0.34577194
,,,,,,,,,,,,,,,,,,,,,,,,,,,,,,,,,,,,,,,,,,,,,,,05:43:14.302000,Manual Digging,0.6806349158,1.0215073,0.97168767,0.78301942,0.72999948,0.6501891,0.36732218,0.18410546,0.77493775,0.58250529,0.75640988,0.74061304,0.67760336,0.28674617,0.16109784,0.33778137,0.30993053
,,,,,,,,,,,,,,,,,,,,,,,,,,,,,,,,,,,,,,,,,,,,,,,05:43:14.543000,Manual Digging,0.6806349158,0.48109424,0.42860228,0.55246013,0.68350595,0.68020797,0.39506552,0.15777825,0.49875531,0.31911731,0.42534342,0.4929319,0.48623443,0.44654763,0.26563817,0.36815321,0.29485258
,,,,,,,,,,,,,,,,,,,,,,,,,,,,,,,,,,,,,,,,,,,,,,,05:43:14.783000,Manual Digging,0.6806349158,0.81898743,0.47075325,0.4843172999999999,0.58351976,0.59013212,0.37804192,0.25714764,0.25165665,0.66802949,0.87554067,0.87387389,0.67532688,0.84322315,0.60523635,0.83385342,0.61604059
,,,,,,,,,,,,,,,,,,,,,,,,,,,,,,,,,,,,,,,,,,,,,,,05:43:15.023000,Manual Digging,0.6806349158,0.92229825,0.76472712,0.85165644,1.0311761000000002,1.0016146,0.97548354,1.481475,1.9903643,2.0829165,2.1585102000000003,1.8734461,1.1322708,0.61740077,0.56790507,0.91031361,0.76287442
,,,,,,,,,,,,,,,,,,,,,,,,,,,,,,,,,,,,,,,,,,,,,,,05:43:15.264000,Manual Digging,0.6806349158,1.2920198,1.252028,1.4625859,1.7002802,1.6647724,1.1250494,0.90679216,1.184785,1.3314728999999998,1.4713893,1.4563174,1.0165375,0.46219364,0.47506282,0.6544199,0.49215859
,,,,,,,,,,,,,,,,,,,,,,,,,,,,,,,,,,,,,,,,,,,,,,,05:43:15.504000,Manual Digging,0.6806349158,2.883038,2.735847,1.3603678999999995,1.5962478,1.3885086000000002,1.1352651000000002,0.51686335,0.79490775,1.1438787,1.8207965,1.719962,1.6340438999999998,0.25964856,0.29699451,0.4790166,0.37821749
,,,,,,,,,,,,,,,,,,,,,,,,,,,,,,,,,,,,,,,,,,,,,,,05:43:15.745000,Manual Digging,0.6806349158,2.4980838,1.8824799,1.5855396000000002,1.7415276999999998,1.6279447,1.0385555,1.3762853000000002,3.2402990000000003,4.7934785,5.9715357,5.387897,3.699868700000001,0.75132227,1.2490041,2.0247838,2.0500624
,,,,,,,,,,,,,,,,,,,,,,,,,,,,,,,,,,,,,,,,,,,,,,,05:43:15.985000,Manual Digging,0.6806349158,1.8551965,1.3980196000000005,1.214754,1.3565992,1.2421209999999998,0.61494994,0.95787662,1.9272846,2.897265,3.6578479,3.356286,2.3295121,0.83449292,0.91848671,1.1051303999999995,1.0629144
,,,,,,,,,,,,,,,,,,,,,,,,,,,,,,,,,,,,,,,,,,,,,,,05:43:16.225000,Manual Digging,0.6806349158,0.64353973,0.4252508,0.41064128,0.47591189,0.49651098,0.28834099,0.35959086,1.0467734,1.3244711,1.6041253,1.3428004,0.99456149,0.40101194,0.31519508,0.36905688,0.37106997
,,,,,,,,,,,,,,,,,,,,,,,,,,,,,,,,,,,,,,,,,,,,,,,05:43:16.466000,Manual Digging,0.6806349158,0.30397308,0.13295852,0.24341294,0.27520317,0.37284666,0.25503173,0.33703536,0.5278883000000001,0.58911765,0.63800538,0.60968292,0.6210438,0.3725054,0.27990615,0.39576548,0.253032
,,,,,,,,,,,,,,,,,,,,,,,,,,,,,,,,,,,,,,,,,,,,,,,05:43:16.706000,Manual Digging,0.6806349158,1.0736802,0.78377771,0.63262713,0.71444166,0.76528937,0.58842254,0.52854264,0.7987051,1.0571098,1.467507,1.2846736,0.80500132,0.37436983,0.30208042,0.48715052,0.49511129
,,,,,,,,,,,,,,,,,,,,,,,,,,,,,,,,,,,,,,,,,,,,,,,05:43:16.946000,Manual Digging,0.6806349158,1.6158649,1.1917752,1.3236212,1.3947047,1.4487951,0.69606268,0.45497802,0.53351611,0.66635257,0.87204659,0.82861048,0.67330849,0.30984867,0.23010166,0.27710864,0.35212526
,,,,,,,,,,,,,,,,,,,,,,,,,,,,,,,,,,,,,,,,,,,,,,,05:43:17.187000,Manual Digging,0.6806349158,0.70807832,0.56692559,0.69226182,0.66881025,0.68800491,0.30743134,0.19703995,0.68883419,0.77266014,0.91203642,0.83773768,0.66157728,0.34958562,0.39829224,0.45105717,0.2392322
,,,,,,,,,,,,,,,,,,,,,,,,,,,,,,,,,,,,,,,,,,,,,,,05:43:17.427000,Manual Digging,0.6806349158,0.43700045,0.23022367,0.33814678,0.36202744,0.39604738,0.21528564,0.30574,0.60484922,0.73848188,0.69689071,0.53613609,0.46392372,0.34775189,0.54391354,0.61497509,0.45824486
,,,,,,,,,,,,,,,,,,,,,,,,,,,,,,,,,,,,,,,,,,,,,,,05:43:17.668000,Manual Digging,0.6806349158,1.414696,1.5539041,0.98718846,0.76788998,0.67353493,0.81259137,1.0015843,1.6897371,1.7320108,1.8089064,1.2701657,1.0454365,0.50669229,0.98057687,1.0656961,1.2470354
,,,,,,,,,,,,,,,,,,,,,,,,,,,,,,,,,,,,,,,,,,,,,,,05:43:17.908000,Manual Digging,0.6806349158,6.0908113,5.2310882,4.876598400000001,4.7317553,4.5829535,0.91552854,0.81852978,0.994995,1.1493852,1.5626843,1.6436123,1.3722615,0.3855485,0.64983511,0.62875116,0.76484936
,,,,,,,,,,,,,,,,,,,,,,,,,,,,,,,,,,,,,,,,,,,,,,,05:43:18.148000,Manual Digging,0.6806349158,3.8452604,2.6783602,2.0616546,2.0522692,2.0098805,0.46559867,0.3774347,1.065577,2.0531006,3.2134469,2.9840722,2.1152422000000004,0.80035967,0.59875482,0.37122157,0.41428238
,,,,,,,,,,,,,,,,,,,,,,,,,,,,,,,,,,,,,,,,,,,,,,,05:43:18.389000,Manual Digging,0.6806349158,3.8778472,3.3289089,2.8008204,3.3823156,3.350632,1.3861911,0.31563559,0.60156429,1.2110513,2.068347,2.004869,1.6619428,0.58169526,0.48553145,0.30647963,0.6058889000000001
,,,,,,,,,,,,,,,,,,,,,,,,,,,,,,,,,,,,,,,,,,,,,,,05:43:18.629000,Manual Digging,0.6806349158,1.5847083,1.294323,1.3085146,1.5110191000000002,1.4930618999999998,0.57626963,0.25368598,0.38141486,0.59443188,1.1407468,1.1057369,0.9590072,0.36751759,0.32174355,0.19423056,0.25856251
,,,,,,,,,,,,,,,,,,,,,,,,,,,,,,,,,,,,,,,,,,,,,,,05:43:18.869000,Manual Digging,0.6806349158,0.60479003,0.53842211,0.40120336,0.4631407,0.46042502,0.36188102,0.25834125,0.53341162,0.49063891,0.56805831,0.51600409,0.50787699,0.31767988,0.31286651,0.35477161,0.22863983
,,,,,,,,,,,,,,,,,,,,,,,,,,,,,,,,,,,,,,,,,,,,,,,05:43:19.110000,Manual Digging,0.6806349158,0.37421724,0.46211228,0.53662705,0.62737334,0.58720255,0.46117154,0.22493008,0.33772907,0.40786719,0.3902505,0.3629348,0.21312012,0.54056358,0.50474471,0.5104413,0.27121741
,,,,,,,,,,,,,,,,,,,,,,,,,,,,,,,,,,,,,,,,,,,,,,,05:43:19.350000,Manual Digging,0.6806349158,1.8834567,1.847007,1.337857,0.98833036,0.66282636,0.29873192,0.29965094,0.61240882,0.71144819,0.83473676,0.8451618000000001,0.80908084,0.37266657,0.59650046,0.5847128,0.65361702
,,,,,,,,,,,,,,,,,,,,,,,,,,,,,,,,,,,,,,,,,,,,,,,05:43:19.591000,Manual Digging,0.6806349158,1.2748243,0.98106885,1.0643747,1.0875893,1.1213925,0.38752806,0.49937928,0.4614242,0.59878033,0.7160877,0.72772366,0.7050090999999999,0.45629981,0.42801216,0.40486628,0.39737117
,,,,,,,,,,,,,,,,,,,,,,,,,,,,,,,,,,,,,,,,,,,,,,,05:43:19.831000,Manual Digging,0.6806349158,0.76966822,0.58860534,0.49004132,0.64198661,0.66292459,0.30341238,0.30790243,0.29554641,0.47354138,0.49737704,0.66774827,0.57976389,0.42209041,0.41988647,0.40256727,0.37177527
,,,,,,,,,,,,,,,,,,,,,,,,,,,,,,,,,,,,,,,,,,,,,,,05:43:20.071000,Manual Digging,0.6806349158,0.28473499,0.25548804,0.31098902,0.40473628,0.48580152,0.3450298,0.31967852,0.43006751,0.59237456,0.50856602,0.53548008,0.4650922999999999,0.35685942,0.38305831,0.36098188,0.34366763
,,,,,,,,,,,,,,,,,,,,,,,,,,,,,,,,,,,,,,,,,,,,,,,05:43:20.312000,Manual Digging,0.6806349158,0.49306306,0.42131636,0.61741698,0.72587973,0.76383197,0.3868393,0.28697723,0.31501624,0.36373422,0.41309464,0.54863495,0.37513795,0.46552145,0.3657715,0.27561027,0.23262592
,,,,,,,,,,,,,,,,,,,,,,,,,,,,,,,,,,,,,,,,,,,,,,,05:43:20.552000,Manual Digging,0.6806349158,0.90738255,0.7158047,0.43099788,0.38036272,0.44893822,0.27899545,0.28968012,0.5122745,0.55357772,0.7310223000000001,0.66545767,0.53284103,0.3212699,0.30933446,0.38532206,0.3761498
,,,,,,,,,,,,,,,,,,,,,,,,,,,,,,,,,,,,,,,,,,,,,,,05:43:20.793000,Manual Digging,0.6806349158,0.75993687,0.64620501,0.3867594,0.43530858,0.47934312,0.29565054,0.33538851,0.40345678,0.4636603,0.64478064,0.61055195,0.53826517,0.39230138,0.26388597,0.25345239,0.23832262
,,,,,,,,,,,,,,,,,,,,,,,,,,,,,,,,,,,,,,,,,,,,,,,05:43:21.033000,Manual Digging,0.6806349158,1.9011467,1.3027835,0.78148061,0.84634471,1.0258783,1.2020897,1.0909785,0.86814511,0.79816628,0.6907770000000001,0.74347442,0.65250897,1.4781457,1.4812044,1.2465578000000002,0.88458341
,,,,,,,,,,,,,,,,,,,,,,,,,,,,,,,,,,,,,,,,,,,,,,,05:43:21.273000,Manual Digging,0.6806349158,4.0576816,3.2206604,2.980768,2.7160969,2.6207378,1.1799761,0.92330521,1.4655112,1.6750839,1.51783,1.4760832,0.91590786,1.2907803,1.4764962,1.4239175,1.1831557
,,,,,,,,,,,,,,,,,,,,,,,,,,,,,,,,,,,,,,,,,,,,,,,05:43:21.514000,Manual Digging,0.6806349158,2.6618118,2.3513856,2.2212675,2.0171034,1.9763119,0.58166844,0.60588002,1.1397897,1.2998849,1.2789426000000002,1.4401723,0.85697985,0.41890153,0.49202943,0.49965537,0.42363939
,,,,,,,,,,,,,,,,,,,,,,,,,,,,,,,,,,,,,,,,,,,,,,,05:43:21.754000,Manual Digging,0.6806349158,1.5229374,1.2375413999999998,0.8580174999999999,0.86103672,0.87288773,0.32247278,0.40082663,0.59096891,0.84201205,0.81924736,0.89389533,0.56902152,0.41699639,0.41915357,0.38483325,0.30268192
,,,,,,,,,,,,,,,,,,,,,,,,,,,,,,,,,,,,,,,,,,,,,,,05:43:21.994000,Manual Digging,0.6806349158,1.503986,1.4047215,1.7457996999999998,1.7151477,1.7689464,0.29241893,0.42373842,0.59609753,0.8538629999999999,0.65642446,0.6091041,0.35969421,0.35218626,0.39945281,0.25419131,0.2903983
,,,,,,,,,,,,,,,,,,,,,,,,,,,,,,,,,,,,,,,,,,,,,,,05:43:22.235000,Manual Digging,0.6806349158,1.1557262,1.0456018,1.368472,1.3926051000000002,1.4551449,0.30042541,0.28702176,0.48253065,0.6656462,0.65684968,0.55530351,0.38296026,0.28605476,0.28019994,0.22326109,0.27991447
,,,,,,,,,,,,,,,,,,,,,,,,,,,,,,,,,,,,,,,,,,,,,,,05:43:22.475000,Manual Digging,0.6806349158,1.1352526,1.1599224,1.3427975,0.99220181,0.92925936,0.47845042,0.7168681,0.55494964,0.54736471,0.51824546,0.77992564,0.45191896,0.86484689,0.64812809,0.42956123,0.43568617
,,,,,,,,,,,,,,,,,,,,,,,,,,,,,,,,,,,,,,,,,,,,,,,05:43:22.716000,Manual Digging,0.6806349158,9.4734411,9.6241636,7.6049709,6.7259402,6.5658216,7.0955224,6.906604300000001,6.9115753,7.4961796,9.2371273,8.189580900000001,6.676834599999999,3.2654226000000004,2.8007822,1.9674457,1.7319032
,,,,,,,,,,,,,,,,,,,,,,,,,,,,,,,,,,,,,,,,,,,,,,,05:43:22.956000,Manual Digging,0.6806349158,5.6803679,6.2701635,4.9375834,4.5282407,4.4737554,2.9839125,2.863286,2.9065681,3.5242703,4.5160327,3.9416025,2.9205301,1.7312781000000004,1.2267277,0.94323391,0.58832717
,,,,,,,,,,,,,,,,,,,,,,,,,,,,,,,,,,,,,,,,,,,,,,,05:43:23.196000,Manual Digging,0.6806349158,1.9668686,2.1455507000000003,1.9053924,1.8161063,1.8663707,0.9270153,0.87734795,0.93054664,1.4917216999999998,1.8757212,1.6712521,0.95681053,0.57771242,0.42896092,0.34400028,0.32484597
,,,,,,,,,,,,,,,,,,,,,,,,,,,,,,,,,,,,,,,,,,,,,,,05:43:23.437000,Manual Digging,0.6806349158,0.78367156,0.77439916,1.1979587,1.2677315,1.1166563,0.62169951,0.36088854,0.62230849,0.70483547,0.71919137,0.72467154,0.45311162,0.31086102,0.2907561999999999,0.33827108,0.51255786
,,,,,,,,,,,,,,,,,,,,,,,,,,,,,,,,,,,,,,,,,,,,,,,05:43:23.677000,Manual Digging,0.6806349158,0.42482299,0.3368239999999999,0.49542129,0.57741112,0.57045186,0.65809673,0.5653100000000001,0.72876108,0.87111712,0.84925616,0.66668284,0.43633494,0.28310874,0.30765986,0.28616762,0.35346997
,,,,,,,,,,,,,,,,,,,,,,,,,,,,,,,,,,,,,,,,,,,,,,,05:43:23.917000,Manual Digging,0.6806349158,0.29109395,0.17162506,0.42657194,0.41593456,0.37982446,0.40498972,0.4125534,0.45272881,0.40126762,0.42425048,0.45240152,0.45253563,0.59277338,0.47730753,0.46183246,0.45902568
,,,,,,,,,,,,,,,,,,,,,,,,,,,,,,,,,,,,,,,,,,,,,,,05:43:24.158000,Manual Digging,0.6806349158,0.79782212,1.0910454,0.88676399,0.78746921,1.1821566,1.8634253,1.6034459,3.6558049,6.084245200000001,8.054577799999999,7.830572599999999,5.1180015,0.5925776999999999,0.81555241,1.2010072,1.5602542
,,,,,,,,,,,,,,,,,,,,,,,,,,,,,,,,,,,,,,,,,,,,,,,05:43:24.398000,Manual Digging,0.6806349158,2.5811739,2.4378457,2.197957,2.3132205000000003,1.8991379,1.0346361,0.88434172,2.4698305,4.0859027,5.3575974,5.090446900000001,3.1799698,0.48178431,0.55799448,0.72350615,0.80944467
,,,,,,,,,,,,,,,,,,,,,,,,,,,,,,,,,,,,,,,,,,,,,,,05:43:24.639000,Manual Digging,0.6806349158,1.159693,1.0660872,0.97419071,1.0586275,0.9579578,0.4123323,0.29923096,0.78900921,1.249895,1.6296774,1.6606058999999995,1.0424503,0.24135631,0.29895854,0.25141776,0.38137889
,,,,,,,,,,,,,,,,,,,,,,,,,,,,,,,,,,,,,,,,,,,,,,,05:43:24.879000,Manual Digging,0.6806349158,1.0403473,0.88281131,0.47547206,0.50297827,0.53972358,0.42268306,0.38737059,0.52606326,0.59913623,0.67405885,0.67256171,0.5571756999999999,0.26003271,0.28779548,0.21816477,0.33694682
,,,,,,,,,,,,,,,,,,,,,,,,,,,,,,,,,,,,,,,,,,,,,,,05:43:25.119000,Manual Digging,0.6806349158,0.89236552,0.90672851,1.045433,1.1306609,1.1039416000000002,0.44171351,0.29714313,0.28019518,0.32000494,0.41696739,0.4175417999999999,0.37443197,0.39693367,0.23496042,0.21224858,0.30389941
,,,,,,,,,,,,,,,,,,,,,,,,,,,,,,,,,,,,,,,,,,,,,,,05:43:25.360000,Manual Digging,0.6806349158,2.3355911,1.3603089,0.93851966,1.2706747,1.1334382,1.6726139,1.6679703999999995,1.6793162,1.4210191,1.5303612,1.1319892,0.72265059,1.1753007,1.585412,1.8657933,1.7348266
,,,,,,,,,,,,,,,,,,,,,,,,,,,,,,,,,,,,,,,,,,,,,,,05:43:25.600000,Manual Digging,0.6806349158,13.871723,11.372577,9.5921946,9.471324,8.754446000000002,3.1143560000000003,1.3640199,1.7043701,1.3983901,1.7213200000000002,1.1784701000000002,0.83655351,2.4141321,5.4828334000000005,5.6711888,4.6994696
,,,,,,,,,,,,,,,,,,,,,,,,,,,,,,,,,,,,,,,,,,,,,,,05:43:25.841000,Manual Digging,0.6806349158,8.0637102,6.0423231,5.9101119,5.7564993,5.062063200000001,1.4837884,0.75677383,0.94000393,2.546962,3.2726266,3.0792396,1.2696065,1.7928497,4.0718141,4.2116957,3.5612848
,,,,,,,,,,,,,,,,,,,,,,,,,,,,,,,,,,,,,,,,,,,,,,,05:43:26.081000,Manual Digging,0.6806349158,3.8083665,3.0127323,2.8728137,2.7281027,2.455368,0.68387455,0.24856173,0.65003234,1.4047151000000002,1.8049378,1.6982796000000002,0.81689376,0.57052571,1.268137,1.3753016000000002,1.1286098
,,,,,,,,,,,,,,,,,,,,,,,,,,,,,,,,,,,,,,,,,,,,,,,05:43:26.321000,Manual Digging,0.6806349158,1.2034172,0.93115681,1.0318545,1.0091097,1.0070450999999998,0.37199786,0.20054819,0.60274142,0.84192002,0.92576307,0.78293657,0.4475531,0.33258954,0.44221467,0.48365468,0.38208935
,,,,,,,,,,,,,,,,,,,,,,,,,,,,,,,,,,,,,,,,,,,,,,,05:43:26.562000,Manual Digging,0.6806349158,0.44728985,0.40588787,0.47402909,0.46055916,0.57034725,0.45034605,0.31818205,0.54060578,0.61219656,0.63032717,0.53667516,0.36275825,0.21876334,0.28653657,0.2850902999999999,0.34366071
,,,,,,,,,,,,,,,,,,,,,,,,,,,,,,,,,,,,,,,,,,,,,,,05:43:26.802000,Manual Digging,0.6806349158,0.53831923,0.46296012,0.25020421,0.22502759,0.28088331,0.34384483,0.3688789,0.35040146,0.47639915,0.50131565,0.55649531,0.44740859,0.21358444,0.22236265,0.3230966,0.28211004
,,,,,,,,,,,,,,,,,,,,,,,,,,,,,,,,,,,,,,,,,,,,,,,05:43:27.042000,Manual Digging,0.6806349158,0.88659203,0.93150139,0.65222842,1.0092684,1.5431429,2.5611317,2.0098088,2.1603703,2.3125408,2.3771544,1.7383428,0.99382406,0.63822043,1.403689,1.5090282,1.0934057
,,,,,,,,,,,,,,,,,,,,,,,,,,,,,,,,,,,,,,,,,,,,,,,05:43:27.283000,Manual Digging,0.6806349158,8.957180000000001,7.3758039,8.060913099999999,6.2291322000000005,5.1572752,4.0306926,3.9899156,6.7516727,13.342413,17.489872000000002,6.4582958,4.2529545,2.1641374,4.1262794000000005,6.9470568,6.6764174
,,,,,,,,,,,,,,,,,,,,,,,,,,,,,,,,,,,,,,,,,,,,,,,05:43:27.523000,Manual Digging,0.6806349158,10.875078,8.6206284,9.8268118,8.1038589,7.748460799999999,3.6733358,4.0330019,7.196437400000001,12.550349,15.842128,6.6471372,3.7964921,2.6481214,3.8041344,5.5452442,5.2025032
,,,,,,,,,,,,,,,,,,,,,,,,,,,,,,,,,,,,,,,,,,,,,,,05:43:27.764000,Manual Digging,0.6806349158,4.6953688,3.5278218,4.553522599999999,4.0252104,3.6020274,1.4827538,1.7029526999999998,2.3192391,3.8810587,4.8733459,2.5951831000000003,2.2293589,0.870727,1.1713269,1.6869323,1.5939071000000002
,,,,,,,,,,,,,,,,,,,,,,,,,,,,,,,,,,,,,,,,,,,,,,,05:43:28.004000,Manual Digging,0.6806349158,1.6099523,1.3389692,1.5550545,1.4070528999999998,1.2324355,0.4638605999999999,0.54500151,0.90916502,1.4963347,2.0024748,1.4313102,1.2295486999999998,0.31945691,0.38273305,0.62067783,0.53304255
,,,,,,,,,,,,,,,,,,,,,,,,,,,,,,,,,,,,,,,,,,,,,,,05:43:28.244000,Manual Digging,0.6806349158,0.57358718,0.51923078,0.6257993000000001,0.70163131,0.67825043,0.39915475,0.27190921,0.42721415,0.72430831,0.80832386,0.6153608,0.42736098,0.33697709,0.27920678,0.25830698,0.24635012
,,,,,,,,,,,,,,,,,,,,,,,,,,,,,,,,,,,,,,,,,,,,,,,05:43:28.485000,Manual Digging,0.6806349158,0.40016219,0.50633729,0.28062057,0.33214805,0.41482639,0.24694026,0.24045889,0.30733114,0.28555578,0.33676204,0.3322587,0.38598996,0.31631353,0.49536964,0.66340643,0.65418452
,,,,,,,,,,,,,,,,,,,,,,,,,,,,,,,,,,,,,,,,,,,,,,,05:43:28.725000,Manual Digging,0.6806349158,0.63731158,0.78249037,0.65731663,0.62348151,0.52033854,0.62900585,0.50740534,0.86888063,0.79226601,1.1927241000000002,1.0320964,0.87724799,0.46393043,0.53994679,0.59053898,0.54186279
,,,,,,,,,,,,,,,,,,,,,,,,,,,,,,,,,,,,,,,,,,,,,,,05:43:28.965000,Manual Digging,0.6806349158,3.037288,2.1074691000000003,2.0686615,2.083925,1.7823938999999998,0.69660109,0.597911,0.79975128,0.93701607,1.0745269,0.93947476,0.74879652,0.5243209,0.82518131,0.70442265,0.82304549
,,,,,,,,,,,,,,,,,,,,,,,,,,,,,,,,,,,,,,,,,,,,,,,05:43:29.206000,Manual Digging,0.6806349158,2.255635,1.5662421999999998,1.5362866000000002,1.5668651000000002,1.36096,0.48778856,0.31166205,0.44760445,0.69117296,0.60834134,0.70951128,0.45740217,0.39250895,0.55015332,0.56299889,0.6594882
,,,,,,,,,,,,,,,,,,,,,,,,,,,,,,,,,,,,,,,,,,,,,,,05:43:29.446000,Manual Digging,0.6806349158,1.1868627,1.0050273,1.0203651,1.0782082,0.99608546,0.37602851,0.22965904,0.3002654,0.29815745,0.36594051,0.39035577,0.36291111,0.29238656,0.33277518,0.29455119,0.4327904
,,,,,,,,,,,,,,,,,,,,,,,,,,,,,,,,,,,,,,,,,,,,,,,05:43:29.687000,Manual Digging,0.6806349158,2.823252,3.1578069,2.2368715,1.1737338,2.6219022,6.8711042,7.236385799999999,7.258493899999999,5.3484125,4.439671,3.0511158,1.4627485,4.517631099999999,7.337933500000001,7.9496579,8.3631802
,,,,,,,,,,,,,,,,,,,,,,,,,,,,,,,,,,,,,,,,,,,,,,,05:43:29.927000,Manual Digging,0.6806349158,22.11161,20.26895,17.142412,17.889488,13.936787,6.8905201,4.5793886,6.1832709,6.0235553,5.5106039,4.9233928,2.2657025,3.3550086,5.4494996,5.9037962,6.210897900000001
,,,,,,,,,,,,,,,,,,,,,,,,,,,,,,,,,,,,,,,,,,,,,,,05:43:30.167000,Manual Digging,0.6806349158,12.966228,12.035713,10.019008,11.527087,8.8811789,4.551414,1.9913692,2.6548014,4.400616599999999,4.0924377,3.6563466,1.5894467,1.0390769,1.7015268,1.9036266,1.9960176
,,,,,,,,,,,,,,,,,,,,,,,,,,,,,,,,,,,,,,,,,,,,,,,05:43:30.408000,Manual Digging,0.6806349158,3.961513,3.661031200000001,3.0475883,3.5208488,2.7088802000000003,1.3871822,0.90012026,0.81484306,1.3420004,1.2478018,1.1150869,0.60020477,0.58222532,0.61757636,0.58510327,0.61549181
,,,,,,,,,,,,,,,,,,,,,,,,,,,,,,,,,,,,,,,,,,,,,,,05:43:30.648000,Manual Digging,0.6806349158,1.4997576,1.3650303999999998,0.98379987,1.2180027,1.0876583999999998,0.72898293,0.44292215,0.55843341,0.7092455,0.78949016,0.55022824,0.5269472,0.40389979,0.46516463,0.52610373,0.49795091
,,,,,,,,,,,,,,,,,,,,,,,,,,,,,,,,,,,,,,,,,,,,,,,05:43:30.888000,Manual Digging,0.6806349158,0.85328811,0.57300884,0.58440912,0.68846422,0.75425529,0.48290527,0.27106267,0.4193162,0.48383316,0.49217972,0.40847665,0.39394563,0.28069574,0.2787762,0.33587927,0.30508003
,,,,,,,,,,,,,,,,,,,,,,,,,,,,,,,,,,,,,,,,,,,,,,,05:43:31.129000,Manual Digging,0.6806349158,0.33164841,0.29772025,0.30391657,0.27869859,0.38144407,0.31218046,0.25603074,0.44501972,0.38844231,0.35894093,0.42637047,0.32055792,0.22421807,0.36535317,0.45189264,0.2858189
,,,,,,,,,,,,,,,,,,,,,,,,,,,,,,,,,,,,,,,,,,,,,,,05:43:31.369000,Manual Digging,0.6806349158,0.40103298,0.32107159,0.28074896,0.2611857999999999,0.2804459,0.33391422,0.31880009,0.41018763,0.40891972,0.35201439,0.63363713,0.34480923,0.4086117999999999,0.39208671,0.45181128,0.21906491
,,,,,,,,,,,,,,,,,,,,,,,,,,,,,,,,,,,,,,,,,,,,,,,05:43:31.610000,Manual Digging,0.6806349158,0.56753838,0.49490616,0.22133404,0.27845004,0.30187225,0.28283563,0.30625156,0.37065521,0.58139259,0.5389924,0.57566637,0.32543752,0.31702575,0.30368024,0.25356537,0.16200148
,,,,,,,,,,,,,,,,,,,,,,,,,,,,,,,,,,,,,,,,,,,,,,,05:43:31.850000,Manual Digging,0.6806349158,0.6517629,0.48435563,0.53029108,0.49532926,0.50149387,0.22089776,0.23828438,0.55151963,0.57715267,0.54542434,0.32342026,0.3702790999999999,0.39570066,0.25977528,0.27481201,0.28139782
,,,,,,,,,,,,,,,,,,,,,,,,,,,,,,,,,,,,,,,,,,,,,,,05:43:32.090000,Manual Digging,0.6806349158,2.2983546,2.6752,3.6186087,2.2057083,2.343327,2.2438691000000004,2.9767432,2.7478991,5.352738400000001,7.298849099999999,9.601099,12.087572,16.178534,12.370277,10.917697,12.943974
,,,,,,,,,,,,,,,,,,,,,,,,,,,,,,,,,,,,,,,,,,,,,,,05:43:32.331000,Manual Digging,0.6806349158,22.505672,17.557295,16.134897,13.910812,11.87295,3.3669264,2.0105016,3.2493212,5.8646164,8.1815977,8.606411900000001,9.0355949,11.79558,9.1057234,8.3453836,9.6756725
,,,,,,,,,,,,,,,,,,,,,,,,,,,,,,,,,,,,,,,,,,,,,,,05:43:32.571000,Manual Digging,0.6806349158,9.7775097,7.5684943,6.9200387,5.8171587,5.169408799999999,1.3956574,0.78465164,1.3308873,2.4020848,3.3520641,3.5250945,3.2231827,3.6384492,2.8299797000000004,2.5688257,2.9431524
,,,,,,,,,,,,,,,,,,,,,,,,,,,,,,,,,,,,,,,,,,,,,,,05:43:32.812000,Manual Digging,0.6806349158,3.5155084000000003,2.6148515,2.4188998,2.1422658,2.1004369,0.51703757,0.24532929,0.81975394,1.0085948,1.3261282,1.3878803999999998,1.1120143,1.1180495,0.90038401,0.78955519,0.90609401
,,,,,,,,,,,,,,,,,,,,,,,,,,,,,,,,,,,,,,,,,,,,,,,05:43:33.052000,Manual Digging,0.6806349158,1.1862743,0.82226652,0.80094582,0.74019039,0.73211592,0.24764021,0.25298607,0.62091064,0.57358301,0.58265316,0.57754958,0.53245318,0.41008726,0.32410139,0.3623755,0.30514583
,,,,,,,,,,,,,,,,,,,,,,,,,,,,,,,,,,,,,,,,,,,,,,,05:43:33.292000,Manual Digging,0.6806349158,0.38813958,0.34828526,0.49452633,0.58175403,0.63429087,0.48434293,0.27226576,0.60425478,0.6574825,0.66843909,0.60034364,0.50285167,0.32107937,0.23040229,0.31594631,0.33022276
,,,,,,,,,,,,,,,,,,,,,,,,,,,,,,,,,,,,,,,,,,,,,,,05:43:33.533000,Manual Digging,0.6806349158,0.59464037,0.69983768,0.65384799,0.63045865,0.59773505,0.38597703,0.28568608,0.61645192,0.46490741,0.37429014,0.38739496,0.40415487,0.27703041,0.26089251,0.29507786,0.29886091
,,,,,,,,,,,,,,,,,,,,,,,,,,,,,,,,,,,,,,,,,,,,,,,05:43:33.773000,Manual Digging,0.6806349158,1.3016766000000002,1.5380353999999998,2.2996252,2.3445323,2.1375062,0.94360507,1.0404152,2.0298328000000003,2.7118938,3.44771,2.646271,1.4664266,0.79363877,1.3417124,2.723325,2.8477781
,,,,,,,,,,,,,,,,,,,,,,,,,,,,,,,,,,,,,,,,,,,,,,,05:43:34.013000,Manual Digging,0.6806349158,3.3093417,2.704283,3.0706577,3.1108608,2.6195221,0.59326309,0.4890599,1.2168138000000002,1.7246717,2.0130649,1.5575358,0.88688958,0.44331878,0.65405422,1.1869272,1.008801
,,,,,,,,,,,,,,,,,,,,,,,,,,,,,,,,,,,,,,,,,,,,,,,05:43:34.254000,Manual Digging,0.6806349158,4.3054357,6.821436900000001,9.788731599999998,7.884968799999999,5.103052099999999,5.0538363,5.1886482,2.3072958,2.1716354,2.9888811,3.9240365,5.6750932,7.452306699999999,7.0946512,6.1761127,7.760777
,,,,,,,,,,,,,,,,,,,,,,,,,,,,,,,,,,,,,,,,,,,,,,,05:43:34.494000,Manual Digging,0.6806349158,22.577248,20.628677,27.545683,25.27878,21.090384,3.0197291,2.8692045,1.7373683000000002,4.943506200000001,5.1533337,5.0663333,3.8122416,4.4522719,4.5144968,4.5243134000000005,5.7635241
,,,,,,,,,,,,,,,,,,,,,,,,,,,,,,,,,,,,,,,,,,,,,,,05:43:34.735000,Manual Digging,0.6806349158,12.451933,11.377246,15.192151999999998,13.941896,11.63189,1.7438767,1.3988446,1.2846127,2.8165567000000005,2.9210851000000004,2.8063047,1.7963192,1.3921497,1.375833,1.3977761,1.8337936
,,,,,,,,,,,,,,,,,,,,,,,,,,,,,,,,,,,,,,,,,,,,,,,05:43:34.975000,Manual Digging,0.6806349158,5.150239,4.308112599999999,5.0787797,4.7422304,4.1661668,0.5489257,0.46447191,0.70849693,1.3444541,1.4497468,1.4045728000000002,0.995579,0.52863121,0.54585338,0.61174756,0.72481745
,,,,,,,,,,,,,,,,,,,,,,,,,,,,,,,,,,,,,,,,,,,,,,,05:43:35.215000,Manual Digging,0.6806349158,2.3926399,2.0753023999999995,2.0634894,1.9335626,1.8737856,0.43842068,0.24877959,0.50112909,0.7601648,0.78576154,0.69790775,0.48246837,0.33080906,0.36447632,0.32813635,0.33230585
,,,,,,,,,,,,,,,,,,,,,,,,,,,,,,,,,,,,,,,,,,,,,,,05:43:35.456000,Manual Digging,0.6806349158,0.9611063,0.72887254,0.78814048,0.79501218,0.90349019,0.64756912,0.21210703,0.40469959,0.43203592,0.49830014,0.49914354,0.49369523,0.24074771,0.31618816,0.31319562,0.25823879
,,,,,,,,,,,,,,,,,,,,,,,,,,,,,,,,,,,,,,,,,,,,,,,05:43:35.696000,Manual Digging,0.6806349158,0.32202557,0.37188926,0.44252273,0.44084173,0.37095124,0.34841928,0.39317784,0.54591149,0.64351451,0.51220465,0.4151285,0.22743657,0.16297005,0.35238147,0.42131239,0.35690999
,,,,,,,,,,,,,,,,,,,,,,,,,,,,,,,,,,,,,,,,,,,,,,,05:43:35.936000,Manual Digging,0.6806349158,0.7348299,0.74679816,0.79329747,0.91086578,0.87085068,0.35585254,0.34432954,0.41889483,0.56067586,0.69521034,0.83305103,0.74927872,0.27741793,0.5120157,0.5585798000000001,0.71511692
,,,,,,,,,,,,,,,,,,,,,,,,,,,,,,,,,,,,,,,,,,,,,,,05:43:36.177000,Manual Digging,0.6806349158,0.51971835,0.47980127,0.60445738,0.7643199,0.71156114,0.30026993,0.29242262,0.2755453,0.64292675,0.78917098,0.76861972,0.55431062,0.32697269,0.31363696,0.35555682,0.50872624
,,,,,,,,,,,,,,,,,,,,,,,,,,,,,,,,,,,,,,,,,,,,,,,05:43:36.417000,Manual Digging,0.6806349158,0.39791903,0.36878896,0.23407753,0.32732549,0.38067582,0.32044175,0.34063622,0.45672598,0.70068526,0.81778711,0.79057503,0.43660894,0.44170204,0.31070226,0.33380905,0.30316681
,,,,,,,,,,,,,,,,,,,,,,,,,,,,,,,,,,,,,,,,,,,,,,,05:43:36.658000,Manual Digging,0.6806349158,0.6615504,0.59299695,0.5642429,0.57974958,0.5496062,0.25761214,0.24563326,0.39255357,0.45461741,0.53786308,0.54865694,0.42576882,0.40314803,0.36150807,0.50038099,0.39482898
,,,,,,,,,,,,,,,,,,,,,,,,,,,,,,,,,,,,,,,,,,,,,,,05:43:36.898000,Manual Digging,0.6806349158,0.36737698,0.36479649,0.3259823,0.35403314,0.43364322,0.2610552,0.24710281,0.48240334,0.52916485,0.71916819,0.66662312,0.54043919,0.30313653,0.23541893,0.29526979,0.30926701
,,,,,,,,,,,,,,,,,,,,,,,,,,,,,,,,,,,,,,,,,,,,,,,05:43:37.138000,Manual Digging,0.6806349158,0.52652699,0.40168467,0.40918046,0.45167339,0.57103461,0.31753555,0.3533228,0.32835749,0.39564952,0.42019078,0.5035826,0.3896206,0.35245574,0.22108331,0.33505327,0.35502109
,,,,,,,,,,,,,,,,,,,,,,,,,,,,,,,,,,,,,,,,,,,,,,,05:43:37.379000,Manual Digging,0.6806349158,1.024422,0.63383907,0.54423618,0.58372015,0.61346161,0.31882209,0.33208489,0.46782109,0.86148781,0.946962,0.9547497,0.51247102,0.41142467,0.27546278,0.25830564,0.24295682
,,,,,,,,,,,,,,,,,,,,,,,,,,,,,,,,,,,,,,,,,,,,,,,05:43:37.619000,Manual Digging,0.6806349158,1.2040851,1.8742608,2.3122501,1.582918,0.53366691,0.80325568,0.94601244,0.9562093,1.121689,1.2870123,1.053362,0.55985594,0.82184285,1.3812606,1.8982509,2.1727691000000005
,,,,,,,,,,,,,,,,,,,,,,,,,,,,,,,,,,,,,,,,,,,,,,,05:43:37.860000,Manual Digging,0.6806349158,7.2922144,7.0325379,8.3183756,8.416338,7.884673599999999,1.1645582,1.4248671999999998,0.57352155,0.83873534,1.2778188,1.4189358,1.1851343,0.67942131,1.066806,1.4821206,1.6272136
,,,,,,,,,,,,,,,,,,,,,,,,,,,,,,,,,,,,,,,,,,,,,,,05:43:38.100000,Manual Digging,0.6806349158,4.0426793,3.8786252,4.5877981,4.641826200000001,4.3486004000000005,0.64228392,0.8171984,0.74614727,0.93701488,1.1190189,0.96882713,0.82586259,0.44433898,0.55015266,0.72043699,0.58410507
,,,,,,,,,,,,,,,,,,,,,,,,,,,,,,,,,,,,,,,,,,,,,,,05:43:38.340000,Manual Digging,0.6806349158,1.7150128,1.4832495,1.6507893,1.672604,1.7210025000000002,0.33196372,0.30270699,0.86583966,0.91899115,1.0994002,0.98547512,0.8106661999999999,0.32998738,0.32236359,0.39238471,0.30316544
,,,,,,,,,,,,,,,,,,,,,,,,,,,,,,,,,,,,,,,,,,,,,,,05:43:38.581000,Manual Digging,0.6806349158,1.1028083999999998,1.0117369,1.1490399,1.1890954,1.2749331,0.32542348,0.36420006,0.68892938,0.69096804,0.81646717,0.731861,0.6219514,0.37435928,0.43588758,0.3661465,0.26820207
,,,,,,,,,,,,,,,,,,,,,,,,,,,,,,,,,,,,,,,,,,,,,,,05:43:38.821000,Manual Digging,0.6806349158,0.40458748,0.41741621,0.47432005,0.48977283,0.58741462,0.30625692,0.28012657,0.80505621,0.51483536,0.42660049,0.33937097,0.21700324,0.31606352,0.46918344,0.52095634,0.34146804
,,,,,,,,,,,,,,,,,,,,,,,,,,,,,,,,,,,,,,,,,,,,,,,05:43:39.061000,Manual Digging,0.6806349158,0.39459103,0.26461819,0.42110625,0.52123344,0.53315711,0.39683354,0.27934882,0.59787333,0.41366193,0.36747098,0.54549676,0.63315654,0.41953793,0.51017666,0.3926335,0.28799808
,,,,,,,,,,,,,,,,,,,,,,,,,,,,,,,,,,,,,,,,,,,,,,,05:43:39.302000,Manual Digging,0.6806349158,0.55454749,0.6385088000000001,0.82163334,0.74348021,0.75453687,0.56259608,0.2597411,0.63209873,0.31342509,0.34903967,0.50574958,0.48454189,0.4681924,0.32081565,0.33154419,0.25497171
,,,,,,,,,,,,,,,,,,,,,,,,,,,,,,,,,,,,,,,,,,,,,,,05:43:39.542000,Manual Digging,0.6806349158,0.7751115,0.68151861,0.54646748,0.51678175,0.5674969,0.42797157,0.41012532,0.69924504,0.5917244,0.83434606,0.94058317,0.86844754,0.34770203,0.36699396,0.40483683,0.53547913
,,,,,,,,,,,,,,,,,,,,,,,,,,,,,,,,,,,,,,,,,,,,,,,05:43:39.783000,Manual Digging,0.6806349158,10.470174,9.7305212,12.438807,10.846522,9.7863092,2.8876541,2.8281465,6.0080795,9.1726942,10.902663,10.603613,7.079416800000001,3.0833182,3.6183276,3.9342141,4.905867099999999
,,,,,,,,,,,,,,,,,,,,,,,,,,,,,,,,,,,,,,,,,,,,,,,05:43:40.023000,Manual Digging,0.6806349158,10.742133,10.065798,9.237651800000002,8.0898952,7.3873644,1.6906829,1.8960265,2.6657493,5.3519297,6.6306887,6.6111469,4.230243700000001,2.0745673,2.2888031000000004,2.1784165,2.2539876
,,,,,,,,,,,,,,,,,,,,,,,,,,,,,,,,,,,,,,,,,,,,,,,05:43:40.263000,Manual Digging,0.6806349158,4.8326302000000005,4.183469799999999,3.8444588,3.4128404000000003,3.044127,0.8959344000000001,0.63323516,1.0542027,2.534539,3.1110837000000005,2.9878786,1.6040763999999998,0.74001074,0.73048782,0.80474007,0.81439924
,,,,,,,,,,,,,,,,,,,,,,,,,,,,,,,,,,,,,,,,,,,,,,,05:43:40.504000,Manual Digging,0.6806349158,2.6653199,1.9410266,1.8016855,1.7240803,1.6437025,0.4186345,0.32018429,0.65190959,1.1245999,1.1301999,1.0684479,0.81850338,0.40137181,0.31772479,0.39205354,0.48858175
,,,,,,,,,,,,,,,,,,,,,,,,,,,,,,,,,,,,,,,,,,,,,,,05:43:40.744000,Manual Digging,0.6806349158,0.93034273,0.72515345,0.66394395,0.61638886,0.58535349,0.26222003,0.29165101,0.37392414,0.62180912,0.60216969,0.56690335,0.46112683,0.3961522,0.37000176,0.3621065,0.43526164
,,,,,,,,,,,,,,,,,,,,,,,,,,,,,,,,,,,,,,,,,,,,,,,05:43:40.984000,Manual Digging,0.6806349158,0.33444893,0.24982052,0.43670756,0.44229758,0.48068517,0.35719076,0.37703955,0.5780313,0.72298944,0.66234112,0.59424669,0.30492085,0.27587411,0.26578683,0.22909701,0.28387582
,,,,,,,,,,,,,,,,,,,,,,,,,,,,,,,,,,,,,,,,,,,,,,,05:43:41.225000,Manual Digging,0.6806349158,1.2054585,0.93471217,0.71038657,0.764893,0.82876027,0.34883553,0.3503000999999999,0.43279755,0.63144541,0.74609023,0.84486252,0.58580023,0.32089317,0.3051842999999999,0.26312414,0.38250977
,,,,,,,,,,,,,,,,,,,,,,,,,,,,,,,,,,,,,,,,,,,,,,,05:43:41.465000,Manual Digging,0.6806349158,0.95220464,0.79870272,0.43743235,0.49618319,0.50447392,0.34791902,0.36177266,0.42020863,0.71760255,0.76630729,0.88604414,0.50891411,0.62034011,0.34917402,0.30722338,0.31470498
,,,,,,,,,,,,,,,,,,,,,,,,,,,,,,,,,,,,,,,,,,,,,,,05:43:41.706000,Manual Digging,0.6806349158,1.207449,1.5744295,1.8939435,0.75941998,0.78911322,1.2926939,1.5316514,1.3664107,1.1394167,0.84418356,0.64405322,0.94350719,1.8891544,2.8923178,2.9428022,2.9680853
,,,,,,,,,,,,,,,,,,,,,,,,,,,,,,,,,,,,,,,,,,,,,,,05:43:41.946000,Manual Digging,0.6806349158,12.88321,12.769793,13.27101,12.615417,9.6523209,2.1290083,1.3843286,1.6021541,3.4333355000000005,3.8273373,3.8312573,2.0656223,1.4378021,2.1629839,2.1891105,2.2393725
,,,,,,,,,,,,,,,,,,,,,,,,,,,,,,,,,,,,,,,,,,,,,,,05:43:42.186000,Manual Digging,0.6806349158,7.637064,7.2376804,7.6634769,7.2813196,5.6006188,1.4355912,0.78195584,1.0337162,2.3829529,2.6755548,2.6805985,1.8259177,0.57580996,0.76804137,0.77833575,0.84676987
,,,,,,,,,,,,,,,,,,,,,,,,,,,,,,,,,,,,,,,,,,,,,,,05:43:42.427000,Manual Digging,0.6806349158,2.3947997,2.2656319,2.3310812000000003,2.2174318,1.7108375,0.55664206,0.27022222,0.68591261,1.0786411,1.3951989,1.4761934,1.0070405999999998,0.33774424,0.42159718,0.530155,0.35822594
,,,,,,,,,,,,,,,,,,,,,,,,,,,,,,,,,,,,,,,,,,,,,,,05:43:42.667000,Manual Digging,0.6806349158,1.0127723,0.94865751,0.85294431,0.82254201,0.75934219,0.50512606,0.26213169,0.5267629,0.62400067,0.66749328,0.65883708,0.44566795,0.22543886,0.30579314,0.34561235,0.24124368
,,,,,,,,,,,,,,,,,,,,,,,,,,,,,,,,,,,,,,,,,,,,,,,05:43:42.908000,Manual Digging,0.6806349158,0.55430025,0.54011816,0.35687953,0.28674376,0.23939608,0.36288002,0.27702865,0.3228054,0.39464939,0.30162486,0.40466285,0.15141106,0.32847071,0.31643447,0.29023892,0.1883297999999999
,,,,,,,,,,,,,,,,,,,,,,,,,,,,,,,,,,,,,,,,,,,,,,,05:43:43.148000,Manual Digging,0.6806349158,0.6497345,0.77027017,0.31021449,0.32832518,0.30058154,0.30630851,0.2692987,0.29175207,0.45450547,0.44467559,0.45371148,0.4697305,0.52558571,0.25557625,0.22106025,0.29937658
,,,,,,,,,,,,,,,,,,,,,,,,,,,,,,,,,,,,,,,,,,,,,,,05:43:43.388000,Manual Digging,0.6806349158,0.60789007,0.78980315,0.85484314,0.85434377,0.85203397,0.38230407,0.18118802,0.37385038,0.47320518,0.51067644,0.58500451,0.56838888,0.5662505,0.44890684,0.637317,0.53777003
,,,,,,,,,,,,,,,,,,,,,,,,,,,,,,,,,,,,,,,,,,,,,,,05:43:43.629000,Manual Digging,0.6806349158,0.49765694,0.71090895,0.51030511,0.41445854,0.34939966,0.27189523,0.29981485,0.46671078,0.53689814,0.48717105,0.51715213,0.40554261,0.42052472,0.35330981,0.49543604,0.41020605
,,,,,,,,,,,,,,,,,,,,,,,,,,,,,,,,,,,,,,,,,,,,,,,05:43:43.869000,Manual Digging,0.6806349158,4.5782924000000005,4.7098260000000005,3.8719556000000006,2.8670666,2.0748084,2.1354764,1.9958299,3.0489032000000003,3.2835476000000003,3.7898095,3.193265,1.6957259999999998,2.2343597,2.3259292,3.0588615000000003,5.490491400000001
,,,,,,,,,,,,,,,,,,,,,,,,,,,,,,,,,,,,,,,,,,,,,,,05:43:44.109000,Manual Digging,0.6806349158,13.982248,10.251572,7.9007239,7.6061182,6.5519586,2.3514285,1.4821987,3.6996179,4.3123417,4.8379297,4.049596299999999,1.6713724,1.7172756,1.8280122,2.3638253,4.1802988
,,,,,,,,,,,,,,,,,,,,,,,,,,,,,,,,,,,,,,,,,,,,,,,05:43:44.350000,Manual Digging,0.6806349158,6.6140018,5.3559875,4.426865599999999,4.3000708,3.4498079,0.98731756,0.47832781,1.1720986,1.4856652,1.7203482,1.6831808999999998,0.95050758,0.5904085,0.55919772,0.73457813,1.374889
,,,,,,,,,,,,,,,,,,,,,,,,,,,,,,,,,,,,,,,,,,,,,,,05:43:44.590000,Manual Digging,0.6806349158,2.0118513,1.6291877,1.3465669,1.3079983999999998,1.0697939,0.35433272,0.18986334,0.60498661,0.63680035,0.7651399999999999,0.73462456,0.48339114,0.25294241,0.27513558,0.29418346,0.46670872
,,,,,,,,,,,,,,,,,,,,,,,,,,,,,,,,,,,,,,,,,,,,,,,05:43:44.831000,Manual Digging,0.6806349158,0.8026163000000001,0.67647612,0.51188332,0.53881419,0.52593422,0.29214948,0.32133812,0.32568815,0.56439096,0.58979583,0.53691435,0.3259891,0.57286435,0.35324743,0.27327019,0.32996815
,,,,,,,,,,,,,,,,,,,,,,,,,,,,,,,,,,,,,,,,,,,,,,,05:43:45.071000,Manual Digging,0.6806349158,0.47545055,0.44812357,0.34333244,0.40530464,0.35522944,0.33177173,0.49931258,0.38169113,0.41487297,0.43636298,0.45037186,0.41103107,0.44121572,0.44971728,0.33606413,0.3046163
,,,,,,,,,,,,,,,,,,,,,,,,,,,,,,,,,,,,,,,,,,,,,,,05:43:45.311000,Manual Digging,0.6806349158,0.30795848,0.24654403,0.35507679,0.36189854,0.4234513,0.38780499,0.47007734,0.25672114,0.34049129,0.33456966,0.5062715999999999,0.45011276,0.29355559,0.49910825,0.38003945,0.41762957
,,,,,,,,,,,,,,,,,,,,,,,,,,,,,,,,,,,,,,,,,,,,,,,05:43:45.552000,Manual Digging,0.6806349158,0.50128138,0.45657828,0.3525137,0.45015585,0.44825712,0.45493406,0.48265293,0.49939072,0.47294474,0.6275031,0.48586297,0.39236358,0.3192856,0.27676785,0.41508433,0.47666711
,,,,,,,,,,,,,,,,,,,,,,,,,,,,,,,,,,,,,,,,,,,,,,,05:43:45.792000,Manual Digging,0.6806349158,7.369007099999999,6.6798615,4.6296725,4.4807014,4.0281663,2.5834799,1.8400414,1.6001471,2.5954781,2.7912482999999995,2.2648842,1.0648833999999998,1.3849603,2.1756198,2.61516,3.6874168
,,,,,,,,,,,,,,,,,,,,,,,,,,,,,,,,,,,,,,,,,,,,,,,05:43:46.032000,Manual Digging,0.6806349158,5.4725766,4.9607844000000005,3.4515634,3.3275833,2.9915085,1.527258,1.2897828000000002,1.8397961,4.7031684,5.9503536,5.6039267,3.3353305,1.0142555,1.1062128999999998,1.2718946000000002,1.5897546
,,,,,,,,,,,,,,,,,,,,,,,,,,,,,,,,,,,,,,,,,,,,,,,05:43:46.273000,Manual Digging,0.6806349158,9.2798338,8.2373714,6.852972500000001,6.619454400000001,5.5629153,1.403016,0.56885487,0.83518177,1.9266727,2.4449153,2.2953091,1.3661159,0.43790931,0.46179995,0.55464333,0.69798076
,,,,,,,,,,,,,,,,,,,,,,,,,,,,,,,,,,,,,,,,,,,,,,,05:43:46.513000,Manual Digging,0.6806349158,3.8643548,3.3997343,2.8806639,2.7939878,2.3659372000000003,0.74522269,0.30199784,0.42346182,0.66751683,0.89671391,0.86340773,0.75583714,0.26272109,0.30404311,0.34593108,0.39297426
,,,,,,,,,,,,,,,,,,,,,,,,,,,,,,,,,,,,,,,,,,,,,,,05:43:46.754000,Manual Digging,0.6806349158,1.3057953000000002,1.1642483,0.87624228,0.849877,0.72491008,0.34473002,0.24804854,0.60215878,0.91803861,0.90840119,0.8804903000000001,0.6677112,0.3375122,0.38831371,0.37836009,0.33091247
,,,,,,,,,,,,,,,,,,,,,,,,,,,,,,,,,,,,,,,,,,,,,,,05:43:46.994000,Manual Digging,0.6806349158,0.57262462,0.49457839,0.47953454,0.39832693,0.37286076,0.46132228,0.44896239,0.44797438,0.62559116,0.69773483,0.63236117,0.48147264,0.26383221,0.44235104,0.50593013,0.56871146
,,,,,,,,,,,,,,,,,,,,,,,,,,,,,,,,,,,,,,,,,,,,,,,05:43:47.234000,Manual Digging,0.6806349158,0.2469666,0.25552312,0.25645676,0.39001709,0.3266339,0.41563067,0.45068946,0.46988648,0.57037205,0.59799141,0.65280885,0.55153477,0.20404087,0.37793317,0.37834969,0.47509888
,,,,,,,,,,,,,,,,,,,,,,,,,,,,,,,,,,,,,,,,,,,,,,,05:43:47.475000,Manual Digging,0.6806349158,0.32095149,0.2874877999999999,0.23018651,0.28565195,0.21908168,0.28067654,0.3014251,0.52767831,0.53639829,0.51419544,0.39909035,0.42091572,0.20867372,0.29256383,0.2878674,0.28548762
,,,,,,,,,,,,,,,,,,,,,,,,,,,,,,,,,,,,,,,,,,,,,,,05:43:47.715000,Manual Digging,0.6806349158,9.7814512,9.3477564,7.8202868,7.1476946,6.467496400000001,5.3917637,5.9524488,6.434086799999999,5.8727036,6.1340466,4.948195,3.1751714,3.3501079,7.2044449,8.513670900000001,8.750407199999998
,,,,,,,,,,,,,,,,,,,,,,,,,,,,,,,,,,,,,,,,,,,,,,,05:43:47.956000,Manual Digging,0.6806349158,16.982803,14.530431,12.168887,11.803418,10.701708,4.521472900000001,2.9258678,5.683617099999999,7.2516799,7.7216401,6.4706907,3.4319062000000007,1.6131951999999998,3.9811599,4.695508,4.8260751
,,,,,,,,,,,,,,,,,,,,,,,,,,,,,,,,,,,,,,,,,,,,,,,05:43:48.196000,Manual Digging,0.6806349158,5.2413197,4.507821599999999,3.8553994,3.719476,3.4088017999999995,1.714036,1.4853666,1.9229479,2.6284549,2.7943877999999995,2.3294482000000003,2.3216863,2.3005927,1.2109917,1.4573807,1.4822078
,,,,,,,,,,,,,,,,,,,,,,,,,,,,,,,,,,,,,,,,,,,,,,,05:43:48.436000,Manual Digging,0.6806349158,17.567902,14.842485,15.551697,15.199807,13.799152,2.2150428,1.494211,3.9878798,7.9412327,10.363113,9.8218098,6.584523700000001,3.3451788,1.6898702,4.212936900000001,6.6720281
,,,,,,,,,,,,,,,,,,,,,,,,,,,,,,,,,,,,,,,,,,,,,,,05:43:48.677000,Manual Digging,0.6806349158,17.064339,13.25232,13.159578,13.186212,12.205523,1.6548578,1.1788235,3.115238,6.2081623,7.897690299999999,7.4009252,4.8899813,1.2829725,0.77793658,1.7255743,2.8229847
,,,,,,,,,,,,,,,,,,,,,,,,,,,,,,,,,,,,,,,,,,,,,,,05:43:48.917000,Manual Digging,0.6806349158,7.1938901,5.5327673,4.6769147,4.7550626,4.4508853,0.85021454,0.68485361,3.4154711000000004,4.1594734,4.3071709,3.1768699,1.5548381000000002,0.39025536,0.28350332,0.53962106,0.86903644
,,,,,,,,,,,,,,,,,,,,,,,,,,,,,,,,,,,,,,,,,,,,,,,05:43:49.157000,Manual Digging,0.6806349158,2.764807,2.2110045,1.7846016,1.8650587,1.9510187,3.7129591,4.499552700000001,6.0722442,7.6620502,9.0207138,7.4200835,4.5376663,1.4607111000000002,4.265781400000001,5.2164907,2.9277909
,,,,,,,,,,,,,,,,,,,,,,,,,,,,,,,,,,,,,,,,,,,,,,,05:43:49.398000,Manual Digging,0.6806349158,3.891001,3.3239202000000003,3.0467486,3.2868834,2.9722054,2.8237641,3.6684561,4.509538200000001,5.6902046,6.699213499999999,5.5105085,3.3700097,1.0898522,3.1731341,3.8740156,2.1761215
,,,,,,,,,,,,,,,,,,,,,,,,,,,,,,,,,,,,,,,,,,,,,,,05:43:49.638000,Manual Digging,0.6806349158,2.8896425,2.468502,2.262661,2.4409966,2.225764,0.93927801,1.1366613,1.7412529,2.6333921,3.0486929,2.8921943,1.5961729,0.4234135999999999,1.0443128000000002,1.219743,0.71627468
,,,,,,,,,,,,,,,,,,,,,,,,,,,,,,,,,,,,,,,,,,,,,,,05:43:49.879000,Manual Digging,0.6806349158,0.96751308,0.83017498,0.71464199,0.77881652,0.72403425,0.45431498,0.60714543,0.57808524,0.89529449,1.0040691,0.94171339,0.50231987,0.34505692,0.56730688,0.6855824,0.64380008
,,,,,,,,,,,,,,,,,,,,,,,,,,,,,,,,,,,,,,,,,,,,,,,05:43:50.119000,Manual Digging,0.6806349158,0.74712396,0.93420452,0.7440150999999999,0.53652686,0.89134753,2.3593254,2.467803,3.2925482,3.6022022,3.4513853,2.4045198,0.88401371,0.8758952,1.5597097,1.9528824,2.3561389
,,,,,,,,,,,,,,,,,,,,,,,,,,,,,,,,,,,,,,,,,,,,,,,05:43:50.359000,Manual Digging,0.6806349158,2.0531194,1.6324569,1.0411606,1.3492468999999998,1.4334358,1.0466201,1.0687504,1.3699629,1.6211433000000002,1.6252643999999998,1.2019774,0.5002085000000001,0.57312071,0.82933468,1.0442933,1.1356084
,,,,,,,,,,,,,,,,,,,,,,,,,,,,,,,,,,,,,,,,,,,,,,,05:43:50.600000,Manual Digging,0.6806349158,1.0262258,1.1500758999999998,1.0050216,0.6817764000000001,0.60821861,0.58776629,0.74754912,1.086715,0.86858428,0.70681792,0.55523616,0.62553406,4.3336582,4.677657099999999,5.6902599,5.572620400000001
,,,,,,,,,,,,,,,,,,,,,,,,,,,,,,,,,,,,,,,,,,,,,,,05:43:50.840000,Manual Digging,0.6806349158,1.8504919,1.8180251,2.5855508,2.6436834,2.4810047,0.54694015,0.61458135,0.78875262,0.82539141,0.85355854,0.91717649,0.58311951,2.4682071,2.6425571,3.2044125,3.0782402
,,,,,,,,,,,,,,,,,,,,,,,,,,,,,,,,,,,,,,,,,,,,,,,05:43:51.080000,Manual Digging,0.6806349158,1.0212736999999998,0.84287947,0.92609799,0.97497028,0.95167428,0.48230544,0.4112733,0.70506024,0.8402347,0.97523731,1.0217409,0.27779076,0.76804465,0.82918006,1.0060068000000002,0.97597319
,,,,,,,,,,,,,,,,,,,,,,,,,,,,,,,,,,,,,,,,,,,,,,,05:43:51.321000,Manual Digging,0.6806349158,0.77851087,0.67123461,0.48214301,0.68501753,1.1593826,2.1053655,2.0099955,2.8075204,2.5894237,2.3461759,1.2888066,0.53566122,0.8125248,2.0896907,2.0030305,1.2669845
,,,,,,,,,,,,,,,,,,,,,,,,,,,,,,,,,,,,,,,,,,,,,,,05:43:51.561000,Manual Digging,0.6806349158,6.4718761,4.9664025,4.4748535,4.394207,4.038198,1.178624,1.1126593,1.6653672,2.172539,2.4446652,1.9660773,0.90647328,0.63297856,1.3139268,1.284274,0.8628691999999999
,,,,,,,,,,,,,,,,,,,,,,,,,,,,,,,,,,,,,,,,,,,,,,,05:43:51.802000,Manual Digging,0.6806349158,4.1931438,3.1692657000000004,2.5221393,2.4959583,2.2418542,0.49870494,0.40512961,0.73220241,1.1982111999999998,1.3482958,1.0843421999999998,0.67018729,0.31713736,0.40416279,0.42248678,0.61284399
,,,,,,,,,,,,,,,,,,,,,,,,,,,,,,,,,,,,,,,,,,,,,,,05:43:52.042000,Manual Digging,0.6806349158,1.4200217,1.0947257,0.88718176,0.87566012,0.80376589,0.25942335,0.30259421,0.52150631,0.88578868,1.0830269,1.0110235,0.62264776,0.36018372,0.44946831,0.30808914,0.44646859
,,,,,,,,,,,,,,,,,,,,,,,,,,,,,,,,,,,,,,,,,,,,,,,05:43:52.282000,Manual Digging,0.6806349158,0.49324855,0.47309828,0.57550114,0.5476647,0.55868155,0.35481453,0.35606009,0.55175769,0.70443469,0.68115127,0.67177904,0.45292774,0.34360927,0.28324533,0.36065459,0.34067243
,,,,,,,,,,,,,,,,,,,,,,,,,,,,,,,,,,,,,,,,,,,,,,,05:43:52.523000,Manual Digging,0.6806349158,1.0629145,1.9267048,1.7308304,0.81636119,2.8745372,4.6917973,4.8339472,2.5942364,1.6892098000000002,2.9981158,3.7744317,5.8663225,5.4612889,4.5879993,3.5544388,3.8460891
,,,,,,,,,,,,,,,,,,,,,,,,,,,,,,,,,,,,,,,,,,,,,,,05:43:52.763000,Manual Digging,0.6806349158,16.583835999999998,14.140304,17.426334,15.292260999999998,12.274322,3.4924547999999995,3.6081355,2.614753,6.7616858,7.386856599999999,7.397495299999999,5.091917,5.6597776,4.236171700000001,3.3078148,4.2373629
,,,,,,,,,,,,,,,,,,,,,,,,,,,,,,,,,,,,,,,,,,,,,,,05:43:53.004000,Manual Digging,0.6806349158,17.461906,15.222094,16.405025,16.075295999999998,12.708442,2.8036528,3.4909034,6.5500422,13.957669,14.840841,12.658175,3.3132927000000003,4.327239,4.2886639,4.4571915,4.805861900000001
,,,,,,,,,,,,,,,,,,,,,,,,,,,,,,,,,,,,,,,,,,,,,,,05:43:53.244000,Manual Digging,0.6806349158,12.968046,11.304654,12.183153,11.938283,9.4378948,1.3420653,1.2522761999999998,4.864374199999999,10.365632000000002,11.021518,9.4005661,2.1091087,1.4871907,1.7673161,1.8451258,2.1202214
,,,,,,,,,,,,,,,,,,,,,,,,,,,,,,,,,,,,,,,,,,,,,,,05:43:53.484000,Manual Digging,0.6806349158,6.709297200000001,5.2019768,5.4355583,5.298646499999999,4.641221,0.80152726,0.39028531,2.3509269,3.7934988,4.1981602,3.540256,1.2621635,0.51042551,0.62565154,0.61598408,0.65482211
,,,,,,,,,,,,,,,,,,,,,,,,,,,,,,,,,,,,,,,,,,,,,,,05:43:53.725000,Manual Digging,0.6806349158,2.6046705,2.2475772000000003,2.1314483,2.5164292,2.2340968,0.29153436,0.22727884,0.83004999,1.1675464,1.3043854,1.1051435,0.45511222,0.37126452,0.36596218,0.31418571,0.74264127
,,,,,,,,,,,,,,,,,,,,,,,,,,,,,,,,,,,,,,,,,,,,,,,05:43:53.965000,Manual Digging,0.6806349158,1.4365427,1.2395966,1.1755483999999998,1.3878753,1.2321618,0.25017861,0.19658056,0.75362855,0.9035579,0.9410125,0.78830129,0.45939088,0.36653227,0.26775217,0.56279659,0.4425367999999999
,,,,,,,,,,,,,,,,,,,,,,,,,,,,,,,,,,,,,,,,,,,,,,,05:43:54.205000,Manual Digging,0.6806349158,0.67031217,0.46615991,0.57703692,0.65335083,0.6762079000000001,0.29011524,0.22960623,0.27760133,0.65689754,0.51425195,0.51458657,0.29398859,0.26086912,0.45669454,0.48710713,0.37057966
,,,,,,,,,,,,,,,,,,,,,,,,,,,,,,,,,,,,,,,,,,,,,,,05:43:54.446000,Manual Digging,0.6806349158,0.92928773,0.70261478,0.61499625,0.64306736,0.68252718,0.39340284,0.53122276,0.45395926,0.71921277,0.63758355,0.60672063,0.35260469,0.98369032,0.68287683,0.81214249,0.60095072
,,,,,,,,,,,,,,,,,,,,,,,,,,,,,,,,,,,,,,,,,,,,,,,05:43:54.686000,Manual Digging,0.6806349158,0.70704758,0.52577913,0.44871131,0.51541084,0.5003497,0.30233356,0.3945114,0.31059718,0.37971088,0.27432469,0.33439702,0.16960253,0.75643659,0.65226221,0.60338616,0.47381648
,,,,,,,,,,,,,,,,,,,,,,,,,,,,,,,,,,,,,,,,,,,,,,,05:43:54.927000,Manual Digging,0.6806349158,0.36946061,0.35538396,0.4803156,0.60078579,0.58849615,0.27664015,0.22979015,0.49786487,0.69791001,0.70051825,0.70101011,0.34164485,0.38124633,0.55152935,0.56575447,0.57327199
,,,,,,,,,,,,,,,,,,,,,,,,,,,,,,,,,,,,,,,,,,,,,,,05:43:55.167000,Manual Digging,0.6806349158,0.28252131,0.47150993,0.2985692,0.35020921,0.39755413,0.18859452,0.18179393,0.34711552,0.56110269,0.52684766,0.57008791,0.32356834,0.29682547,0.46419469,0.54346639,0.40887561
,,,,,,,,,,,,,,,,,,,,,,,,,,,,,,,,,,,,,,,,,,,,,,,05:43:55.407000,Manual Digging,0.6806349158,0.56609392,0.6331026,0.38846275,0.48440987,0.50113839,0.19841409,0.24512653,0.57347393,0.89063638,0.89956081,0.72118258,0.25637385,0.25646862,0.20534183,0.24621956,0.22361811
,,,,,,,,,,,,,,,,,,,,,,,,,,,,,,,,,,,,,,,,,,,,,,,05:43:55.648000,Manual Digging,0.6806349158,0.29500932,0.35150787,0.29880843,0.33070996,0.30959794,0.15291877,0.20892948,0.39499918,0.57687807,0.56761563,0.53107232,0.53879768,0.51743954,0.37957308,0.28478858,0.21117643
,,,,,,,,,,,,,,,,,,,,,,,,,,,,,,,,,,,,,,,,,,,,,,,05:43:55.888000,Manual Digging,0.6806349158,0.32531789,0.41505599,0.25502467,0.28184962,0.24154362,0.38881832,0.19975887,0.26227266,0.3437207,0.30672395,0.47578394,0.43455893,0.45794529,0.35587388,0.41362315,0.42879236
,,,,,,,,,,,,,,,,,,,,,,,,,,,,,,,,,,,,,,,,,,,,,,,05:43:56.128000,Manual Digging,0.6806349158,0.36951128,0.58303589,0.55773914,0.35922885,0.28685069,0.59688109,0.63905925,0.78957617,0.56980467,0.66054767,0.37977153,0.52277261,0.4150309,0.48407209,0.43378758,0.60141057
,,,,,,,,,,,,,,,,,,,,,,,,,,,,,,,,,,,,,,,,,,,,,,,05:43:56.369000,Manual Digging,0.6806349158,1.2552173,1.3323997,0.86895931,0.88260436,0.72157127,0.62518299,0.59927034,0.88746405,0.7734167,0.86564904,0.55119461,0.48043793,0.28180242,0.36045682,0.33655721,0.49083203
,,,,,,,,,,,,,,,,,,,,,,,,,,,,,,,,,,,,,,,,,,,,,,,05:43:56.609000,Manual Digging,0.6806349158,1.4848431,1.2919667,1.1347197,1.1961944,1.0444497,0.37320641,0.42461839,0.99741691,0.98823512,1.0179046,0.76336241,0.38827685,0.32628036,0.28957838,0.32935876,0.38158005
,,,,,,,,,,,,,,,,,,,,,,,,,,,,,,,,,,,,,,,,,,,,,,,05:43:56.850000,Manual Digging,0.6806349158,1.1359208,0.9545421,0.52395129,0.61174476,0.56005388,0.26602525,0.19626297,0.62002409,0.64241081,0.6684140000000001,0.45645866,0.27603829,0.30687377,0.28367546,0.36110944,0.26043227
,,,,,,,,,,,,,,,,,,,,,,,,,,,,,,,,,,,,,,,,,,,,,,,05:43:57.090000,Manual Digging,0.6806349158,0.72820044,0.7286914000000001,0.49574608,0.60805339,0.7343715999999999,0.68642515,0.44947526,0.50755632,0.42629552,0.33833498,0.43569431,0.50386858,0.37719187,0.46469021,0.62971067,0.69392282
,,,,,,,,,,,,,,,,,,,,,,,,,,,,,,,,,,,,,,,,,,,,,,,05:43:57.330000,Manual Digging,0.6806349158,0.93850148,0.88522428,0.69052303,0.72039306,0.84753388,1.5009923,1.4508288,2.0606961,2.4315531000000004,2.4008973,2.043056,1.1372832,0.79603982,0.66666412,0.92531687,0.93969059
,,,,,,,,,,,,,,,,,,,,,,,,,,,,,,,,,,,,,,,,,,,,,,,05:43:57.571000,Manual Digging,0.6806349158,1.0364065,0.67539185,0.56319869,0.65953606,0.69632697,0.72631478,0.59623992,0.82725298,1.1619191999999998,1.3029273,1.2269069,0.75912333,0.43870211,0.34648672,0.42764285,0.54792506
,,,,,,,,,,,,,,,,,,,,,,,,,,,,,,,,,,,,,,,,,,,,,,,05:43:57.811000,Manual Digging,0.6806349158,0.52953297,0.33837107,0.349612,0.4276357,0.44567513,0.40592179,0.36949646,0.36699715,0.55564684,0.61554116,0.73611057,0.56572056,0.42212212,0.30825624,0.39645314,0.36910248
,,,,,,,,,,,,,,,,,,,,,,,,,,,,,,,,,,,,,,,,,,,,,,,05:43:58.052000,Manual Digging,0.6806349158,0.45619801,0.40178165,0.57223397,0.5670141,0.55608612,0.33394018,0.34816504,0.6079008,0.57777905,0.47555879,0.44329408,0.30548677,0.31348807,0.39568987,0.42200294,0.40844548
,,,,,,,,,,,,,,,,,,,,,,,,,,,,,,,,,,,,,,,,,,,,,,,05:43:58.292000,Manual Digging,0.6806349158,0.37235174,0.33751428,0.30444637,0.27782196,0.33085686,0.30982327,0.30717197,0.43772352,0.35537764,0.28485864,0.28322828,0.42323983,0.4222545,0.36600921,0.35189143,0.38331577
,,,,,,,,,,,,,,,,,,,,,,,,,,,,,,,,,,,,,,,,,,,,,,,05:43:58.532000,Manual Digging,0.6806349158,0.3687680999999999,0.31250715,0.28702787,0.25968716,0.27210552,0.2952815,0.35461432,0.43062595,0.52119905,0.57844055,0.49878186,0.53250921,0.43276915,0.38964334,0.40245929,0.45020747
,,,,,,,,,,,,,,,,,,,,,,,,,,,,,,,,,,,,,,,,,,,,,,,05:43:58.773000,Manual Digging,0.6806349158,0.51055259,0.57351458,0.63364607,0.63574511,0.5394206,0.36719832,0.41779765,0.45770246,0.7456187,0.79573429,0.74318331,0.51473719,0.51103079,0.39251506,0.37806526,0.3476775
,,,,,,,,,,,,,,,,,,,,,,,,,,,,,,,,,,,,,,,,,,,,,,,05:43:59.013000,Manual Digging,0.6806349158,0.71593487,0.8272136999999998,0.62164986,0.72058362,0.66331959,1.4776409,1.6074883999999998,3.5284655,3.8944113,4.445452700000001,2.5536013,1.4641563999999998,0.44679832,0.6313504,0.93700349,0.96531802
,,,,,,,,,,,,,,,,,,,,,,,,,,,,,,,,,,,,,,,,,,,,,,,05:43:59.253000,Manual Digging,0.6806349158,3.8145585,2.9907212000000003,2.3548479,2.0528917,1.6617837,1.1596274,1.3120868,2.7392769,4.1711082,4.6219797,3.6662183,1.7547996,0.51358873,0.46882135,0.5480603000000001,0.56922543
,,,,,,,,,,,,,,,,,,,,,,,,,,,,,,,,,,,,,,,,,,,,,,,05:43:59.494000,Manual Digging,0.6806349158,2.2496114,1.7058993999999998,1.3557639,1.1491867,0.88863081,0.47641802,0.48166704,1.0822228,1.7084413,1.8931136,1.5152515,0.77238762,0.41718882,0.34470835,0.34976807,0.31179765
,,,,,,,,,,,,,,,,,,,,,,,,,,,,,,,,,,,,,,,,,,,,,,,05:43:59.734000,Manual Digging,0.6806349158,1.5536573,1.073962,0.8202004999999999,0.92690235,1.00486,0.65616983,0.48179865,0.84431964,0.81359512,0.85844338,0.704413,0.45748249,0.34418312,0.23995438,0.22038126,0.30142388
,,,,,,,,,,,,,,,,,,,,,,,,,,,,,,,,,,,,,,,,,,,,,,,05:43:59.975000,Manual Digging,0.6806349158,15.292815,13.617472,12.696686,11.053395,8.337723700000002,6.2243075,9.9754276,12.933715,13.910712,15.558522,11.619359,7.104101200000001,3.6362393,5.2483697,6.593990799999999,7.1223288
,,,,,,,,,,,,,,,,,,,,,,,,,,,,,,,,,,,,,,,,,,,,,,,05:44:00.215000,Manual Digging,0.6806349158,19.609301,16.229719,15.138157,14.009264000000002,10.84901,4.7133794,4.1593165,6.7051373,10.683358,12.097685,10.192903,5.461103400000001,2.2567539,2.5070028,2.8918998,3.0920346000000003
,,,,,,,,,,,,,,,,,,,,,,,,,,,,,,,,,,,,,,,,,,,,,,,05:44:00.455000,Manual Digging,0.6806349158,6.9856739,5.7022572,5.6435146,5.1781378,4.4069018,1.4337188,1.2651836,2.4418166,4.4680529,5.1526027,4.5938249,2.7746212000000003,0.78441471,0.78456068,0.94651288,0.96800816
,,,,,,,,,,,,,,,,,,,,,,,,,,,,,,,,,,,,,,,,,,,,,,,05:44:00.696000,Manual Digging,0.6806349158,2.1368001,1.7972093,1.7230642,1.6479878,1.4615858,1.2019985,0.88279438,2.1895065,2.4985306,2.4664271,1.8244966,1.221539,0.87516379,0.98352164,1.0672306,0.68294442
,,,,,,,,,,,,,,,,,,,,,,,,,,,,,,,,,,,,,,,,,,,,,,,05:44:00.936000,Manual Digging,0.6806349158,5.8547316,5.1639299,4.715936699999999,4.8253345,4.3265638,1.0300273000000002,0.40828323,1.2499467,1.8190315,1.8303984,1.4636958999999998,0.72077996,0.65052032,0.71355265,0.63369435,0.6853894
,,,,,,,,,,,,,,,,,,,,,,,,,,,,,,,,,,,,,,,,,,,,,,,05:44:01.176000,Manual Digging,0.6806349158,1.8034241,1.5819116000000002,1.4790076,1.5542258,1.4326187,0.35374877,0.23859279,0.43179607,0.62834436,0.67236346,0.57844573,0.29742417,0.38067994,0.38529718,0.38203394,0.38133913
,,,,,,,,,,,,,,,,,,,,,,,,,,,,,,,,,,,,,,,,,,,,,,,05:44:01.417000,Manual Digging,0.6806349158,0.64757085,0.56683677,0.60846657,0.64878201,0.61595178,0.18532562,0.21571657,0.29277799,0.25522333,0.27749464,0.31876892,0.34946629,0.30601093,0.51735884,0.6760304,0.63397491
,,,,,,,,,,,,,,,,,,,,,,,,,,,,,,,,,,,,,,,,,,,,,,,05:44:01.657000,Manual Digging,0.6806349158,0.63434905,0.42416656,1.091538,1.2225972,1.2414577,0.54667985,0.27433234,0.55246443,0.54176271,0.49461904,0.54278994,0.32202929,0.28289834,0.33987278,0.27935952,0.29817849
,,,,,,,,,,,,,,,,,,,,,,,,,,,,,,,,,,,,,,,,,,,,,,,05:44:01.898000,Manual Digging,0.6806349158,0.34642696,0.22186638,0.42455608,0.49998045,0.51407397,0.42771596,0.24550481,0.52823353,0.72427976,0.77989495,0.91940653,0.83538038,0.33097264,0.30960488,0.23045525,0.24054368
,,,,,,,,,,,,,,,,,,,,,,,,,,,,,,,,,,,,,,,,,,,,,,,05:44:02.138000,Manual Digging,0.6806349158,1.8799028,2.5903225,3.9551122,3.6380537,4.2944622,6.0221119000000005,6.3156857,7.834807400000001,9.128191,9.784894,6.7710423,3.7229891,2.7756615,3.2039959,3.6354666,3.5983734
,,,,,,,,,,,,,,,,,,,,,,,,,,,,,,,,,,,,,,,,,,,,,,,05:44:02.378000,Manual Digging,0.6806349158,8.4643517,6.631805900000001,8.6191587,8.2974577,8.0782585,6.3970699,7.561089999999999,7.791562599999999,7.3772287,8.26723,6.187353599999999,2.935926,2.9256458,3.7808371,3.4135919,2.3372984
,,,,,,,,,,,,,,,,,,,,,,,,,,,,,,,,,,,,,,,,,,,,,,,05:44:02.619000,Manual Digging,0.6806349158,5.3063974,4.0268955,5.7072277,5.3498812,5.0242605000000005,2.1849082,2.3811891,3.4267051,3.988142,4.5595903,3.4124849000000004,1.3384267,0.97351187,1.3125924999999998,1.206617,0.92845672
,,,,,,,,,,,,,,,,,,,,,,,,,,,,,,,,,,,,,,,,,,,,,,,05:44:02.859000,Manual Digging,0.6806349158,2.3378406000000003,1.5284018999999998,1.96849,1.9068266,1.8151549,0.70730317,0.77967054,1.2876556,1.6982567,1.8869663,1.4371256,0.56699896,0.41985747,0.44402871,0.40671295,0.58871591
,,,,,,,,,,,,,,,,,,,,,,,,,,,,,,,,,,,,,,,,,,,,,,,05:44:03.099000,Manual Digging,0.6806349158,0.73996866,0.52315325,0.62062269,0.67107463,0.66736954,0.43490741,0.44116342,0.52942103,0.75030702,0.75474316,0.66418028,0.32460693,0.40745097,0.5207603,0.29363671,0.32542661
,,,,,,,,,,,,,,,,,,,,,,,,,,,,,,,,,,,,,,,,,,,,,,,05:44:03.340000,Manual Digging,0.6806349158,1.0258253000000002,0.68148303,0.6762138000000001,0.82035309,0.8123858,0.41170645,0.3401514,0.45564052,0.66327018,0.60823393,0.53470933,0.31302229,0.51758403,0.47472495,0.29113385,0.38999832
,,,,,,,,,,,,,,,,,,,,,,,,,,,,,,,,,,,,,,,,,,,,,,,05:44:03.580000,Manual Digging,0.6806349158,1.8577462,1.3003739,1.0055338,1.0906037,1.2075381,1.6985801,2.0012333,1.7604432,1.1455479,1.1124040000000002,0.69442052,0.53649139,0.64073902,1.5256579,1.9244931,1.7227176
,,,,,,,,,,,,,,,,,,,,,,,,,,,,,,,,,,,,,,,,,,,,,,,05:44:03.821000,Manual Digging,0.6806349158,1.696926,1.3906622,1.0032665,1.1736717,1.1741431,1.3013618,1.4980794,1.3073891000000002,1.1657988,1.1682402,0.95832992,0.55423015,0.48304865,1.1458617,1.5024679,1.3631236999999998
,,,,,,,,,,,,,,,,,,,,,,,,,,,,,,,,,,,,,,,,,,,,,,,05:44:04.061000,Manual Digging,0.6806349158,0.98340982,0.83649445,0.71528971,0.85330278,0.79941922,0.82410663,0.79533005,0.92433429,0.894108,0.97578812,0.78628492,0.67087853,0.29611734,0.38469052,0.66620713,0.84964168
,,,,,,,,,,,,,,,,,,,,,,,,,,,,,,,,,,,,,,,,,,,,,,,05:44:04.301000,Manual Digging,0.6806349158,0.468582,0.43427119,0.41092834,0.54146892,0.44410998,0.48008329,0.42645603,0.71133745,0.71179295,0.77566254,0.65350848,0.58066297,0.25980267,0.26403052,0.30103701,0.45728999
,,,,,,,,,,,,,,,,,,,,,,,,,,,,,,,,,,,,,,,,,,,,,,,05:44:04.542000,Manual Digging,0.6806349158,0.36913946,0.35926577,0.43267903,0.55609703,0.80655891,1.1206126,1.5829296999999998,1.1610645,1.1845729,1.4770768,3.7806463,6.8581181,7.8197436,6.3788691,5.673890599999999,6.3032722
,,,,,,,,,,,,,,,,,,,,,,,,,,,,,,,,,,,,,,,,,,,,,,,05:44:04.782000,Manual Digging,0.6806349158,1.253992,0.85346007,0.9443692,1.0118014000000002,1.1725891000000002,0.97536677,1.7884109,2.1335931,2.3941274,2.5102527,3.1407130000000003,3.8170574,4.3715448,3.5585005,3.2851889,3.5297132000000007
,,,,,,,,,,,,,,,,,,,,,,,,,,,,,,,,,,,,,,,,,,,,,,,05:44:05.023000,Manual Digging,0.6806349158,0.7048977,0.36552316,0.93764871,0.98199826,1.0554073999999998,0.43256459,0.65334421,1.1904374,1.4030728,1.3944597,1.1941433,1.178108,1.3904908,1.116259,1.1514757,1.1552223
,,,,,,,,,,,,,,,,,,,,,,,,,,,,,,,,,,,,,,,,,,,,,,,05:44:05.263000,Manual Digging,0.6806349158,0.39998776,0.3121734,0.53328186,0.4751547,0.50744945,0.33730286,0.38726893,0.51304442,0.55024576,0.55282325,0.46832043,0.42240289,0.52485991,0.4476935,0.54683459,0.6435613
,,,,,,,,,,,,,,,,,,,,,,,,,,,,,,,,,,,,,,,,,,,,,,,05:44:05.503000,Manual Digging,0.6806349158,0.87324423,1.054064,1.1702344,0.68019438,0.55926478,2.9591584,3.3575864,4.438097,4.0510249,4.568789,1.033268,1.4720771,1.9289804,4.3163042,5.5499444,4.331696
,,,,,,,,,,,,,,,,,,,,,,,,,,,,,,,,,,,,,,,,,,,,,,,05:44:05.744000,Manual Digging,0.6806349158,5.777591200000001,4.2140708,4.2169461,4.2651315,3.811132,1.3725271,1.5222648,2.1081727000000003,1.8207514,2.3082044,1.1646223,1.0313991,0.9089849,1.9733961,2.3863575,1.8362386
,,,,,,,,,,,,,,,,,,,,,,,,,,,,,,,,,,,,,,,,,,,,,,,05:44:05.984000,Manual Digging,0.6806349158,2.3818741,1.7260383,1.727216,1.7469525,1.578503,0.5355409999999999,0.53986299,0.73878437,0.9864397,1.109915,0.9775278,0.45866507,0.29946351,0.6294384,0.83145857,0.61017841
,,,,,,,,,,,,,,,,,,,,,,,,,,,,,,,,,,,,,,,,,,,,,,,05:44:06.224000,Manual Digging,0.6806349158,0.81275827,0.61046755,0.56564581,0.61339885,0.57194102,0.32919875,0.49319404,0.97201514,0.86685359,0.81368041,0.56900012,0.40666893,0.44375703,0.40864205,0.46723473,0.39531049
,,,,,,,,,,,,,,,,,,,,,,,,,,,,,,,,,,,,,,,,,,,,,,,05:44:06.465000,Manual Digging,0.6806349158,0.36418748,0.34728405,0.26913992,0.35230201,0.33558148,0.3092494,0.4009237,1.1389021,1.1200976,0.95477724,0.63802201,0.44062343,0.40903991,0.3115173,0.35693306,0.3528398
,,,,,,,,,,,,,,,,,,,,,,,,,,,,,,,,,,,,,,,,,,,,,,,05:44:06.705000,Manual Digging,0.6806349158,0.72053838,0.81276828,0.59010518,0.52519065,0.68358755,0.62559539,0.59687704,0.41937399,0.40230742,0.3385931,0.33319002,0.57324451,0.73250693,0.73837191,0.55134606,0.76827449
,,,,,,,,,,,,,,,,,,,,,,,,,,,,,,,,,,,,,,,,,,,,,,,05:44:06.946000,Manual Digging,0.6806349158,0.84127879,0.74579287,0.76061577,0.66922891,0.72507358,1.4694948,1.5874825,1.3607985,1.0331635,0.93957096,0.60649168,0.46229392,0.93167359,1.5300726,1.2320845,0.92606342
,,,,,,,,,,,,,,,,,,,,,,,,,,,,,,,,,,,,,,,,,,,,,,,05:44:07.186000,Manual Digging,0.6806349158,1.2484261,1.0428003,1.2796614,1.3739277,1.4114451,0.65695518,0.77312922,0.9045853,0.82652634,0.81367826,0.43336007,0.29308286,0.38160354,0.62670147,0.50464863,0.37930578
,,,,,,,,,,,,,,,,,,,,,,,,,,,,,,,,,,,,,,,,,,,,,,,05:44:07.426000,Manual Digging,0.6806349158,0.63281482,0.55790395,0.66743052,0.65142888,1.9898701,5.7480497,6.3408527,6.809894099999999,3.9659762,3.5200832,1.5633013,0.76262498,4.3047795,7.3475337,7.8605981,6.7280369
,,,,,,,,,,,,,,,,,,,,,,,,,,,,,,,,,,,,,,,,,,,,,,,05:44:07.667000,Manual Digging,0.6806349158,8.795213699999998,7.208039299999999,6.7713423,6.6183629,5.502749400000001,2.5492141,2.6315236,3.3762774,3.9859333,4.1308069,3.1835487,1.161476,1.8058244,3.1076138,3.341651,2.9062588
,,,,,,,,,,,,,,,,,,,,,,,,,,,,,,,,,,,,,,,,,,,,,,,05:44:07.907000,Manual Digging,0.6806349158,3.1092241,2.5808225,2.2773213,2.2948711,1.7815093000000002,0.87715387,1.0788678,1.1765113,1.2749256000000002,1.2939288999999998,1.044283,0.4159547999999999,0.5628199,0.9922269,1.04396,0.88402772
,,,,,,,,,,,,,,,,,,,,,,,,,,,,,,,,,,,,,,,,,,,,,,,05:44:08.147000,Manual Digging,0.6806349158,1.0791163,0.84069479,0.83737302,0.93074661,0.81162721,0.34577748,0.41031238,0.60892397,0.92954594,0.97763485,0.86563718,0.49215221,0.37950444,0.47176868,0.39848286,0.54160047
,,,,,,,,,,,,,,,,,,,,,,,,,,,,,,,,,,,,,,,,,,,,,,,05:44:08.388000,Manual Digging,0.6806349158,0.69584143,0.53899258,0.46165463,0.49219528,0.4807201,0.22134179,0.37053236,0.44520751,0.47904962,0.46146902,0.51843929,0.39629969,0.34162632,0.31587803,0.39554358,0.46803647
,,,,,,,,,,,,,,,,,,,,,,,,,,,,,,,,,,,,,,,,,,,,,,,05:44:08.628000,Manual Digging,0.6806349158,0.85019749,0.68595123,0.39631411,0.42703578,0.54344279,0.27842078,0.31857434,0.65335733,0.71022743,0.72726464,0.60266644,0.43891612,0.27961159,0.27064291,0.34598783,0.41695628
,,,,,,,,,,,,,,,,,,,,,,,,,,,,,,,,,,,,,,,,,,,,,,,05:44:08.869000,Manual Digging,0.6806349158,1.0333965,0.77930987,0.82902282,1.1073973999999998,4.0036545,7.481246899999999,7.6617699,11.721478,13.022508,13.922268,9.926156,5.3504367,2.0920599,6.792273,7.7686996,7.2285008
,,,,,,,,,,,,,,,,,,,,,,,,,,,,,,,,,,,,,,,,,,,,,,,05:44:09.109000,Manual Digging,0.6806349158,10.675742,8.145146400000002,6.3958025,6.0982971,5.558140799999999,5.6426973,5.8434167,8.9714441,10.334754,10.980004,8.0030994,4.3489404,2.0685632,5.3341422,6.0048385,5.3682303
,,,,,,,,,,,,,,,,,,,,,,,,,,,,,,,,,,,,,,,,,,,,,,,05:44:09.349000,Manual Digging,0.6806349158,5.9596457,4.568871499999999,3.5274496,3.3633676,3.0654578,1.9803826,1.8206484,3.2517021,5.1929512,5.3722806,4.1093569,1.4014473,0.79868084,1.8564023,2.0634754,1.7781739
,,,,,,,,,,,,,,,,,,,,,,,,,,,,,,,,,,,,,,,,,,,,,,,05:44:09.590000,Manual Digging,0.6806349158,1.9556485,1.5237617,1.3792611,1.3116685,1.1539887,0.63015908,0.7234937,1.2017833999999998,1.5922843,1.6655224999999998,1.2556454,0.46944743,0.34646934,0.57270885,0.63981593,0.54970139
,,,,,,,,,,,,,,,,,,,,,,,,,,,,,,,,,,,,,,,,,,,,,,,05:44:09.830000,Manual Digging,0.6806349158,0.69916856,0.55306923,0.69246471,0.70246482,0.61419588,0.98065639,1.6032392,2.8582187,3.2629321,3.5478702000000006,1.8444797,0.88996726,0.7597959,1.7890863,1.9631418,1.8451461
,,,,,,,,,,,,,,,,,,,,,,,,,,,,,,,,,,,,,,,,,,,,,,,05:44:10.071000,Manual Digging,0.6806349158,0.96753418,0.59522355,0.62132615,0.64942086,0.59075844,0.40813845,0.54963738,1.0834188,1.2689629,1.2718232,0.83083075,0.31573749,0.30353281,0.66449308,0.70147723,0.7594313
,,,,,,,,,,,,,,,,,,,,,,,,,,,,,,,,,,,,,,,,,,,,,,,05:44:10.311000,Manual Digging,0.6806349158,0.45971107,0.32772133,0.2696237,0.2973682,0.2774285999999999,0.30260497,0.3822165999999999,0.68864989,0.64644194,0.59657133,0.36023644,0.2249077,0.30952552,0.33766437,0.32822195,0.32797495
,,,,,,,,,,,,,,,,,,,,,,,,,,,,,,,,,,,,,,,,,,,,,,,05:44:10.551000,Manual Digging,0.6806349158,0.46652889,0.49694991,0.61935896,0.55390602,0.55906218,0.27866605,0.43390289,0.67111182,0.64859879,0.56808239,0.36925903,0.29380429,0.23167774,0.28658989,0.25928041,0.22436514
,,,,,,,,,,,,,,,,,,,,,,,,,,,,,,,,,,,,,,,,,,,,,,,05:44:10.792000,Manual Digging,0.6806349158,0.34646666,0.36905876,0.52983731,0.48531032,0.44748384,0.28780258,0.43023148,0.48930699,0.51059347,0.46786344,0.48184991,0.53583109,0.41976097,0.30114162,0.23228022,0.14089045
,,,,,,,,,,,,,,,,,,,,,,,,,,,,,,,,,,,,,,,,,,,,,,,05:44:11.032000,Manual Digging,0.6806349158,0.25457546,0.26647007,0.45834112,0.35954857,0.45907411,0.32699537,0.40326661,0.50152159,0.7635417,0.72751141,0.73592889,0.46623671,0.3965573,0.36887175,0.37338635,0.29124135
,,,,,,,,,,,,,,,,,,,,,,,,,,,,,,,,,,,,,,,,,,,,,,,05:44:11.272000,Manual Digging,0.6806349158,1.3838266,1.1985275,2.080225,1.7741901000000002,2.5239692,4.7228627,4.7909112,5.3700218,3.7166893,4.2188835,2.968236,5.4593225,5.7505426,6.4905405,6.4769835,6.2904949
,,,,,,,,,,,,,,,,,,,,,,,,,,,,,,,,,,,,,,,,,,,,,,,05:44:11.513000,Manual Digging,0.6806349158,19.670595,15.201922,12.904474,13.260123000000002,12.405864,5.801876099999999,3.1825168,7.4720783,10.074113,10.786024,8.0693169,3.8777609,3.330852,3.8385012,3.8360512,3.5277822
,,,,,,,,,,,,,,,,,,,,,,,,,,,,,,,,,,,,,,,,,,,,,,,05:44:11.753000,Manual Digging,0.6806349158,8.2142277,6.2999568,5.285535299999999,5.4371953,5.1199374,2.3763869,0.96805996,3.0604839,4.1845455000000005,4.471262,3.3945127,1.6150867,1.0541624,1.1926695,1.1668526,1.0730829
,,,,,,,,,,,,,,,,,,,,,,,,,,,,,,,,,,,,,,,,,,,,,,,05:44:11.994000,Manual Digging,0.6806349158,2.4986091,1.9163249,1.6191233,1.6538893,1.5573856,0.89347839,0.57819808,1.3295966,1.6699808,1.7489661,1.2590024,0.53397691,0.40380764,0.6394152,0.54566413,0.63847876
,,,,,,,,,,,,,,,,,,,,,,,,,,,,,,,,,,,,,,,,,,,,,,,05:44:12.234000,Manual Digging,0.6806349158,1.3291358999999998,1.0136847,0.86650413,0.79149711,0.81233752,0.46362635,0.5336805,0.80433971,0.99252284,0.98481148,0.77726769,0.32589707,0.32977936,0.57550287,0.48144466,0.5063647
,,,,,,,,,,,,,,,,,,,,,,,,,,,,,,,,,,,,,,,,,,,,,,,05:44:12.474000,Manual Digging,0.6806349158,0.54439998,0.42174602,0.41440943,0.37765926,0.40301082,0.32534295,0.49679291,0.50102574,0.47172272,0.46173936,0.39050081,0.29727376,0.34767649,0.3663004,0.38970056,0.26963264
,,,,,,,,,,,,,,,,,,,,,,,,,,,,,,,,,,,,,,,,,,,,,,,05:44:12.715000,Manual Digging,0.6806349158,0.52257442,0.46355149,0.3205691,0.26202661,0.2491515,0.20387223,0.35214043,0.30059958,0.31767794,0.32047057,0.25246212,0.27533472,0.35333464,0.35439554,0.38690186,0.33587229
,,,,,,,,,,,,,,,,,,,,,,,,,,,,,,,,,,,,,,,,,,,,,,,05:44:12.955000,Manual Digging,0.6806349158,0.33953696,0.3646435999999999,0.36062548,0.35766649,0.35183218,0.37311128,0.58112043,0.38228655,0.21435033,0.24799649,0.3851741,0.35867018,0.27555791,0.30412003,0.33979291,0.35623747
,,,,,,,,,,,,,,,,,,,,,,,,,,,,,,,,,,,,,,,,,,,,,,,05:44:13.195000,Manual Digging,0.6806349158,0.44561541,0.29204217,0.33305827,0.3857061,0.36663771,0.27580905,0.36305204,0.23035327,0.22121406,0.2173623999999999,0.35145766,0.2657195,0.34170306,0.23252174,0.30006787,0.32197905
,,,,,,,,,,,,,,,,,,,,,,,,,,,,,,,,,,,,,,,,,,,,,,,05:44:13.436000,Manual Digging,0.6806349158,2.4830973,1.6678122,1.2797967,1.244179,1.1273926,1.2163568,1.7859522,3.0971715,2.5887003,2.5274699000000003,2.0025892,2.3234432000000003,2.6543367,2.6958077,3.0869880000000003,4.7566066
,,,,,,,,,,,,,,,,,,,,,,,,,,,,,,,,,,,,,,,,,,,,,,,05:44:13.676000,Manual Digging,0.6806349158,9.1795425,7.5318165,6.3574748,4.932831299999999,3.7018747,1.7381005,1.5105636,1.8750325,1.5245576,1.5819608,0.98663878,1.3317975,1.5412943,1.5171275,1.9462523,2.7943649
,,,,,,,,,,,,,,,,,,,,,,,,,,,,,,,,,,,,,,,,,,,,,,,05:44:13.917000,Manual Digging,0.6806349158,3.7670174,3.0862291,2.6131725,2.0695939,1.5835823,0.72077149,0.68790102,1.5077621,1.5408773,1.5081946000000002,0.77822363,0.52657115,0.53151083,0.7087241999999999,0.7916345,0.86917561
,,,,,,,,,,,,,,,,,,,,,,,,,,,,,,,,,,,,,,,,,,,,,,,05:44:14.157000,Manual Digging,0.6806349158,1.9235146,1.2824802,1.7478788,1.7103901,1.6823323,0.49905872,0.50807631,0.91519248,1.040405,1.0900896,0.76715368,0.37209627,0.45116347,0.51937288,0.51669425,0.59288758
,,,,,,,,,,,,,,,,,,,,,,,,,,,,,,,,,,,,,,,,,,,,,,,05:44:14.397000,Manual Digging,0.6806349158,0.81770676,0.67298245,0.65666592,0.65276325,0.61079079,0.67491007,0.76590699,1.1267585,1.1774604,1.2780901000000002,0.89955872,0.40224931,0.40146291,0.41796398,0.40071094,0.58268994
,,,,,,,,,,,,,,,,,,,,,,,,,,,,,,,,,,,,,,,,,,,,,,,05:44:14.638000,Manual Digging,0.6806349158,0.46735719,0.34550583,0.3989037,0.36221793,0.37443924,0.35978737,0.42211708,0.56808567,0.62858552,0.64873827,0.89378512,0.37099788,0.41833091,0.39642072,0.46955395,0.52741295
,,,,,,,,,,,,,,,,,,,,,,,,,,,,,,,,,,,,,,,,,,,,,,,05:44:14.878000,Manual Digging,0.6806349158,0.35455075,0.36373347,0.38962525,0.38607669,0.39571887,0.33998188,0.45301601,0.60737342,0.63486737,0.71331996,0.52821267,0.30484572,0.25495774,0.28678787,0.32777649,0.39445892
,,,,,,,,,,,,,,,,,,,,,,,,,,,,,,,,,,,,,,,,,,,,,,,05:44:15.119000,Manual Digging,0.6806349158,0.63050783,0.53979617,0.43425187,0.4951471999999999,0.43983826,0.41468027,0.34302142,0.39899328,0.36527219,0.41204894,0.34326205,0.27566996,0.27691582,0.2840023,0.34569639,0.36924341
,,,,,,,,,,,,,,,,,,,,,,,,,,,,,,,,,,,,,,,,,,,,,,,05:44:15.359000,Manual Digging,0.6806349158,1.5003805,1.7876096999999995,1.5641513,0.88868296,0.47173083,0.49770901,0.63716447,1.1417687,1.2330086,1.2368973,0.73256361,0.66783017,0.68164164,0.41690916,0.4585345999999999,0.49627674
,,,,,,,,,,,,,,,,,,,,,,,,,,,,,,,,,,,,,,,,,,,,,,,05:44:15.599000,Manual Digging,0.6806349158,2.4998765,2.6034236,1.7741315,1.1793544,0.89107454,0.36460128,0.54467624,1.0251318,1.2131473,1.2138668,0.72499502,0.66100085,1.0987791,1.105617,1.0795116000000002,0.79433942
,,,,,,,,,,,,,,,,,,,,,,,,,,,,,,,,,,,,,,,,,,,,,,,05:44:15.840000,Manual Digging,0.6806349158,1.6270123,1.4815015,1.1434521999999998,0.82425654,0.71373957,0.26783586,0.30606589,0.36829403,0.60050666,0.68788147,0.56102383,0.49096242,0.62112379,0.75123465,0.72691315,0.49756238
,,,,,,,,,,,,,,,,,,,,,,,,,,,,,,,,,,,,,,,,,,,,,,,05:44:16.080000,Manual Digging,0.6806349158,0.69501358,0.50752532,0.38555175,0.39044595,0.33316556,0.28899127,0.21935514,0.29695666,0.71279025,0.78547931,0.82371157,0.29238597,0.32272363,0.35687268,0.27125111,0.19434573
,,,,,,,,,,,,,,,,,,,,,,,,,,,,,,,,,,,,,,,,,,,,,,,05:44:16.320000,Manual Digging,0.6806349158,0.31134221,0.40065995,0.27457428,0.29275939,0.25662181,0.35103908,0.26690367,0.41266176,0.52133411,0.47124428,0.47973734,0.42071155,0.53603834,0.46456027,0.50947636,0.39829582
,,,,,,,,,,,,,,,,,,,,,,,,,,,,,,,,,,,,,,,,,,,,,,,05:44:16.561000,Manual Digging,0.6806349158,0.33927897,0.3106246,0.49215031,0.50763309,0.50802594,0.30855253,0.40106738,0.43891472,0.3105672,0.28514224,0.33903888,0.29364139,0.44090813,0.36930224,0.32222533,0.31834069
,,,,,,,,,,,,,,,,,,,,,,,,,,,,,,,,,,,,,,,,,,,,,,,05:44:16.801000,Manual Digging,0.6806349158,0.24826343,0.21959843,0.29365629,0.44017699,0.33981696,0.31188521,0.34940043,0.29537329,0.28907979,0.27750707,0.44212496,0.50062054,0.6120972,0.38212481,0.29512376,0.16193599
,,,,,,,,,,,,,,,,,,,,,,,,,,,,,,,,,,,,,,,,,,,,,,,05:44:17.042000,Manual Digging,0.6806349158,0.31153631,0.25008973,0.27759323,0.36296156,0.208396,0.33030957,0.26383701,0.49964148,0.55073744,0.55311477,0.39058048,0.44977835,0.48539385,0.41398111,0.31377032,0.11451275
,,,,,,,,,,,,,,,,,,,,,,,,,,,,,,,,,,,,,,,,,,,,,,,05:44:17.282000,Manual Digging,0.6806349158,0.92255503,1.7140725,2.35395,1.7031603,0.38351423,0.23555674,0.19500823,0.59398216,2.1096435,2.5456879,3.938093700000001,2.9488299,1.4292091999999998,0.8597073000000001,0.93349832,0.96320057
,,,,,,,,,,,,,,,,,,,,,,,,,,,,,,,,,,,,,,,,,,,,,,,05:44:17.522000,Manual Digging,0.6806349158,14.027153,12.922924,15.387393,9.9047365,7.1734118,1.292906,2.4567714,2.0513213,2.8405099,2.4866621,4.6435852,2.481694,1.798648,1.8206987,2.5758708,3.416774
,,,,,,,,,,,,,,,,,,,,,,,,,,,,,,,,,,,,,,,,,,,,,,,05:44:17.763000,Manual Digging,0.6806349158,12.049518,8.3600111,9.2910767,6.126999400000001,4.513622799999999,1.6732421999999998,2.2495661,3.0012136000000003,4.5713015,4.4692087,3.4123608999999995,1.6162666,1.0426537,2.219286,3.0016327,2.3850765
,,,,,,,,,,,,,,,,,,,,,,,,,,,,,,,,,,,,,,,,,,,,,,,05:44:18.003000,Manual Digging,0.6806349158,8.9485455,5.8938208,3.0881979,2.2842751,2.0402815,1.0707612,0.86840612,2.2288446,3.3948672,3.3190475,1.8549161,0.53143829,0.44172841,0.73672086,1.0616581,0.86912024
,,,,,,,,,,,,,,,,,,,,,,,,,,,,,,,,,,,,,,,,,,,,,,,05:44:18.243000,Manual Digging,0.6806349158,2.9977269,1.9920659,0.98685789,0.86538976,0.8430866,0.61294115,0.53963387,1.0602298,1.2929933999999998,1.2286555,0.83239871,0.3636834,0.45289183,0.49431115,0.44570002,0.35891563
,,,,,,,,,,,,,,,,,,,,,,,,,,,,,,,,,,,,,,,,,,,,,,,05:44:18.484000,Manual Digging,0.6806349158,0.91185069,0.63615775,0.61961907,0.57659763,0.47654331,0.51080441,0.41332057,0.7655986,0.82692075,0.89513826,0.55929506,0.25783965,0.48415318,0.54624951,0.38152066,0.29063585
,,,,,,,,,,,,,,,,,,,,,,,,,,,,,,,,,,,,,,,,,,,,,,,05:44:18.724000,Manual Digging,0.6806349158,0.44458854,0.36775988,0.24615259,0.36456421,0.38220122,0.43259633,0.47438177,0.75166762,0.77729517,0.84708387,0.5958963,0.3776969,0.60086453,0.44353163,0.30680192,0.26039913
,,,,,,,,,,,,,,,,,,,,,,,,,,,,,,,,,,,,,,,,,,,,,,,05:44:18.965000,Manual Digging,0.6806349158,0.42307967,0.39480698,0.32354707,0.50594014,0.39498138,0.27882445,0.33498213,0.52377421,0.61936837,0.69450694,0.75890368,0.2711435,0.27114221,0.31801024,0.2824513,0.25023189
,,,,,,,,,,,,,,,,,,,,,,,,,,,,,,,,,,,,,,,,,,,,,,,05:44:19.205000,Manual Digging,0.6806349158,0.42862299,0.23226461,0.38936722,0.41171429,0.53848743,0.22571748,0.3394787,0.30714369,0.47384545,0.49564514,0.59817868,0.29662448,0.23669532,0.17539084,0.25630099,0.25511643
,,,,,,,,,,,,,,,,,,,,,,,,,,,,,,,,,,,,,,,,,,,,,,,05:44:19.445000,Manual Digging,0.6806349158,2.843658,1.9804299,0.63358605,0.68326133,0.71012866,3.3486843,4.0853915,4.0042925,2.9038749,5.313501400000001,5.0232606,6.722550900000001,7.325025599999999,8.6546507,7.959066900000001,7.041769
,,,,,,,,,,,,,,,,,,,,,,,,,,,,,,,,,,,,,,,,,,,,,,,05:44:19.686000,Manual Digging,0.6806349158,10.500344,7.205153,5.3509145,5.1068358,4.7855153,4.4265013,2.3746116,2.9948308,3.4612458,5.4978852,4.2960262,5.0597267,4.4529757000000005,5.0155554,4.6196327,4.062568700000001
,,,,,,,,,,,,,,,,,,,,,,,,,,,,,,,,,,,,,,,,,,,,,,,05:44:19.926000,Manual Digging,0.6806349158,4.102107,2.8081243,2.1916776,2.1035232999999995,1.8903433,1.4761579,0.98449767,0.99032509,1.1210458,1.759694,1.3577428,1.5529486,1.3848646,1.5256348,1.4142709999999998,1.2393473
,,,,,,,,,,,,,,,,,,,,,,,,,,,,,,,,,,,,,,,,,,,,,,,05:44:20.167000,Manual Digging,0.6806349158,1.2774036,0.86974514,0.70415497,0.64493728,0.59653562,0.49667993,0.50797737,0.44347236,0.5489828,0.65774435,0.63588911,0.65709287,0.56921911,0.61066478,0.58352834,0.59379947
,,,,,,,,,,,,,,,,,,,,,,,,,,,,,,,,,,,,,,,,,,,,,,,05:44:20.407000,Manual Digging,0.6806349158,0.56307465,0.46564564,0.32241046,0.31086099,0.31636772,0.24255921,0.36332622,0.38166878,0.40360564,0.3921048,0.32525727,0.42844284,0.3404277,0.41772157,0.37102681,0.39568233
,,,,,,,,,,,,,,,,,,,,,,,,,,,,,,,,,,,,,,,,,,,,,,,05:44:20.647000,Manual Digging,0.6806349158,0.26038122,0.26893628,0.22167487,0.27328283,0.35211739,0.28427616,0.41944569,0.42020661,0.38342789,0.32313448,0.40821624,0.2643677,0.33098122,0.4407295,0.39082888,0.18695588
,,,,,,,,,,,,,,,,,,,,,,,,,,,,,,,,,,,,,,,,,,,,,,,05:44:20.888000,Manual Digging,0.6806349158,0.3295964,0.36848444,0.24678662,0.26984751,0.27096564,0.30286306,0.31005543,0.45921853,0.32359704,0.30256045,0.41750968,0.51799309,0.50565493,0.41105101,0.32321078,0.3815611
,,,,,,,,,,,,,,,,,,,,,,,,,,,,,,,,,,,,,,,,,,,,,,,05:44:21.128000,Manual Digging,0.6806349158,0.36183053,0.41079962,0.21657139,0.25324965,0.20935354,0.22709073,0.31465685,0.53369099,0.44831917,0.4460564,0.32310131,0.44422179,0.39803293,0.50700212,0.51862884,0.62996954
,,,,,,,,,,,,,,,,,,,,,,,,,,,,,,,,,,,,,,,,,,,,,,,05:44:21.368000,Manual Digging,0.6806349158,0.35686058,0.3756479,0.3483234,0.26968169,0.32056728,0.40641981,0.28380671,0.34223166,0.44894502,0.39043418,0.49171713,0.39310309,0.37688982,0.47225457,0.57499272,0.56454718
,,,,,,,,,,,,,,,,,,,,,,,,,,,,,,,,,,,,,,,,,,,,,,,05:44:21.609000,Manual Digging,0.6806349158,0.35904637,0.41022623,0.31328079,0.44674677,0.46662053,0.50069946,0.40777308,0.29188472,0.33887735,0.35005468,0.42569739,0.38515228,0.40599987,0.40869147,0.40281209,0.40669888
,,,,,,,,,,,,,,,,,,,,,,,,,,,,,,,,,,,,,,,,,,,,,,,05:44:21.849000,Manual Digging,0.6806349158,0.49216866,0.40662995,0.28227872,0.40109679,0.38302356,0.58541811,0.44971144,0.49566019,0.51497364,0.59105265,0.71091312,1.2485594,1.2406194,0.89230585,1.0172584,0.96329296
,,,,,,,,,,,,,,,,,,,,,,,,,,,,,,,,,,,,,,,,,,,,,,,05:44:22.090000,Manual Digging,0.6806349158,6.2439823,4.7233148,2.9138045,3.7482955,3.3359388999999995,2.4965322,0.53811795,0.63894063,0.79174769,0.93265665,0.63277107,0.77448452,1.0497128,1.0634353,1.2038295,0.8402617
,,,,,,,,,,,,,,,,,,,,,,,,,,,,,,,,,,,,,,,,,,,,,,,05:44:22.330000,Manual Digging,0.6806349158,4.1316376,3.2785909,1.9740341,2.3019924,1.9630293,1.3926724,0.36029357,0.34447092,0.49575037,0.60807663,0.46763745,0.63059443,0.62979037,0.62450743,0.68576902,0.53693938
,,,,,,,,,,,,,,,,,,,,,,,,,,,,,,,,,,,,,,,,,,,,,,,05:44:22.570000,Manual Digging,0.6806349158,2.1515665,1.7976917,1.7869058999999998,2.2969284,2.4077797000000003,1.6255691,0.8188795999999999,0.34225151,0.28575379,0.30984211,0.43523049,0.39672127,0.71875066,0.63112557,0.94750065,0.96533573
,,,,,,,,,,,,,,,,,,,,,,,,,,,,,,,,,,,,,,,,,,,,,,,05:44:22.811000,Manual Digging,0.6806349158,1.5978559,1.3350517,1.329043,1.7210526000000002,1.8073708,1.3102555,0.66798896,0.42856348,0.3609018,0.2324769,0.38103199,0.38699028,0.66394067,0.53798306,0.81221825,0.76275516
,,,,,,,,,,,,,,,,,,,,,,,,,,,,,,,,,,,,,,,,,,,,,,,05:44:23.051000,Manual Digging,0.6806349158,0.99356788,0.80185634,0.41641197,0.63236654,0.69254321,0.51289314,0.31009078,0.2790781,0.35230902,0.26077607,0.31128341,0.71819776,0.7106241,0.70799327,0.59821802,0.68371046
,,,,,,,,,,,,,,,,,,,,,,,,,,,,,,,,,,,,,,,,,,,,,,,05:44:23.291000,Manual Digging,0.6806349158,0.80673349,0.65219009,0.37341407,0.31386259,0.33392575,0.23936525,0.28027442,0.70458341,0.70041412,0.67842484,0.22639874,0.29515359,0.26156521,0.32830843,0.24337816,0.20979701
,,,,,,,,,,,,,,,,,,,,,,,,,,,,,,,,,,,,,,,,,,,,,,,05:44:23.532000,Manual Digging,0.6806349158,0.42441073,0.39666316,0.30411875,0.32279932,0.32317403,0.24906829,0.29489562,0.52325732,0.60506493,0.54544491,0.18338127,0.19487745,0.25157824,0.37797162,0.29862931,0.13358118
,,,,,,,,,,,,,,,,,,,,,,,,,,,,,,,,,,,,,,,,,,,,,,,05:44:23.772000,Manual Digging,0.6806349158,0.5231051999999999,0.46972284,0.22623025,0.22631946,0.32680085,0.26477736,0.23020059,0.58840436,0.59706122,0.62110406,0.22100189,0.24453077,0.20546815,0.28669274,0.25707173,0.22907564
,,,,,,,,,,,,,,,,,,,,,,,,,,,,,,,,,,,,,,,,,,,,,,,05:44:24.013000,Manual Digging,0.6806349158,0.32018939,0.24137284,0.27824545,0.31793255,0.34038803,0.32655466,0.37874013,0.41258299,0.42757437,0.44848329,0.19492924,0.28332403,0.19865347,0.19989119,0.17193252,0.38768759
,,,,,,,,,,,,,,,,,,,,,,,,,,,,,,,,,,,,,,,,,,,,,,,05:44:24.253000,Manual Digging,0.6806349158,0.49459505,0.5283525,0.32925993,0.47373125,0.43372649,0.39618915,0.58301282,0.29170519,0.33887526,0.39656031,0.41901281,0.3661375,0.28194362,0.32573202,0.37384972,0.50658864
,,,,,,,,,,,,,,,,,,,,,,,,,,,,,,,,,,,,,,,,,,,,,,,05:44:24.493000,Manual Digging,0.6806349158,3.1000898,2.3393741,1.306831,1.5943681,1.7760703999999998,1.5402524,1.3934594,3.3544154,6.5489664,7.773581500000001,4.87392,1.3858285,0.76181716,0.88207471,1.7882038,2.4364526
,,,,,,,,,,,,,,,,,,,,,,,,,,,,,,,,,,,,,,,,,,,,,,,05:44:24.734000,Manual Digging,0.6806349158,1.5877478,1.0874939,0.71597105,0.81728238,0.99658573,0.98529947,1.1059639,1.5919219999999998,2.9742222000000003,3.5122056000000006,2.0149989,0.65293258,0.7829293,0.8737393,1.368591,1.7719003
,,,,,,,,,,,,,,,,,,,,,,,,,,,,,,,,,,,,,,,,,,,,,,,05:44:24.974000,Manual Digging,0.6806349158,5.5109792,5.3933978,4.134335500000001,3.0608125,2.8000236000000003,1.89669,1.8564013,1.1926248,1.3025531,1.4102405,0.69583058,0.91234457,1.2936863,2.0883791,2.6084173,3.0706408
,,,,,,,,,,,,,,,,,,,,,,,,,,,,,,,,,,,,,,,,,,,,,,,05:44:25.215000,Manual Digging,0.6806349158,10.63517,7.7673821,5.418957700000001,6.2983785,5.2735877,2.9530473,1.4792889,0.98480904,1.6861539,1.8161492,1.8692347,1.3116422,1.7070358,2.2906704,2.4652023,2.3211184
,,,,,,,,,,,,,,,,,,,,,,,,,,,,,,,,,,,,,,,,,,,,,,,05:44:25.455000,Manual Digging,0.6806349158,6.338528599999999,4.5038619,3.0348647,3.5687084,2.9955387000000004,1.6426717,0.49193108,0.45382309,1.2774955,1.2658044,1.3130634,0.51487845,0.61080396,0.70734555,0.76324737,0.72785705
,,,,,,,,,,,,,,,,,,,,,,,,,,,,,,,,,,,,,,,,,,,,,,,05:44:25.695000,Manual Digging,0.6806349158,2.2714667,1.862729,1.4326822,1.3870421999999998,1.0734123,0.54283762,0.23123802,0.33703071,0.94872916,0.94004685,0.97514355,0.22069062,0.37179193,0.36496815,0.39854178,0.43679982
,,,,,,,,,,,,,,,,,,,,,,,,,,,,,,,,,,,,,,,,,,,,,,,05:44:25.936000,Manual Digging,0.6806349158,0.97857332,0.91898924,1.0226624,0.79396015,0.68563926,0.4603840999999999,0.27518722,0.19682476,0.33411998,0.41803354,0.44426799,0.47429287,0.46362144,0.50812262,0.36769769,0.33806995
,,,,,,,,,,,,,,,,,,,,,,,,,,,,,,,,,,,,,,,,,,,,,,,05:44:26.176000,Manual Digging,0.6806349158,0.72797996,0.71849173,0.83407629,0.66451609,0.57249546,0.46677339,0.32911411,0.40693611,0.58976859,0.63318235,0.55676532,0.36373714,0.35456732,0.37802368,0.32386953,0.25392687
,,,,,,,,,,,,,,,,,,,,,,,,,,,,,,,,,,,,,,,,,,,,,,,05:44:26.416000,Manual Digging,0.6806349158,0.32502386,0.37733921,0.29827449,0.33177492,0.34902412,0.39805615,0.32423294,0.43453908,0.7244125,0.75644761,0.60348195,0.28625974,0.30214888,0.372372,0.37569028,0.32507449
,,,,,,,,,,,,,,,,,,,,,,,,,,,,,,,,,,,,,,,,,,,,,,,05:44:26.657000,Manual Digging,0.6806349158,0.78722376,0.96150494,0.57447577,0.57277298,0.47793794,0.45510241,0.30546483,0.42183113,0.46590739,0.48327076,0.45688242,0.584108,0.60472423,0.42860112,0.39116874,0.40011612
,,,,,,,,,,,,,,,,,,,,,,,,,,,,,,,,,,,,,,,,,,,,,,,05:44:26.897000,Manual Digging,0.6806349158,1.9233828,2.0020525,1.7720953000000002,1.1410578000000002,0.8006267,0.43514132,0.6053713000000001,0.86134499,1.105406,0.9400546,0.89923191,0.77085102,0.73501998,0.75102156,0.56570548,0.96106911
,,,,,,,,,,,,,,,,,,,,,,,,,,,,,,,,,,,,,,,,,,,,,,,05:44:27.138000,Manual Digging,0.6806349158,5.0261154,6.226003599999999,6.787941900000001,4.4940329000000006,2.5112863,2.5305173,4.8685217000000005,6.9196892000000005,4.707363099999999,3.9244652,3.2714009,5.166428099999999,6.438931,6.2810292,5.565619,5.863574
,,,,,,,,,,,,,,,,,,,,,,,,,,,,,,,,,,,,,,,,,,,,,,,05:44:27.378000,Manual Digging,0.6806349158,3.9884367,3.8582723,2.9937291,2.2705677000000004,1.6477244999999998,1.848039,3.6155972,5.1828885,3.5331306,2.9949777,2.4457886,3.8606353,4.7818575,4.6762705,4.1332946,4.3447247
,,,,,,,,,,,,,,,,,,,,,,,,,,,,,,,,,,,,,,,,,,,,,,,05:44:27.618000,Manual Digging,0.6806349158,1.2327909,1.2781252,0.99211776,0.70891094,0.50120598,0.58268887,1.1062065,1.5765341999999998,1.0753291,0.91578609,0.74396139,1.1872544,1.4612935,1.4224309,1.2572682,1.3360268999999998
,,,,,,,,,,,,,,,,,,,,,,,,,,,,,,,,,,,,,,,,,,,,,,,05:44:27.859000,Manual Digging,0.6806349158,0.4031564,0.4576885999999999,0.39414048,0.32814094,0.32615706,0.33701903,0.62242103,0.84707785,0.55442852,0.44753227,0.3883003,0.54464531,0.51180589,0.50691491,0.47910982,0.5034954
,,,,,,,,,,,,,,,,,,,,,,,,,,,,,,,,,,,,,,,,,,,,,,,05:44:28.099000,Manual Digging,0.6806349158,0.50265443,0.56899273,0.39483315,0.3935366,0.33531871,0.28191021,0.54728383,0.60250396,0.58637005,0.60600501,0.5054582999999999,0.37393892,0.2926783,0.29796597,0.37660539,0.40782273
,,,,,,,,,,,,,,,,,,,,,,,,,,,,,,,,,,,,,,,,,,,,,,,05:44:28.339000,Manual Digging,0.6806349158,1.9796786,1.664294,0.79079336,0.7343265999999999,0.35926419,0.33775282,0.67416728,0.97755635,1.5228573,1.5198358,0.90674239,0.68653351,0.95346797,1.2339517,1.418143,1.1222438
,,,,,,,,,,,,,,,,,,,,,,,,,,,,,,,,,,,,,,,,,,,,,,,05:44:28.580000,Manual Digging,0.6806349158,1.2822605,1.0318712,0.61171138,0.55580419,0.36604795,0.44235322,0.42949483,0.55454844,0.93466538,0.92440742,0.68652457,0.51388538,0.44799122,0.60707247,0.67372745,0.56945133
,,,,,,,,,,,,,,,,,,,,,,,,,,,,,,,,,,,,,,,,,,,,,,,05:44:28.820000,Manual Digging,0.6806349158,0.80462909,0.65696001,0.39139578,0.39688286,0.33271331,0.3524884,0.26367816,0.27698568,0.41008145,0.4257748999999999,0.51434058,0.4844898,0.28358126,0.50378931,0.47769198,0.39366925
,,,,,,,,,,,,,,,,,,,,,,,,,,,,,,,,,,,,,,,,,,,,,,,05:44:29.061000,Manual Digging,0.6806349158,0.69175243,0.68100291,0.55315733,0.46097279,0.42945069,0.46594405,0.35265419,0.4910064,0.31067607,0.3178412,0.25182146,0.38759443,0.3591324999999999,0.39868909,0.36939073,0.30868486
,,,,,,,,,,,,,,,,,,,,,,,,,,,,,,,,,,,,,,,,,,,,,,,05:44:29.301000,Manual Digging,0.6806349158,4.170443100000001,3.0584133,3.0842454,1.9045674,2.0379994,2.8597887,3.8394828,3.5020937999999995,2.0925944,2.1319659,1.7307426,3.2709463,5.1488681,6.6194458,6.891064599999999,7.5266948
,,,,,,,,,,,,,,,,,,,,,,,,,,,,,,,,,,,,,,,,,,,,,,,05:44:29.541000,Manual Digging,0.6806349158,4.0311074,2.7988467,2.2100463,1.6353338,1.7219593999999998,1.1857266000000002,1.3782392,1.5882165,1.6186697,1.7353606,1.3482507,1.0246311,1.5661857,2.0383415,2.113728,2.3281372000000005
,,,,,,,,,,,,,,,,,,,,,,,,,,,,,,,,,,,,,,,,,,,,,,,05:44:29.782000,Manual Digging,0.6806349158,1.9947386000000005,1.5128441,0.70498282,0.6324835999999999,0.64456481,0.38819617,0.58260649,0.86545992,0.694076,0.70984054,0.41011176,0.41190693,0.61476934,0.70082796,0.7006613,0.78726488
,,,,,,,,,,,,,,,,,,,,,,,,,,,,,,,,,,,,,,,,,,,,,,,05:44:30.022000,Manual Digging,0.6806349158,0.63566709,0.51304638,0.39116651,0.28506935,0.23248081,0.18143705,0.49461439,0.46228522,0.34421971,0.38450205,0.4071635,0.3308157,0.4231418999999999,0.42589578,0.38253796,0.38019392
,,,,,,,,,,,,,,,,,,,,,,,,,,,,,,,,,,,,,,,,,,,,,,,05:44:30.262000,Manual Digging,0.6806349158,0.29502377,0.28751716,0.29359409,0.39980692,0.31302142,0.22858205,0.23651189,0.36471736,0.53024679,0.57703322,0.46294937,0.26046696,0.33051118,0.37012771,0.37562674,0.34116429
,,,,,,,,,,,,,,,,,,,,,,,,,,,,,,,,,,,,,,,,,,,,,,,05:44:30.503000,Manual Digging,0.6806349158,0.40418443,0.37913805,0.24616721,0.32098526,0.27624807,0.24119979,0.34884295,0.44656438,0.36339208,0.37502515,0.43181661,0.48725918,0.40536278,0.23567443,0.31500724,0.29365501
,,,,,,,,,,,,,,,,,,,,,,,,,,,,,,,,,,,,,,,,,,,,,,,05:44:30.743000,Manual Digging,0.6806349158,0.31481341,0.38971567,0.38247937,0.21427396,0.29902172,0.23249906,0.32394314,0.34576181,0.2701495,0.22715776,0.2566407,0.37956259,0.30104178,0.19195031,0.20350535,0.31025118
,,,,,,,,,,,,,,,,,,,,,,,,,,,,,,,,,,,,,,,,,,,,,,,05:44:30.984000,Manual Digging,0.6806349158,4.4387898,4.3658204000000005,2.703527,2.2420197,3.0252118,4.2397552,6.249836900000001,6.982384700000001,5.8149948,6.0064774000000005,1.1831443,1.4008502,2.4959362,3.9675491,4.2540693,3.9197214
,,,,,,,,,,,,,,,,,,,,,,,,,,,,,,,,,,,,,,,,,,,,,,,05:44:31.224000,Manual Digging,0.6806349158,5.7050042,5.3600659,2.8599017000000004,2.6856868,2.6395228,2.3968115,2.3459415,3.9429102,3.3610823,3.4943995,0.79304272,0.93045831,1.292208,2.0108685,2.0727973000000004,1.8418698
,,,,,,,,,,,,,,,,,,,,,,,,,,,,,,,,,,,,,,,,,,,,,,,05:44:31.464000,Manual Digging,0.6806349158,2.514782,2.2706017000000003,0.89318633,0.88688517,0.87853956,0.87416524,1.3782812,1.440733,1.465508,1.5651079,0.85995209,0.62976265,0.89477366,1.509005,1.3041916999999998,0.85129315
,,,,,,,,,,,,,,,,,,,,,,,,,,,,,,,,,,,,,,,,,,,,,,,05:44:31.705000,Manual Digging,0.6806349158,4.1934924,3.4743805,2.4384303,2.082974,1.4357878000000002,0.6913299,0.56608397,0.70222962,1.1310111,1.1170129,1.058504,0.3106572,0.35673386,0.49493217,0.40141368,0.30740803
,,,,,,,,,,,,,,,,,,,,,,,,,,,,,,,,,,,,,,,,,,,,,,,05:44:31.945000,Manual Digging,0.6806349158,2.312819,1.6166462,1.1425363000000002,1.1488136999999998,0.79187399,0.40791044,0.28562364,0.44521439,0.66907853,0.65987557,0.62896478,0.5262025,0.4356806,0.68115044,0.63151205,0.45790976
,,,,,,,,,,,,,,,,,,,,,,,,,,,,,,,,,,,,,,,,,,,,,,,05:44:32.186000,Manual Digging,0.6806349158,0.79658949,0.50759065,0.35889411,0.39945433,0.30225328,0.23521046,0.32969323,0.29345042,0.21811394,0.2734745999999999,0.27324629,0.31125379,0.2943342,0.42431757,0.37419844,0.27851537
,,,,,,,,,,,,,,,,,,,,,,,,,,,,,,,,,,,,,,,,,,,,,,,05:44:32.426000,Manual Digging,0.6806349158,1.7004526999999998,1.3266838,0.71899122,0.70017636,0.52438217,0.41032091,0.34461293,0.32026336,0.42423266,0.57061309,0.44034049,0.77651083,0.80972993,0.74051243,0.62570143,0.45791426
,,,,,,,,,,,,,,,,,,,,,,,,,,,,,,,,,,,,,,,,,,,,,,,05:44:32.666000,Manual Digging,0.6806349158,1.7127391,1.6015332,0.66895986,0.870125,0.38943124,0.32980153,0.29988784,0.56812799,0.66057497,0.75840425,0.43486676,0.91062546,0.79085344,0.57058591,0.38728425,0.37574652
,,,,,,,,,,,,,,,,,,,,,,,,,,,,,,,,,,,,,,,,,,,,,,,05:44:32.907000,Manual Digging,0.6806349158,0.66942602,0.6324324,0.30333135,0.35421014,0.22605756,0.24261515,0.25284415,0.26995203,0.4689219,0.50877917,0.3237372,0.32908258,0.2613861,0.25309458,0.35312197,0.24623357
,,,,,,,,,,,,,,,,,,,,,,,,,,,,,,,,,,,,,,,,,,,,,,,05:44:33.147000,Manual Digging,0.6806349158,0.48318803,0.52476925,0.25410858,0.34237957,0.43055981,0.32250914,0.40428498,0.31767944,0.49162805,0.51836717,0.22636451,0.3488844,0.23697606,0.29585302,0.32463458,0.29428074
,,,,,,,,,,,,,,,,,,,,,,,,,,,,,,,,,,,,,,,,,,,,,,,05:44:33.387000,Manual Digging,0.6806349158,1.3520356000000002,1.333258,0.64601338,0.56352764,0.7234686,1.3458434,1.513579,1.5115945,0.79539919,0.97523654,0.89100069,1.296734,1.4634606,1.7472861000000002,1.8377689,1.8875755
,,,,,,,,,,,,,,,,,,,,,,,,,,,,,,,,,,,,,,,,,,,,,,,05:44:33.628000,Manual Digging,0.6806349158,2.9056289,2.543963,2.078866,2.4009881,1.7427956000000002,0.99948764,1.1240562,1.1225822,0.63594025,0.78465784,0.60539603,0.99549639,1.1642783,1.4097153999999998,1.3648149,1.3125231000000002
,,,,,,,,,,,,,,,,,,,,,,,,,,,,,,,,,,,,,,,,,,,,,,,05:44:33.868000,Manual Digging,0.6806349158,1.3529586999999998,1.2789316000000002,0.91046906,1.1161728000000002,0.73823118,0.4115155,0.37662753,0.40686268,0.45871642,0.4776687,0.58437425,0.46349174,0.44708332,0.4808667,0.49506223,0.4954595
,,,,,,,,,,,,,,,,,,,,,,,,,,,,,,,,,,,,,,,,,,,,,,,05:44:34.109000,Manual Digging,0.6806349158,0.44672316,0.44672313,0.35845843,0.46569732,0.4019388,0.34101591,0.77301836,1.0643564,1.1650553,0.93509024,0.45484343,0.42791328,0.60419416,0.71701193,0.69289094,0.61606866
,,,,,,,,,,,,,,,,,,,,,,,,,,,,,,,,,,,,,,,,,,,,,,,05:44:34.349000,Manual Digging,0.6806349158,0.38976651,0.32158637,0.2970854,0.30898282,0.29516914,0.28288832,0.63534528,0.81000757,0.87283075,0.72696322,0.52864504,0.56080604,0.53869867,0.64383125,0.62656862,0.72124416
,,,,,,,,,,,,,,,,,,,,,,,,,,,,,,,,,,,,,,,,,,,,,,,05:44:34.589000,Manual Digging,0.6806349158,0.27997571,0.31847009,0.28773031,0.25778735,0.23768075,0.28777218,0.46186244,0.40337926,0.38861483,0.35831377,0.43568701,0.48511979,0.44044638,0.50383019,0.42486301,0.39960647
,,,,,,,,,,,,,,,,,,,,,,,,,,,,,,,,,,,,,,,,,,,,,,,05:44:34.830000,Manual Digging,0.6806349158,0.2742084,0.28481144,0.22491483,0.19774671,0.23780054,0.64411432,0.76772577,1.1963502,0.87831181,0.88623118,0.72528696,1.0340380999999998,0.97662973,0.6035018,0.56400156,0.42179266
,,,,,,,,,,,,,,,,,,,,,,,,,,,,,,,,,,,,,,,,,,,,,,,05:44:35.070000,Manual Digging,0.6806349158,0.91762638,1.0345091999999998,0.46695977,0.56517518,0.53467584,0.43297553,0.44657636,0.54893935,0.55072808,0.62595439,0.64860809,0.65564424,0.57256633,0.40642306,0.30552462,0.25479996
,,,,,,,,,,,,,,,,,,,,,,,,,,,,,,,,,,,,,,,,,,,,,,,05:44:35.310000,Manual Digging,0.6806349158,0.53169513,0.76827598,0.51714784,0.5488736,0.53668493,0.51717132,0.89300132,1.0111409,0.76355076,0.8287288,0.67682976,0.54193765,0.46328384,0.49876103,0.66512764,0.56105202
,,,,,,,,,,,,,,,,,,,,,,,,,,,,,,,,,,,,,,,,,,,,,,,05:44:35.551000,Manual Digging,0.6806349158,0.69154578,0.75758988,0.42006275,0.37874767,0.41366991,0.38407621,0.44127205,0.46680856,0.36318552,0.3868219,0.38821006,0.33874923,0.35039267,0.36360696,0.40582496,0.61541486
,,,,,,,,,,,,,,,,,,,,,,,,,,,,,,,,,,,,,,,,,,,,,,,05:44:35.791000,Manual Digging,0.6806349158,2.2753956000000004,2.485604,2.9648383,2.0940902,1.8169285,1.9444344,2.4009163,3.1556175,2.6149111,2.5075872,1.2873092,2.5780199,1.4156618,1.0992806,0.9492926,2.1089287
,,,,,,,,,,,,,,,,,,,,,,,,,,,,,,,,,,,,,,,,,,,,,,,05:44:36.032000,Manual Digging,0.6806349158,5.6609297,4.3016672,2.7735183,3.2483773,2.7263851000000003,3.5188589,4.3961234000000005,5.6854048,4.300313,4.1331172,1.9772073,4.7990012,5.6671762,7.647334599999999,7.1020136,5.237978
,,,,,,,,,,,,,,,,,,,,,,,,,,,,,,,,,,,,,,,,,,,,,,,05:44:36.272000,Manual Digging,0.6806349158,4.2329397,3.2299035,2.059747,2.4124005,2.024744,1.9011043,1.6001484,2.383029,1.941721,1.8791537,1.0244559000000002,1.7217665,1.9506618,2.4494917000000003,2.2747505,1.6583503000000002
,,,,,,,,,,,,,,,,,,,,,,,,,,,,,,,,,,,,,,,,,,,,,,,05:44:36.512000,Manual Digging,0.6806349158,1.403054,0.98247415,0.64530492,0.73389435,0.62204218,0.58164632,0.55484819,0.74777997,0.62590724,0.60675561,0.39388001,0.81581128,0.77465421,0.84678751,0.82577813,0.58408076
,,,,,,,,,,,,,,,,,,,,,,,,,,,,,,,,,,,,,,,,,,,,,,,05:44:36.753000,Manual Digging,0.6806349158,0.80141592,0.99605244,0.5322085,0.36107096,0.36465198,0.42233521,0.34422922,0.57315212,0.66000122,0.65192306,0.33945891,0.38386548,0.32703835,0.29218775,0.31045496,0.4718709
,,,,,,,,,,,,,,,,,,,,,,,,,,,,,,,,,,,,,,,,,,,,,,,05:44:36.993000,Manual Digging,0.6806349158,0.35779479,0.43220091,0.28913221,0.41563243,0.40541917,0.45090866,0.39293072,0.49739927,0.46490052,0.53016728,0.25431067,0.33682144,0.2492324999999999,0.25005445,0.32719108,0.38101715
,,,,,,,,,,,,,,,,,,,,,,,,,,,,,,,,,,,,,,,,,,,,,,,05:44:37.234000,Manual Digging,0.6806349158,0.25678724,0.33283004,0.35130194,0.54623884,0.53363359,0.45768607,0.30547982,0.45748952,0.41826174,0.49179527,0.39333203,0.51384914,0.46736792,0.20061597,0.21481358,0.22968934
,,,,,,,,,,,,,,,,,,,,,,,,,,,,,,,,,,,,,,,,,,,,,,,05:44:37.474000,Manual Digging,0.6806349158,0.30408257,0.26270342,0.28246167,0.32022053,0.35924837,0.49288595,0.50805342,0.9139685,0.68081379,0.71465468,0.367856,0.34277377,0.47885317,0.57528979,0.61352986,0.55291784
,,,,,,,,,,,,,,,,,,,,,,,,,,,,,,,,,,,,,,,,,,,,,,,05:44:37.714000,Manual Digging,0.6806349158,0.80242032,0.69283682,0.5578568,0.43123087,0.46902019,0.47479638,0.45892784,0.59325153,0.48421058,0.54498851,0.35136059,0.38647467,0.37757522,0.33879077,0.38428777,0.34429014
,,,,,,,,,,,,,,,,,,,,,,,,,,,,,,,,,,,,,,,,,,,,,,,05:44:37.955000,Manual Digging,0.6806349158,0.87630284,0.75118339,0.67315447,0.59966427,0.56364083,0.52673191,0.37613741,0.65234494,0.63800907,0.4767572,0.23588976,0.38338953,0.26895833,0.42834052,0.35194439,0.23165387
,,,,,,,,,,,,,,,,,,,,,,,,,,,,,,,,,,,,,,,,,,,,,,,05:44:38.195000,Manual Digging,0.6806349158,0.3747609,0.35498914,0.26661733,0.40056971,0.38312539,0.23380919,0.30328178,0.36683834,0.46534893,0.35533252,0.24377592,0.55128056,0.41850731,0.39351583,0.32776323,0.3783606
,,,,,,,,,,,,,,,,,,,,,,,,,,,,,,,,,,,,,,,,,,,,,,,05:44:38.435000,Manual Digging,0.6806349158,0.36589146,0.34854484,0.22170311,0.41676217,0.38096136,0.39473069,0.49751312,0.4971047,0.48474705,0.3696579,0.3248924,0.41046587,0.352826,0.28970093,0.27605715,0.32703745
,,,,,,,,,,,,,,,,,,,,,,,,,,,,,,,,,,,,,,,,,,,,,,,05:44:38.676000,Manual Digging,0.6806349158,0.21975875,0.23268244,0.27104396,0.52922142,0.36897102,0.25858617,0.3692404,0.3548605999999999,0.35826322,0.26084098,0.29524404,0.36149502,0.32276776,0.21666835,0.29953665,0.21573603
,,,,,,,,,,,,,,,,,,,,,,,,,,,,,,,,,,,,,,,,,,,,,,,05:44:38.916000,Manual Digging,0.6806349158,0.38865301,0.26236933,0.25497904,0.34162837,0.31148055,0.29736066,0.41012135,0.31516567,0.55289823,0.42842084,0.31406,0.34352645,0.34137827,0.3619124,0.34935239,0.37845552
,,,,,,,,,,,,,,,,,,,,,,,,,,,,,,,,,,,,,,,,,,,,,,,05:44:39.157000,Manual Digging,0.6806349158,0.29358208,0.27529523,0.30328426,0.42862776,0.26113206,0.31730571,0.41269451,0.24775338,0.37513608,0.24982868,0.28155532,0.36032417,0.45020902,0.51373875,0.56844181,0.46434397
,,,,,,,,,,,,,,,,,,,,,,,,,,,,,,,,,,,,,,,,,,,,,,,05:44:39.397000,Manual Digging,0.6806349158,0.51258636,0.33557862,0.30482295,0.40446672,0.32299662,0.33084711,0.36114565,0.25267294,0.32869095,0.37769294,0.41104233,0.3919619,0.49437088,0.32514381,0.36351708,0.33341062
,,,,,,,,,,,,,,,,,,,,,,,,,,,,,,,,,,,,,,,,,,,,,,,05:44:39.637000,Manual Digging,0.6806349158,0.38067111,0.3235912,0.46757358,0.50711125,0.30959016,0.31154504,0.41324872,0.42629513,0.31636444,0.29570276,0.22651917,0.26570025,0.46757105,0.70099455,0.79755396,0.65323842
,,,,,,,,,,,,,,,,,,,,,,,,,,,,,,,,,,,,,,,,,,,,,,,05:44:39.878000,Manual Digging,0.6806349158,0.53153139,0.42175806,0.45653328,0.5010547000000001,0.43034744,0.35695934,0.50582135,0.50609696,0.30491021,0.39985844,0.1961817,0.22384781,0.26300633,0.38732857,0.5054388,0.46768185
,,,,,,,,,,,,,,,,,,,,,,,,,,,,,,,,,,,,,,,,,,,,,,,05:44:40.118000,Manual Digging,0.6806349158,0.31824112,0.25483632,0.32598734,0.5395087,0.405756,0.32166085,0.31644356,0.40670621,0.32449788,0.30135101,0.30907068,0.38199279,0.31624985,0.21239345,0.38484117,0.33081231
,,,,,,,,,,,,,,,,,,,,,,,,,,,,,,,,,,,,,,,,,,,,,,,05:44:40.358000,Manual Digging,0.6806349158,0.34737685,0.23999606,0.3458434,0.39983267,0.34249899,0.26147622,0.18723671,0.31790689,0.22459644,0.278651,0.19461378,0.21594825,0.23187867,0.22626249,0.28913802,0.34103638
,,,,,,,,,,,,,,,,,,,,,,,,,,,,,,,,,,,,,,,,,,,,,,,05:44:40.599000,Manual Digging,0.6806349158,0.4450323,0.57419777,0.38763067,0.24832019,0.21499024,0.17310427,0.20879428,0.32125559,0.38417351,0.36019406,0.26217929,0.21178181,0.30142519,0.47032419,0.59012443,0.58069474
,,,,,,,,,,,,,,,,,,,,,,,,,,,,,,,,,,,,,,,,,,,,,,,05:44:40.839000,Manual Digging,0.6806349158,0.3182587,0.35935125,0.28370801,0.18773519,0.25395119,0.2739169,0.1987984,0.2501012999999999,0.38298219,0.36981943,0.20898019,0.26075715,0.26094115,0.38715735,0.47982499,0.50380868
,,,,,,,,,,,,,,,,,,,,,,,,,,,,,,,,,,,,,,,,,,,,,,,05:44:41.080000,Manual Digging,0.6806349158,0.25677955,0.27077019,0.33945411,0.31799787,0.29781568,0.29174697,0.23516278,0.36637256,0.35046685,0.20341124,0.21515486,0.26524219,0.24543163,0.28939793,0.28533229,0.34039575
,,,,,,,,,,,,,,,,,,,,,,,,,,,,,,,,,,,,,,,,,,,,,,,05:44:41.320000,Manual Digging,0.6806349158,0.31853229,0.33620694,0.42929611,0.41509706,0.40658146,0.24265561,0.24735007,0.28832757,0.25014561,0.21569638,0.21716511,0.2157511,0.36174834,0.39828736,0.36958474,0.31676567
,,,,,,,,,,,,,,,,,,,,,,,,,,,,,,,,,,,,,,,,,,,,,,,05:44:41.560000,Manual Digging,0.6806349158,0.30594334,0.3716349,0.38624057,0.3795841,0.36899647,0.2606393999999999,0.22231987,0.40482777,0.37796277,0.38805041,0.55337512,0.50139201,0.48297074,0.40238714,0.31271443,0.30188718
,,,,,,,,,,,,,,,,,,,,,,,,,,,,,,,,,,,,,,,,,,,,,,,05:44:41.801000,Manual Digging,0.6806349158,0.36663008,0.3825817999999999,0.45948115,0.36166921,0.28320563,0.21352929,0.19242784,0.41388795,0.53167647,0.31952065,0.47685838,0.38769734,0.51884454,0.29431,0.2847700999999999,0.30147123
,,,,,,,,,,,,,,,,,,,,,,,,,,,,,,,,,,,,,,,,,,,,,,,05:44:42.041000,Manual Digging,0.6806349158,0.41557568,0.28790551,0.36019582,0.35326448,0.26860216,0.16875757,0.2400614,0.35394186,0.43050131,0.22288533,0.35757563,0.431591,0.4356111,0.27760565,0.30131331,0.30755234
,,,,,,,,,,,,,,,,,,,,,,,,,,,,,,,,,,,,,,,,,,,,,,,05:44:42.282000,Manual Digging,0.6806349158,0.29533571,0.24698314,0.27233654,0.37376142,0.31427559,0.23919973,0.19440836,0.2890259,0.25281087,0.2028017,0.36603147,0.34386992,0.34169507,0.19906713,0.32654804,0.39624155
,,,,,,,,,,,,,,,,,,,,,,,,,,,,,,,,,,,,,,,,,,,,,,,05:44:42.522000,Manual Digging,0.6806349158,0.25561836,0.29759347,0.26085091,0.37132066,0.33284125,0.37936008,0.37214637,0.57650238,0.34726405,0.3167527,0.35803339,0.56404257,0.75864929,0.86250067,0.74132699,0.81181127
,,,,,,,,,,,,,,,,,,,,,,,,,,,,,,,,,,,,,,,,,,,,,,,05:44:42.762000,Manual Digging,0.6806349158,1.0397232,1.4414743,1.3969544,1.3438573,1.3444661,1.3528237,1.4639969,1.6484908,2.3267291,2.7493992,3.6030352,3.5937314,2.35603,2.0704277,2.4343438,2.5464664
,,,,,,,,,,,,,,,,,,,,,,,,,,,,,,,,,,,,,,,,,,,,,,,05:44:43.003000,Manual Digging,0.6806349158,6.6400785,5.0259385000000005,2.6973455000000004,3.5829318,3.5109549,2.1513255,0.85743445,0.95189339,2.0282092,2.285413,2.7680635,2.6688764,1.7497005,1.5375983999999998,1.7989491999999998,1.8911272
,,,,,,,,,,,,,,,,,,,,,,,,,,,,,,,,,,,,,,,,,,,,,,,05:44:43.243000,Manual Digging,0.6806349158,3.0168631,2.3850486,0.94212115,1.3409946,1.2931169,0.8127721,0.49734986,0.48984945,0.71374202,0.77335531,0.98447269,0.91232812,0.65825653,0.49203232,0.58120054,0.61320853
,,,,,,,,,,,,,,,,,,,,,,,,,,,,,,,,,,,,,,,,,,,,,,,05:44:43.483000,Manual Digging,0.6806349158,1.235675,0.98015696,0.45281649,0.56479222,0.55859119,0.42458805,0.4725882999999999,0.35368875,0.30734923,0.26255992,0.3255651,0.27751261,0.2175402,0.20531708,0.24110575,0.45588869
,,,,,,,,,,,,,,,,,,,,,,,,,,,,,,,,,,,,,,,,,,,,,,,05:44:43.724000,Manual Digging,0.6806349158,0.65777498,0.55822986,0.25668776,0.35195613,0.33652252,0.25531805,0.29714063,0.18469006,0.20547418,0.24093421,0.17314345,0.13050601,0.2011648999999999,0.3426114,0.352689,0.60262984
,,,,,,,,,,,,,,,,,,,,,,,,,,,,,,,,,,,,,,,,,,,,,,,05:44:43.964000,Manual Digging,0.6806349158,0.44144318,0.3858532,0.28900576,0.35635567,0.2631824,0.20990407,0.23287901,0.21359502,0.33613065,0.50064701,0.33659652,0.39749813,0.35472125,0.57944995,0.52024841,0.70583785
,,,,,,,,,,,,,,,,,,,,,,,,,,,,,,,,,,,,,,,,,,,,,,,05:44:44.205000,Manual Digging,0.6806349158,0.39705533,0.33006647,0.28688505,0.26782355,0.28910318,0.11752863,0.20929652,0.16640881,0.24692185,0.28977704,0.24227096,0.3208304,0.31510377,0.39481199,0.42051506,0.53050059
,,,,,,,,,,,,,,,,,,,,,,,,,,,,,,,,,,,,,,,,,,,,,,,05:44:44.445000,Manual Digging,0.6806349158,0.26558182,0.36684978,0.26436791,0.28557807,0.35235173,0.26405844,0.25528428,0.18989553,0.3067449,0.18724179,0.22446232,0.26616761,0.23970281,0.29615036,0.39612842,0.49093232
,,,,,,,,,,,,,,,,,,,,,,,,,,,,,,,,,,,,,,,,,,,,,,,05:44:44.685000,Manual Digging,0.6806349158,0.27991265,0.42903405,0.3027567,0.3590157,0.30897519,0.60228884,0.67898148,0.88773984,0.7970435,0.76540494,0.40517539,0.43714383,0.38212886,0.73678124,0.7882185,0.73689604
,,,,,,,,,,,,,,,,,,,,,,,,,,,,,,,,,,,,,,,,,,,,,,,05:44:44.926000,Manual Digging,0.6806349158,1.1746743,1.1715748,0.84282708,0.85694748,0.66773224,1.1666337,1.4069473,1.5945143999999998,1.2572488000000002,1.0898832,1.2458423,1.3479063999999998,0.93295169,0.94807237,0.85019678,0.68954009
,,,,,,,,,,,,,,,,,,,,,,,,,,,,,,,,,,,,,,,,,,,,,,,05:44:45.166000,Manual Digging,0.6806349158,2.4152911,1.534426,0.61954141,0.84571463,0.62846744,0.90429515,1.0854791,1.1993998,0.97210097,0.80939919,0.9252221,1.0899842,0.85752267,0.8459419,0.74086112,0.61212283
,,,,,,,,,,,,,,,,,,,,,,,,,,,,,,,,,,,,,,,,,,,,,,,05:44:45.406000,Manual Digging,0.6806349158,0.98927754,0.64025903,0.31433204,0.33749557,0.32963288,0.33505595,0.35040224,0.40591383,0.42966706,0.39778167,0.39361671,0.47607398,0.41575393,0.33883774,0.31328836,0.39404809
,,,,,,,,,,,,,,,,,,,,,,,,,,,,,,,,,,,,,,,,,,,,,,,05:44:45.647000,Manual Digging,0.6806349158,0.46931094,0.50646079,0.81229877,1.3537505,1.153728,0.67787611,1.3310383999999995,1.4948126,1.1700927,1.0286306,0.44808006,0.8577078000000001,1.1122571,1.4282175,1.2176258999999998,1.1518387
,,,,,,,,,,,,,,,,,,,,,,,,,,,,,,,,,,,,,,,,,,,,,,,05:44:45.887000,Manual Digging,0.6806349158,2.0068839,1.6319338,1.1149434,1.4800965,1.2881079,0.74246222,0.62138891,0.95707256,0.90378791,0.87014878,0.33898342,0.58363914,0.62002635,0.63994479,0.55903268,0.49502447
,,,,,,,,,,,,,,,,,,,,,,,,,,,,,,,,,,,,,,,,,,,,,,,05:44:46.128000,Manual Digging,0.6806349158,0.62806922,0.51272541,0.37996933,0.50545126,0.46998984,0.29443902,0.33017504,0.47211441,0.38984454,0.35471007,0.29448158,0.44998434,0.37638843,0.34750569,0.29582444,0.3076002
,,,,,,,,,,,,,,,,,,,,,,,,,,,,,,,,,,,,,,,,,,,,,,,05:44:46.368000,Manual Digging,0.6806349158,0.2871663,0.32905182,0.49907708,0.27613017,0.21933252,0.12485325,0.2884202,0.39765063,0.42880604,0.28421539,0.26896763,0.25063249,0.23784122,0.27156454,0.20253442,0.2082871
,,,,,,,,,,,,,,,,,,,,,,,,,,,,,,,,,,,,,,,,,,,,,,,05:44:46.608000,Manual Digging,0.6806349158,0.31740516,0.30180982,0.35771316,0.30549267,0.3312259,0.22070852,0.30635756,0.2690106,0.31473637,0.18574889,0.27381122,0.29975021,0.27924585,0.32094556,0.20502104,0.21745694
,,,,,,,,,,,,,,,,,,,,,,,,,,,,,,,,,,,,,,,,,,,,,,,05:44:46.849000,Manual Digging,0.6806349158,0.39082715,0.32679674,0.54685569,0.56776971,0.46997911,0.22511509,0.18618859,0.32494214,0.4587183,0.38021517,0.34069282,0.50163943,0.38512737,0.43959582,0.33303389,0.36873198
,,,,,,,,,,,,,,,,,,,,,,,,,,,,,,,,,,,,,,,,,,,,,,,05:44:47.089000,Manual Digging,0.6806349158,0.45127028,0.4609744,0.59429169,0.38419065,0.40208754,0.37717566,0.39094675,0.48509979,0.54211682,0.44968373,0.39215997,0.45490056,0.30123895,0.29456437,0.33704969,0.29167196
,,,,,,,,,,,,,,,,,,,,,,,,,,,,,,,,,,,,,,,,,,,,,,,05:44:47.330000,Manual Digging,0.6806349158,0.28222278,0.33987787,0.38503876,0.31386551,0.32044297,0.40499198,0.3831774,0.3916449,0.39424327,0.24223715,0.36456504,0.33667183,0.28331521,0.2795771999999999,0.31079927,0.332138
,,,,,,,,,,,,,,,,,,,,,,,,,,,,,,,,,,,,,,,,,,,,,,,05:44:47.570000,Manual Digging,0.6806349158,1.7658762,2.1386821,2.8170576,2.3137329,2.3584878,2.2566643,2.3949797000000004,2.1782508,0.52130485,0.30513856,0.25458011,0.28763688,0.30136091,0.71041894,1.163945,0.52979547
,,,,,,,,,,,,,,,,,,,,,,,,,,,,,,,,,,,,,,,,,,,,,,,05:44:47.810000,Manual Digging,0.6806349158,10.207435,11.219132,7.8048463,4.9131527,3.1013234,3.3771067,3.6083298,4.0173445,2.7304189,3.0365031000000005,1.4365671999999998,1.1406125,0.49784029,0.70534742,0.93101835,0.54811543
,,,,,,,,,,,,,,,,,,,,,,,,,,,,,,,,,,,,,,,,,,,,,,,05:44:48.051000,Manual Digging,0.6806349158,5.5722899,5.309131099999999,3.8687289,2.6676955,1.9230615,1.6236522,1.1885767,1.4410466,1.2629933,1.4337455,0.84246987,0.8765105,0.68373144,0.71047515,0.60016036,0.49851549
,,,,,,,,,,,,,,,,,,,,,,,,,,,,,,,,,,,,,,,,,,,,,,,05:44:48.291000,Manual Digging,0.6806349158,1.8152219,1.6607592,1.2162403,0.85847872,0.66467321,1.2293239,1.2218707,1.3285521999999998,1.5714192,1.3548441999999998,0.82909214,0.88549793,0.9640196,1.378973,1.1571736,0.87625337
,,,,,,,,,,,,,,,,,,,,,,,,,,,,,,,,,,,,,,,,,,,,,,,05:44:48.531000,Manual Digging,0.6806349158,6.0634427,5.287323000000001,2.7634125,3.1354575,2.8239388,1.6896673,0.98259819,1.0151821,1.3242824,1.2049743999999998,1.0360054,0.52072215,0.5991767,0.54826385,0.48127672,0.38646278
,,,,,,,,,,,,,,,,,,,,,,,,,,,,,,,,,,,,,,,,,,,,,,,05:44:48.772000,Manual Digging,0.6806349158,2.0001605,1.722417,0.85718203,0.98720509,0.89696646,0.60544586,0.53961349,0.43610883,0.43251401,0.37580776,0.36741528,0.26974624,0.47924656,0.34389731,0.30719674,0.28147435
,,,,,,,,,,,,,,,,,,,,,,,,,,,,,,,,,,,,,,,,,,,,,,,05:44:49.012000,Manual Digging,0.6806349158,0.98873436,0.68182427,0.39222595,0.51930195,0.48715627,0.41841716,0.43671721,0.37933204,0.44116411,0.38206884,0.37464008,0.5130825,0.48075131,0.42299187,0.38774472,0.35604012
,,,,,,,,,,,,,,,,,,,,,,,,,,,,,,,,,,,,,,,,,,,,,,,05:44:49.253000,Manual Digging,0.6806349158,0.46194601,0.41513526,0.29486087,0.31612056,0.32471865,0.39170706,0.52007586,0.42513764,0.31441513,0.32523876,0.41743019,0.48106569,0.46030527,0.30817235,0.31377542,0.39992955
,,,,,,,,,,,,,,,,,,,,,,,,,,,,,,,,,,,,,,,,,,,,,,,05:44:49.493000,Manual Digging,0.6806349158,0.38233635,0.45087868,0.26022762,0.36751357,0.22985187,0.52858979,0.7094835,0.67063689,0.47980529,0.47214973,0.42549676,0.36832395,0.42539415,0.32122448,0.27643064,0.35884684
,,,,,,,,,,,,,,,,,,,,,,,,,,,,,,,,,,,,,,,,,,,,,,,05:44:49.733000,Manual Digging,0.6806349158,0.31035513,0.43151438,0.38595533,0.27545935,0.2453911,0.37833765,0.53160715,0.67545229,0.55562305,0.45709419,0.4124459,0.47959429,0.51080024,0.44169292,0.33228111,0.29397836
,,,,,,,,,,,,,,,,,,,,,,,,,,,,,,,,,,,,,,,,,,,,,,,05:44:49.974000,Manual Digging,0.6806349158,3.9117692,5.0165243,5.0913486,3.8740246,1.795084,0.63107026,0.98396009,1.4099321000000002,2.3569965,1.4145247,2.1707621,1.9560223,1.6707566000000005,0.54852736,0.56710565,1.0315219999999998
,,,,,,,,,,,,,,,,,,,,,,,,,,,,,,,,,,,,,,,,,,,,,,,05:44:50.214000,Manual Digging,0.6806349158,4.7968636,4.8100138,4.0094485,2.9530721,2.0282109,6.0936542000000005,10.367318,11.414137,7.737885,7.397226299999999,3.9935441,5.797330400000001,6.1429372,7.492449799999999,6.9282951,8.3874559
,,,,,,,,,,,,,,,,,,,,,,,,,,,,,,,,,,,,,,,,,,,,,,,05:44:50.454000,Manual Digging,0.6806349158,7.042241099999999,4.334308099999999,3.3584731,3.8646407,3.0976839,5.1373,10.060868,11.565948,7.3199143,6.6390224,1.7330163,4.4584761,5.1681905,5.8575106,6.7264619,9.0414276
,,,,,,,,,,,,,,,,,,,,,,,,,,,,,,,,,,,,,,,,,,,,,,,05:44:50.695000,Manual Digging,0.6806349158,4.0104709000000005,2.5318279,1.976488,2.1314485,1.7084525000000002,1.6655129000000002,3.0603213,3.5181370000000003,2.4214461,2.1603982000000004,0.80279249,1.3618933000000002,1.5795367,1.7817411,2.0460594,2.7502275000000003
,,,,,,,,,,,,,,,,,,,,,,,,,,,,,,,,,,,,,,,,,,,,,,,05:44:50.935000,Manual Digging,0.6806349158,1.2199079,0.84551173,0.69343048,0.78739166,0.63204998,0.55147326,0.94046533,1.1060756,0.73655707,0.69521356,0.25970984,0.529612,0.50474119,0.55978429,0.65166777,0.89712059
,,,,,,,,,,,,,,,,,,,,,,,,,,,,,,,,,,,,,,,,,,,,,,,05:44:51.176000,Manual Digging,0.6806349158,0.38957798,0.27450415,0.42729524,0.38099203,0.32341093,0.23015101,0.43059048,0.48569632,0.41200078,0.34191099,0.21036024,0.29733694,0.26835948,0.20188549,0.21207522,0.34773129
,,,,,,,,,,,,,,,,,,,,,,,,,,,,,,,,,,,,,,,,,,,,,,,05:44:51.416000,Manual Digging,0.6806349158,0.22401871,0.30011439,0.42725047,0.46900088,0.34868643,0.21791536,0.26214734,0.25035149,0.19743958,0.20680006,0.15474084,0.14156172,0.14782453,0.13836303,0.23037501,0.30186304
,,,,,,,,,,,,,,,,,,,,,,,,,,,,,,,,,,,,,,,,,,,,,,,05:44:51.656000,Manual Digging,0.6806349158,0.35022089,0.32273179,0.35397199,0.5111196,0.48070514,0.30275065,0.372161,0.38565597,0.38728112,0.37294763,0.23722038,0.20571798,0.22256383,0.20436732,0.24086289,0.26139417
,,,,,,,,,,,,,,,,,,,,,,,,,,,,,,,,,,,,,,,,,,,,,,,05:44:51.897000,Manual Digging,0.6806349158,0.24457398,0.31320396,0.40164536,0.49255598,0.48873419,0.2779186999999999,0.27110308,0.42829099,0.61102498,0.46621695,0.22627921,0.35992077,0.37069106,0.27327469,0.23558296,0.19135027
,,,,,,,,,,,,,,,,,,,,,,,,,,,,,,,,,,,,,,,,,,,,,,,05:44:52.137000,Manual Digging,0.6806349158,0.25060835,0.3584078,0.29422495,0.35065529,0.3620607,0.21562746,0.20352848,0.23189873,0.37434494,0.4681263,0.45348126,0.51559275,0.37498248,0.30327612,0.20364727,0.2879754
,,,,,,,,,,,,,,,,,,,,,,,,,,,,,,,,,,,,,,,,,,,,,,,05:44:52.378000,Manual Digging,0.6806349158,0.25810933,0.37675196,0.36625305,0.2779164,0.26752383,0.22484078,0.20124994,0.29201093,0.39334133,0.48678672,0.33677685,0.38290378,0.27661359,0.19092928,0.22394662,0.304874
,,,,,,,,,,,,,,,,,,,,,,,,,,,,,,,,,,,,,,,,,,,,,,,05:44:52.618000,Manual Digging,0.6806349158,0.88484585,0.60919446,0.42644241,0.26285711,0.61273754,2.4462404,2.719775,2.884655,2.1393158,2.0323515,0.48622566,0.74689442,1.9673579,3.9078469,3.8666065,2.9520116
,,,,,,,,,,,,,,,,,,,,,,,,,,,,,,,,,,,,,,,,,,,,,,,05:44:52.858000,Manual Digging,0.6806349158,4.5316095,3.6747239,2.5150871,2.2346847000000003,2.176023,1.8166949,2.0790524,2.1651618,1.7874324,1.7237351000000003,0.54305315,0.55467945,1.4628605,2.902154,2.9409769,2.196085
,,,,,,,,,,,,,,,,,,,,,,,,,,,,,,,,,,,,,,,,,,,,,,,05:44:53.099000,Manual Digging,0.6806349158,3.0572817000000003,2.2362404,1.8416007,1.4393716,1.3678395,4.202707299999999,5.130210400000001,5.1600237,2.0305736,3.111459,2.6808717,5.3397584,8.1725674,8.717063900000001,8.397587800000002,5.7717795
,,,,,,,,,,,,,,,,,,,,,,,,,,,,,,,,,,,,,,,,,,,,,,,05:44:53.339000,Manual Digging,0.6806349158,3.8371019,2.786195,1.4439377,2.0202713,1.5508681999999998,3.4099836000000003,4.0465317,5.5986471,6.976406599999999,6.020544999999999,4.1802435,3.9781849,6.076618700000001,6.4737082,6.2364502,4.2863989
,,,,,,,,,,,,,,,,,,,,,,,,,,,,,,,,,,,,,,,,,,,,,,,05:44:53.579000,Manual Digging,0.6806349158,1.8282249,1.5393928999999995,1.1541021,1.3140125,0.87490946,1.3966929,1.6574161,2.559226,3.3699767999999994,2.9784772,1.8490025,1.3966644,2.0013735,2.0569396,2.1037824,1.5954454
,,,,,,,,,,,,,,,,,,,,,,,,,,,,,,,,,,,,,,,,,,,,,,,05:44:53.820000,Manual Digging,0.6806349158,0.684214,0.59460485,0.49743798,0.6240871,0.49099052,0.53593618,0.53476667,0.90435648,1.1552007,1.0564851999999998,0.6484158,0.44416839,0.6103633,0.62568122,0.63992995,0.49940509
,,,,,,,,,,,,,,,,,,,,,,,,,,,,,,,,,,,,,,,,,,,,,,,05:44:54.060000,Manual Digging,0.6806349158,0.66271806,0.51056862,0.29548454,0.55398613,0.54335636,0.41057807,0.29849353,0.46032962,0.47458053,0.44776759,0.26758483,0.25381473,0.22626697,0.3179706,0.47393388,0.45903045
,,,,,,,,,,,,,,,,,,,,,,,,,,,,,,,,,,,,,,,,,,,,,,,05:44:54.301000,Manual Digging,0.6806349158,0.267847,0.22262359,0.22729006,0.3591049,0.32539734,0.29186088,0.25544295,0.32119107,0.36363214,0.28365117,0.27925956,0.26209575,0.25188777,0.31577045,0.41964692,0.37852564
,,,,,,,,,,,,,,,,,,,,,,,,,,,,,,,,,,,,,,,,,,,,,,,05:44:54.541000,Manual Digging,0.6806349158,0.35795039,0.35591295,0.25955451,0.45402887,0.46738836,0.22144662,0.20391844,0.19947095,0.20807354,0.2122632,0.25051886,0.39354146,0.3605988,0.30929554,0.23233896,0.27245367
,,,,,,,,,,,,,,,,,,,,,,,,,,,,,,,,,,,,,,,,,,,,,,,05:44:54.781000,Manual Digging,0.6806349158,0.67889708,0.58950466,0.35523921,0.82967812,0.81826609,0.69206923,0.29456958,0.18199147,0.20715906,0.18026328,0.28661621,0.43329749,0.40821639,0.24268472,0.20329033,0.28921866
,,,,,,,,,,,,,,,,,,,,,,,,,,,,,,,,,,,,,,,,,,,,,,,05:44:55.022000,Manual Digging,0.6806349158,0.56584412,0.31716126,0.31433398,0.71366769,0.71974885,0.65005887,0.27403826,0.21395014,0.24539,0.25332004,0.29783627,0.32184389,0.40747523,0.34547812,0.47011852,0.36723363
,,,,,,,,,,,,,,,,,,,,,,,,,,,,,,,,,,,,,,,,,,,,,,,05:44:55.262000,Manual Digging,0.6806349158,7.547511099999999,6.678903599999999,3.5736704,2.3649495,2.9189553,5.6850553,6.180443799999999,6.579505,4.8398199,5.092154,2.2613368,2.1450214,3.2616646,5.2214131,5.5971007,6.654041800000001
,,,,,,,,,,,,,,,,,,,,,,,,,,,,,,,,,,,,,,,,,,,,,,,05:44:55.502000,Manual Digging,0.6806349158,7.024056,6.075953,3.2640371,3.0500629,2.5563607000000004,2.6422451,2.8747213,2.9762371,2.8410063,3.4206026,1.6424806,2.1323941000000004,1.7040604,2.6794407,2.9946537,3.4314873
,,,,,,,,,,,,,,,,,,,,,,,,,,,,,,,,,,,,,,,,,,,,,,,05:44:55.743000,Manual Digging,0.6806349158,3.0364771,2.8592916,1.4013394,1.3008182,1.1128085,1.0609224,0.87877405,1.0305045,1.2285968,1.3367703000000002,0.66914082,0.71454763,0.53528291,0.83697367,0.94784474,1.0883842
,,,,,,,,,,,,,,,,,,,,,,,,,,,,,,,,,,,,,,,,,,,,,,,05:44:55.983000,Manual Digging,0.6806349158,1.1402265,0.89259833,0.56401145,0.54203707,0.49461246,0.46363279,0.3104442999999999,0.44381645,0.51635641,0.52926612,0.33356535,0.36944103,0.44045234,0.49691272,0.51053846,0.43993753
,,,,,,,,,,,,,,,,,,,,,,,,,,,,,,,,,,,,,,,,,,,,,,,05:44:56.224000,Manual Digging,0.6806349158,3.6992829,2.7239006000000003,3.6366532,3.3883417,4.3745389,7.566687599999999,8.2393951,6.091508900000001,1.7565054,1.448518,2.5497408,6.1155334,5.4060435,5.902989900000001,5.261253400000001,5.9414864000000005
,,,,,,,,,,,,,,,,,,,,,,,,,,,,,,,,,,,,,,,,,,,,,,,05:44:56.464000,Manual Digging,0.6806349158,2.0492702,1.502301,1.4423681000000002,1.5288814,1.8667217,3.1852016,3.3185604,2.4593697,0.74881703,0.61166131,1.0468411,2.6769004,2.3065064,2.4988964,2.2742732000000005,2.5217483
,,,,,,,,,,,,,,,,,,,,,,,,,,,,,,,,,,,,,,,,,,,,,,,05:44:56.704000,Manual Digging,0.6806349158,0.83789635,0.64941967,0.56675512,0.5606218000000001,0.70686334,0.99182415,1.0273392,0.76593095,0.31937233,0.26187682,0.36117837,0.86429095,0.71174949,0.78908205,0.72141701,0.85421985
,,,,,,,,,,,,,,,,,,,,,,,,,,,,,,,,,,,,,,,,,,,,,,,05:44:56.945000,Manual Digging,0.6806349158,0.42648375,0.38585395,0.25642112,0.35988989,0.39213425,0.38507706,0.39915818,0.61223584,0.59025669,0.59559548,0.47337341,0.58906096,0.48604137,0.43375582,0.37677008,0.50111145
,,,,,,,,,,,,,,,,,,,,,,,,,,,,,,,,,,,,,,,,,,,,,,,05:44:57.185000,Manual Digging,0.6806349158,0.21622834,0.26379597,0.31471285,0.31753361,0.31817433,0.38814402,0.42176813,0.3806777,0.36286464,0.55079484,0.40393293,0.35673562,0.26778913,0.38131753,0.46897763,0.50099415
,,,,,,,,,,,,,,,,,,,,,,,,,,,,,,,,,,,,,,,,,,,,,,,05:44:57.426000,Manual Digging,0.6806349158,0.49400195,0.48308736,0.27412733,0.31628475,0.34423184,0.4820126,0.46960568,0.45836002,0.33306581,0.42960072,0.41297105,0.46721932,0.55688649,0.62636429,0.7041769,0.70721728
,,,,,,,,,,,,,,,,,,,,,,,,,,,,,,,,,,,,,,,,,,,,,,,05:44:57.666000,Manual Digging,0.6806349158,0.51672679,0.34765252,0.25001517,0.42234525,0.30839097,0.355955,0.43802112,0.3690303,0.30428529,0.23174195,0.39876455,0.34456611,0.37250888,0.50752681,0.46019691,0.44028041
,,,,,,,,,,,,,,,,,,,,,,,,,,,,,,,,,,,,,,,,,,,,,,,05:44:57.906000,Manual Digging,0.6806349158,0.46510881,0.35691571,0.33446831,0.63716245,0.54688317,0.48948756,0.30011743,0.24063346,0.25996897,0.16828728,0.41047695,0.37229854,0.32875082,0.35735747,0.28838468,0.31860277
,,,,,,,,,,,,,,,,,,,,,,,,,,,,,,,,,,,,,,,,,,,,,,,05:44:58.147000,Manual Digging,0.6806349158,0.24566782,0.25961056,0.34962711,0.52286744,0.45496172,0.34821677,0.16253023,0.22054836,0.32476524,0.28693768,0.25367963,0.26525971,0.29178739,0.17623393,0.21708378,0.27029529
,,,,,,,,,,,,,,,,,,,,,,,,,,,,,,,,,,,,,,,,,,,,,,,05:44:58.387000,Manual Digging,0.6806349158,0.65899664,0.53002095,0.39699471,0.30415708,0.33536202,0.20825677,0.35877436,0.37147093,0.3378239,0.29832953,0.45960861,0.53460729,0.45277983,0.37343282,0.49431312,0.42637122
,,,,,,,,,,,,,,,,,,,,,,,,,,,,,,,,,,,,,,,,,,,,,,,05:44:58.627000,Manual Digging,0.6806349158,0.38235196,0.44197175,0.47819272,0.27090144,0.32344541,0.26987278,0.4290528,0.6293155,0.6341728,0.5419841999999999,0.30859628,0.29020655,0.21672609,0.26590765,0.29467756,0.37242407
,,,,,,,,,,,,,,,,,,,,,,,,,,,,,,,,,,,,,,,,,,,,,,,05:44:58.868000,Manual Digging,0.6806349158,5.3742514,4.483943,2.3228414,1.4001441,1.0741149,1.8817897,1.8868995,2.0995228,2.0121253,1.216009,1.0380048000000002,0.90030175,0.92575938,1.1348561,1.0313069,0.52525884
,,,,,,,,,,,,,,,,,,,,,,,,,,,,,,,,,,,,,,,,,,,,,,,05:44:59.108000,Manual Digging,0.6806349158,5.1067352,4.490645400000001,2.5686975,1.4124019,1.1324812,1.2982994,1.2087176000000002,1.5598068,1.5394669,1.005584,0.9073531,0.76265204,0.7552762,0.78993917,0.62250572,0.34168431
,,,,,,,,,,,,,,,,,,,,,,,,,,,,,,,,,,,,,,,,,,,,,,,05:44:59.349000,Manual Digging,0.6806349158,2.0916643,1.8393205,1.0521111,0.5785048,0.3962875,0.56488574,0.54304081,0.65965819,0.69425553,0.61918741,0.48828879,0.55467743,0.44521698,0.28695089,0.55989468,0.59512454
,,,,,,,,,,,,,,,,,,,,,,,,,,,,,,,,,,,,,,,,,,,,,,,05:44:59.589000,Manual Digging,0.6806349158,0.83328986,0.76705033,0.39684919,0.23171416,0.22425829,0.39225093,0.41309416,0.36492231,0.30377162,0.35664165,0.34209955,0.41839036,0.57107407,0.61865151,0.66429323,0.66179556
,,,,,,,,,,,,,,,,,,,,,,,,,,,,,,,,,,,,,,,,,,,,,,,05:44:59.829000,Manual Digging,0.6806349158,0.38399309,0.36425361,0.169282,0.18031247,0.16654494,0.27262506,0.39387292,0.45147267,0.47140762,0.38820106,0.19548886,0.27259159,0.3474094,0.51635814,0.49764431,0.52149493
,,,,,,,,,,,,,,,,,,,,,,,,,,,,,,,,,,,,,,,,,,,,,,,05:45:00.070000,Manual Digging,0.6806349158,1.309736,1.2018945,0.60283071,0.64807981,1.549103,2.9543257,3.0881369,2.7966833,2.0238693,1.332306,0.96617925,1.1549958,2.6249702,3.4106627,3.2895706,1.7804528000000002
,,,,,,,,,,,,,,,,,,,,,,,,,,,,,,,,,,,,,,,,,,,,,,,05:45:00.310000,Manual Digging,0.6806349158,1.2927181,1.1460595,0.64022946,0.55728257,0.82584274,1.2430212,1.282141,1.1541848,0.90291834,0.55932319,0.47942486,0.48021305,1.1357483,1.4714593,1.3843653,0.79654026
,,,,,,,,,,,,,,,,,,,,,,,,,,,,,,,,,,,,,,,,,,,,,,,05:45:00.550000,Manual Digging,0.6806349158,0.9144147,0.94726646,0.31306434,0.32017434,0.43528372,0.53540307,0.60228997,0.50947976,0.38391557,0.25412688,0.32873353,0.24764782,0.65555674,0.47300905,0.44948298,0.31540155
,,,,,,,,,,,,,,,,,,,,,,,,,,,,,,,,,,,,,,,,,,,,,,,05:45:00.791000,Manual Digging,0.6806349158,0.3981657,0.4256592999999999,0.2062071,0.34749267,0.38097119,0.43157741,0.50638616,0.51087534,0.44491708,0.26278886,0.31067502,0.40607131,0.54880458,0.62115103,0.66261804,0.66903532
,,,,,,,,,,,,,,,,,,,,,,,,,,,,,,,,,,,,,,,,,,,,,,,05:45:01.031000,Manual Digging,0.6806349158,0.40541658,0.41236207,0.41523623,0.3952575,0.3376112,0.42130738,0.46594182,0.41328275,0.3416709,0.22422667,0.29982159,0.35849804,0.37805611,0.39508525,0.48335955,0.4265471999999999
,,,,,,,,,,,,,,,,,,,,,,,,,,,,,,,,,,,,,,,,,,,,,,,05:45:01.272000,Manual Digging,0.6806349158,0.41225219,0.36234736,0.40198618,0.41287547,0.32545602,0.24940512,0.30754924,0.21726257,0.24573363,0.19563028,0.18879998,0.20103936,0.23611988,0.46663848,0.52175069,0.51650518
,,,,,,,,,,,,,,,,,,,,,,,,,,,,,,,,,,,,,,,,,,,,,,,05:45:01.512000,Manual Digging,0.6806349158,1.5736185,1.5375761,0.76715988,0.79543996,1.0311168,2.4517057,2.5631185000000003,2.602735,1.0750248,1.2735658,1.8680581000000005,2.468107,3.8832319,5.0275455,5.1642795,3.68261
,,,,,,,,,,,,,,,,,,,,,,,,,,,,,,,,,,,,,,,,,,,,,,,05:45:01.752000,Manual Digging,0.6806349158,1.2979437,0.94305754,0.58751041,0.87301022,0.80537671,1.8207538,1.9167123,2.1508732000000004,1.288878,1.3179507,1.5258356000000002,2.0885453000000003,3.2014389,3.9606493,4.073698,3.2445221
,,,,,,,,,,,,,,,,,,,,,,,,,,,,,,,,,,,,,,,,,,,,,,,05:45:01.993000,Manual Digging,0.6806349158,0.80160207,0.58634633,0.58587921,0.75531125,0.63888878,0.74310541,0.69657028,0.79302663,0.74582684,0.5779019,0.57730412,0.69149685,1.002148,1.2047527,1.2831303,1.0455034
,,,,,,,,,,,,,,,,,,,,,,,,,,,,,,,,,,,,,,,,,,,,,,,05:45:02.233000,Manual Digging,0.6806349158,0.43362498,0.31069404,0.35398486,0.5249663,0.4571327,0.47354347,0.48631817,0.46195111,0.4572694,0.34832698,0.52006972,0.53940165,0.51392776,0.42510921,0.46051082,0.52655488
,,,,,,,,,,,,,,,,,,,,,,,,,,,,,,,,,,,,,,,,,,,,,,,05:45:02.473000,Manual Digging,0.6806349158,0.54337937,0.22580671,0.19403668,0.30614406,0.37361467,0.5365153,0.64506578,0.67181784,0.46638778,0.27309439,0.26693466,0.34195787,0.27207112,0.27195862,0.21531084,0.26898992
,,,,,,,,,,,,,,,,,,,,,,,,,,,,,,,,,,,,,,,,,,,,,,,05:45:02.714000,Manual Digging,0.6806349158,0.25764716,0.16532226,0.31754717,0.18330143,0.2689862,0.26001388,0.47370735,0.40945417,0.36644411,0.28421438,0.23150665,0.17098883,0.17643534,0.18168846,0.26350906,0.25010332
,,,,,,,,,,,,,,,,,,,,,,,,,,,,,,,,,,,,,,,,,,,,,,,05:45:02.954000,Manual Digging,0.6806349158,0.23302387,0.27610031,0.53129989,0.46850917,0.33905023,0.18912251,0.4017969999999999,0.33702481,0.34301662,0.29103437,0.27118626,0.22391583,0.234925,0.3227415999999999,0.33312261,0.33039501
,,,,,,,,,,,,,,,,,,,,,,,,,,,,,,,,,,,,,,,,,,,,,,,05:45:03.195000,Manual Digging,0.6806349158,0.39035049,0.33248746,0.5171026,0.46661356,0.35117531,0.23821838,0.2204317,0.20894207,0.27023819,0.21629943,0.30397052,0.26075733,0.29691675,0.27461216,0.23862138,0.31172833
,,,,,,,,,,,,,,,,,,,,,,,,,,,,,,,,,,,,,,,,,,,,,,,05:45:03.435000,Manual Digging,0.6806349158,0.44582704,0.41212001,0.4009434,0.29619843,0.33013409,0.3011377999999999,0.29423264,0.23394291,0.28594464,0.2935667,0.3750301,0.39684248,0.50732738,0.47485381,0.3462809,0.31922993
,,,,,,,,,,,,,,,,,,,,,,,,,,,,,,,,,,,,,,,,,,,,,,,05:45:03.675000,Manual Digging,0.6806349158,0.7573626,0.69316632,0.60839337,0.57963985,0.47597918,0.38499343,0.68694264,0.88283062,1.1358057,0.51798511,0.42067719,0.58975929,0.39286458,0.41184795,0.34402052,0.57417393
,,,,,,,,,,,,,,,,,,,,,,,,,,,,,,,,,,,,,,,,,,,,,,,05:45:03.916000,Manual Digging,0.6806349158,13.365973,10.751479,9.8401375,11.752368,12.626733,13.945726,13.090771,20.743395,29.453064,24.448088,16.853951000000002,6.1194878,2.7087057,2.4363215,3.2028124,3.9939723
,,,,,,,,,,,,,,,,,,,,,,,,,,,,,,,,,,,,,,,,,,,,,,,05:45:04.156000,Manual Digging,0.6806349158,16.234501,13.626083,9.4844198,10.980072,10.966879,12.222865,11.134599,20.120735,29.55278,23.484241,15.448095,5.1619177,2.2549598,2.6524136,3.6526539,3.9244108
,,,,,,,,,,,,,,,,,,,,,,,,,,,,,,,,,,,,,,,,,,,,,,,05:45:04.397000,Manual Digging,0.6806349158,5.5699992,4.782433,3.2687327999999995,3.5399573,3.4397125,3.8191426,3.4782224000000004,6.1756616,8.989381800000002,7.179637400000001,4.7288308,1.6234118,0.73880494,0.91298807,1.2010345,1.2574147
,,,,,,,,,,,,,,,,,,,,,,,,,,,,,,,,,,,,,,,,,,,,,,,05:45:04.637000,Manual Digging,0.6806349158,1.8656746,1.5629385,0.99428517,1.3132252,1.2352471,1.2251462,1.1382846000000002,1.9081049,2.7343953,2.192651,1.5508704,0.53197449,0.43901712,0.38743049,0.4468592999999999,0.38991261
,,,,,,,,,,,,,,,,,,,,,,,,,,,,,,,,,,,,,,,,,,,,,,,05:45:04.877000,Manual Digging,0.6806349158,0.64618057,0.54500103,0.44498539,0.45967895,0.49297866,0.45281219,0.44000342,0.78016454,0.91037589,0.76367986,0.61809647,0.31377843,0.3771527999999999,0.30469134,0.28108448,0.3422479
,,,,,,,,,,,,,,,,,,,,,,,,,,,,,,,,,,,,,,,,,,,,,,,05:45:05.118000,Manual Digging,0.6806349158,0.57617432,0.39189196,0.26444387,0.39289165,0.28105223,0.23507203,0.34700772,0.36927965,0.50224477,0.42693189,0.3467769,0.21752349,0.29729706,0.15255365,0.24274081,0.33478701
,,,,,,,,,,,,,,,,,,,,,,,,,,,,,,,,,,,,,,,,,,,,,,,05:45:05.358000,Manual Digging,0.6806349158,0.38046953,0.26115963,0.15400787,0.4121992,0.40554872,0.23157372,0.4998077999999999,0.53598046,0.42075679,0.42667171,0.25664192,0.26277405,0.41872713,0.25508308,0.17096497,0.24862882
,,,,,,,,,,,,,,,,,,,,,,,,,,,,,,,,,,,,,,,,,,,,,,,05:45:05.598000,Manual Digging,0.6806349158,0.3836619,0.36203501,0.24228449,0.2410087999999999,0.27633509,0.39868629,0.49525684,0.39066786,0.33590901,0.37754518,0.20420721,0.22539651,0.40131941,0.25825167,0.29643613,0.3907502
,,,,,,,,,,,,,,,,,,,,,,,,,,,,,,,,,,,,,,,,,,,,,,,05:45:05.839000,Manual Digging,0.6806349158,2.8970029,3.1352398,3.1404679,1.9695597,1.6642962,2.6433344,2.2142856,1.9321933,1.3043668,1.2834603999999998,1.0636256000000002,1.2388085,2.1472874,2.4147863,2.4039605,1.8001822
,,,,,,,,,,,,,,,,,,,,,,,,,,,,,,,,,,,,,,,,,,,,,,,05:45:06.079000,Manual Digging,0.6806349158,5.3562598,4.1570845,1.8796983,1.4861223,1.3052056,1.4395124,1.002732,0.79201263,0.49921817,0.71391374,0.69177741,0.67811167,0.90603048,0.99737263,0.9846366,0.69853878
,,,,,,,,,,,,,,,,,,,,,,,,,,,,,,,,,,,,,,,,,,,,,,,05:45:06.320000,Manual Digging,0.6806349158,2.1938672,1.7026974,0.78335458,0.64938557,0.62216598,0.64700162,0.38630515,0.31651935,0.28112683,0.42267203,0.52240855,0.52175438,0.3870008,0.54930657,0.58655465,0.4472487
,,,,,,,,,,,,,,,,,,,,,,,,,,,,,,,,,,,,,,,,,,,,,,,05:45:06.560000,Manual Digging,0.6806349158,6.2582574,5.8387208,3.6627569,2.0157406000000004,2.3745351,4.7023859,4.113821,3.5887842000000005,2.3848243,2.3639839,1.2829046,0.86580503,2.185838,4.4916372,6.0282245,4.9823656
,,,,,,,,,,,,,,,,,,,,,,,,,,,,,,,,,,,,,,,,,,,,,,,05:45:06.800000,Manual Digging,0.6806349158,10.597463,8.5673475,3.0489931,3.4896392999999994,3.9696593,6.301321499999999,3.1881881,3.1717767999999995,2.2345455000000003,4.0548792,3.6214902,4.064633799999999,1.9595152,2.7154436,3.609159200000001,2.8767211
,,,,,,,,,,,,,,,,,,,,,,,,,,,,,,,,,,,,,,,,,,,,,,,05:45:07.041000,Manual Digging,0.6806349158,7.8525043,6.362521599999999,1.892745,2.5915728,2.9480588,3.7860446,1.1474808,1.3853796,1.2216415,2.2394583,2.0194805,2.2467308,1.1421791,1.4976368,1.6640658,1.2701787
,,,,,,,,,,,,,,,,,,,,,,,,,,,,,,,,,,,,,,,,,,,,,,,05:45:07.281000,Manual Digging,0.6806349158,4.5057845,3.4655747000000003,1.1559233999999998,1.1650015,1.2393275,1.3120278,0.74830031,0.794218,0.63684785,0.95729709,0.8792389000000002,0.99373746,0.67662233,0.63082027,0.76231056,0.68285209
,,,,,,,,,,,,,,,,,,,,,,,,,,,,,,,,,,,,,,,,,,,,,,,05:45:07.521000,Manual Digging,0.6806349158,1.4510609,1.1481371,0.42502895,0.44085631,0.46132898,0.46364182,0.47176433,0.46605942,0.45438275,0.37371549,0.41385877,0.49262601,0.49984398,0.47605354,0.45718184,0.43311033
,,,,,,,,,,,,,,,,,,,,,,,,,,,,,,,,,,,,,,,,,,,,,,,05:45:07.762000,Manual Digging,0.6806349158,0.62452644,0.58661008,0.17141294,0.20442218,0.19153264,0.16331626,0.29414254,0.32211679,0.36552891,0.31973645,0.29456016,0.33734864,0.41783473,0.39966857,0.29934353,0.36611649
,,,,,,,,,,,,,,,,,,,,,,,,,,,,,,,,,,,,,,,,,,,,,,,05:45:08.002000,Manual Digging,0.6806349158,0.41825941,0.48666382,0.26005551,0.3900865,0.42431515,0.23920597,0.35411897,0.33299363,0.37308133,0.28253731,0.28252178,0.31526697,0.36477798,0.34555447,0.25880504,0.37897137
,,,,,,,,,,,,,,,,,,,,,,,,,,,,,,,,,,,,,,,,,,,,,,,05:45:08.243000,Manual Digging,0.6806349158,0.32520971,0.40969163,0.36024132,0.27762941,0.36727691,0.28434634,0.29160696,0.31908458,0.32073787,0.29310301,0.37781253,0.38173372,0.40691376,0.45276895,0.5402326,0.46605951
,,,,,,,,,,,,,,,,,,,,,,,,,,,,,,,,,,,,,,,,,,,,,,,05:45:08.483000,Manual Digging,0.6806349158,0.29913399,0.26261455,0.29025891,0.2486449,0.29887649,0.20150048,0.27174985,0.3769252,0.38727373,0.32108381,0.36250204,0.3864744,0.41252586,0.41131449,0.46142364,0.38681504
,,,,,,,,,,,,,,,,,,,,,,,,,,,,,,,,,,,,,,,,,,,,,,,05:45:08.723000,Manual Digging,0.6806349158,0.41682065,0.34005666,0.30372295,0.36925423,0.32990113,0.24529067,0.31116182,0.480984,0.55986333,0.41684368,0.49792963,0.45019794,0.68420464,0.55358458,0.5669861999999999,0.37035447
,,,,,,,,,,,,,,,,,,,,,,,,,,,,,,,,,,,,,,,,,,,,,,,05:45:08.964000,Manual Digging,0.6806349158,0.40596491,0.41118053,0.33561632,0.22481811,0.23715337,0.25003204,0.31302574,0.38345832,0.45243263,0.48535225,0.45870635,0.41177922,0.48253846,0.4437263,0.43047792,0.25391078
,,,,,,,,,,,,,,,,,,,,,,,,,,,,,,,,,,,,,,,,,,,,,,,05:45:09.204000,Manual Digging,0.6806349158,2.547014,2.3754349,1.8338133,1.1904863,1.4690964,2.4258971000000003,3.2639098,4.4472775,4.166605000000001,3.5644813,3.2366738,3.7055109,3.7497115,3.4629121,3.6989133,4.4933677
,,,,,,,,,,,,,,,,,,,,,,,,,,,,,,,,,,,,,,,,,,,,,,,05:45:09.445000,Manual Digging,0.6806349158,3.1364894,2.891475,1.6527794999999998,1.6214551,1.6513052,2.5978875,2.9874043,3.8273571,3.2972081,2.8516645,2.5222597,3.2232547,3.4209807,3.3267729,3.286582,3.9667943
,,,,,,,,,,,,,,,,,,,,,,,,,,,,,,,,,,,,,,,,,,,,,,,05:45:09.685000,Manual Digging,0.6806349158,1.4641228000000002,1.260729,0.79690975,0.74101043,0.68841398,0.79022729,0.95151055,1.2396643,1.0360457,0.88934469,0.7678169,0.98045152,1.0522685,1.1393828,1.0735737,1.2748266
,,,,,,,,,,,,,,,,,,,,,,,,,,,,,,,,,,,,,,,,,,,,,,,05:45:09.925000,Manual Digging,0.6806349158,0.96757233,0.61663443,0.33905062,0.33422199,0.24980271,0.30921024,0.4594309,0.49083254,0.43842432,0.36794862,0.41096023,0.50037932,0.52947176,0.48441768,0.55846262,0.65361059
,,,,,,,,,,,,,,,,,,,,,,,,,,,,,,,,,,,,,,,,,,,,,,,05:45:10.166000,Manual Digging,0.6806349158,0.36938566,0.37378949,0.25822464,0.38541335,0.34719193,0.22490555,0.20621803,0.27120143,0.33118513,0.24988541,0.26970848,0.21274991,0.33164063,0.34649783,0.46996093,0.45524257
,,,,,,,,,,,,,,,,,,,,,,,,,,,,,,,,,,,,,,,,,,,,,,,05:45:10.406000,Manual Digging,0.6806349158,0.80195409,0.52622819,0.3591204,0.47152025,0.4396683,0.49219465,0.59580058,0.67142081,1.135133,1.0752667,0.63129544,0.35613459,0.53901654,0.763533,0.80152816,0.54062968
,,,,,,,,,,,,,,,,,,,,,,,,,,,,,,,,,,,,,,,,,,,,,,,05:45:10.646000,Manual Digging,0.6806349158,0.8576448,0.58424866,0.28552917,0.35202289,0.34272203,0.39015335,0.44247007,0.51947778,0.90117848,0.83874184,0.47461149,0.41360471,0.51122129,0.57667494,0.61071241,0.42055771
,,,,,,,,,,,,,,,,,,,,,,,,,,,,,,,,,,,,,,,,,,,,,,,05:45:10.887000,Manual Digging,0.6806349158,0.51499772,0.43735546,0.23639499,0.39772648,0.42351931,0.45707268,0.48223382,0.33411732,0.36342624,0.27710709,0.25550219,0.38440073,0.39468026,0.44730952,0.3478722,0.2518537
,,,,,,,,,,,,,,,,,,,,,,,,,,,,,,,,,,,,,,,,,,,,,,,05:45:11.127000,Manual Digging,0.6806349158,0.34468356,0.39239651,0.40227023,0.33619398,0.26393846,0.36096019,0.44187671,0.23392004,0.23948766,0.16729115,0.14934802,0.33780918,0.34419137,0.29295972,0.28298068,0.22664924
,,,,,,,,,,,,,,,,,,,,,,,,,,,,,,,,,,,,,,,,,,,,,,,05:45:11.368000,Manual Digging,0.6806349158,0.60411918,0.63420135,0.61966968,0.41904378,0.40847924,0.24780922,0.32503614,0.42591563,0.54651725,0.43757951,0.27805272,0.40660188,0.45524502,0.50600725,0.69011086,0.60132629
,,,,,,,,,,,,,,,,,,,,,,,,,,,,,,,,,,,,,,,,,,,,,,,05:45:11.608000,Manual Digging,0.6806349158,1.368579,1.306375,1.0821586,0.90071321,0.66357058,0.78842688,0.94711739,0.72514844,0.63411796,0.52927083,0.32149062,0.46492589,0.63058811,1.2274563,1.2481459,0.91786945
,,,,,,,,,,,,,,,,,,,,,,,,,,,,,,,,,,,,,,,,,,,,,,,05:45:11.848000,Manual Digging,0.6806349158,1.7633482,1.4867848999999995,0.78832412,0.70673949,0.52206492,0.59890079,0.60373616,0.65020525,0.79375559,0.71352613,0.45911554,0.41566554,0.42335805,0.55368608,0.53149742,0.31555191
,,,,,,,,,,,,,,,,,,,,,,,,,,,,,,,,,,,,,,,,,,,,,,,05:45:12.089000,Manual Digging,0.6806349158,3.9734497,3.1412356,1.6777452000000002,1.452909,1.0696574,1.0047582,0.9295758,1.2273096,2.2715003,1.5925698999999998,1.3554182,1.5505691,0.46623185,0.59341079,0.97515857,0.93226218
,,,,,,,,,,,,,,,,,,,,,,,,,,,,,,,,,,,,,,,,,,,,,,,05:45:12.329000,Manual Digging,0.6806349158,2.243793,1.6140864,1.2236984,1.4614835,0.96402341,0.50233191,0.53880751,0.65857303,1.3162181,0.90538436,0.6579833,0.75974423,0.56633967,0.5545329999999999,0.48938391,0.57735449
,,,,,,,,,,,,,,,,,,,,,,,,,,,,,,,,,,,,,,,,,,,,,,,05:45:12.569000,Manual Digging,0.6806349158,0.68733805,0.4913792,0.37222546,0.53528237,0.38341376,0.31162506,0.39598721,0.43127751,0.59710634,0.43262818,0.22505997,0.5642224,0.42059091,0.41372561,0.5337440999999999,0.60361373
,,,,,,,,,,,,,,,,,,,,,,,,,,,,,,,,,,,,,,,,,,,,,,,05:45:12.810000,Manual Digging,0.6806349158,0.32896239,0.3265035999999999,0.23261191,0.2911728,0.29733229,0.26226774,0.4537949,0.35825157,0.40785789,0.32522523,0.30718061,0.38877645,0.30306867,0.30794629,0.43631586,0.50474912
,,,,,,,,,,,,,,,,,,,,,,,,,,,,,,,,,,,,,,,,,,,,,,,05:45:13.050000,Manual Digging,0.6806349158,0.16838962,0.17839493,0.21725996,0.28143904,0.30810228,0.25751874,0.34065011,0.26812705,0.33134976,0.21982585,0.33150613,0.30585909,0.36294103,0.29961756,0.23340102,0.2690405
,,,,,,,,,,,,,,,,,,,,,,,,,,,,,,,,,,,,,,,,,,,,,,,05:45:13.291000,Manual Digging,0.6806349158,5.1850438,5.0452957000000005,3.0027812000000003,2.8300240000000003,2.3396082,1.7319896,0.92046332,0.81326991,1.0444023999999998,1.1149551000000002,1.9550866,1.9268911,1.7666562,1.7528956000000002,1.6323121,1.1688528
,,,,,,,,,,,,,,,,,,,,,,,,,,,,,,,,,,,,,,,,,,,,,,,05:45:13.531000,Manual Digging,0.6806349158,3.850661,3.7468781,2.2300088,2.1111310000000003,1.7375048,1.373446,0.50828272,0.45391017,0.41910306,0.50749642,0.89908475,0.79969245,0.75768691,0.74827158,0.89773321,0.53069693
,,,,,,,,,,,,,,,,,,,,,,,,,,,,,,,,,,,,,,,,,,,,,,,05:45:13.771000,Manual Digging,0.6806349158,1.3341223,1.34076,0.8151322,0.78696221,0.62493002,0.45752084,0.42043704,0.3847248,0.30474535,0.26915452,0.34604362,0.4402737,0.34687129,0.56900793,0.66669953,0.42787978
,,,,,,,,,,,,,,,,,,,,,,,,,,,,,,,,,,,,,,,,,,,,,,,05:45:14.012000,Manual Digging,0.6806349158,1.5406403999999998,1.4582052,0.53778583,0.51185441,1.0589122,1.8068968,1.9691265,2.1333489,2.0074115000000003,1.5124267,0.71381307,0.40778136,0.95882136,1.4962718000000002,1.6718110000000002,1.9970485
,,,,,,,,,,,,,,,,,,,,,,,,,,,,,,,,,,,,,,,,,,,,,,,05:45:14.252000,Manual Digging,0.6806349158,1.3363789,1.2726052,0.53909397,0.48087934,0.55218768,0.7627911,0.65569896,0.75534391,0.77209854,0.53996766,0.30083919,0.22955412,0.38118422,0.60047883,0.71972078,1.0665736
,,,,,,,,,,,,,,,,,,,,,,,,,,,,,,,,,,,,,,,,,,,,,,,05:45:14.493000,Manual Digging,0.6806349158,0.61705744,0.62648249,0.35680512,0.47109729,0.60493892,0.4298903,0.37464073,0.47514662,0.49510449,0.47263727,0.20300518,0.21075946,0.31911233,0.32617283,0.33828744,0.47461453
,,,,,,,,,,,,,,,,,,,,,,,,,,,,,,,,,,,,,,,,,,,,,,,05:45:14.733000,Manual Digging,0.6806349158,0.46214658,0.58286464,0.31681925,0.3794889999999999,0.41080254,0.27580744,0.3946051,0.25863606,0.27306286,0.26067159,0.2318669,0.40932739,0.35547945,0.23412544,0.24744947,0.3128311
,,,,,,,,,,,,,,,,,,,,,,,,,,,,,,,,,,,,,,,,,,,,,,,05:45:14.973000,Manual Digging,0.6806349158,3.0557017,3.3772075,4.975954499999999,4.1254215,3.3946437999999994,2.8374641,2.8360388,1.7789127,2.1613796,2.1638482000000003,1.8518772,1.8269629,1.6408705,2.5397708,2.9316173,2.9894934
,,,,,,,,,,,,,,,,,,,,,,,,,,,,,,,,,,,,,,,,,,,,,,,05:45:15.214000,Manual Digging,0.6806349158,3.8704572,3.9878895,3.9832482,3.2762325,2.663708,2.4643273,2.119463,1.3779763,2.1746485,2.3424561,1.8812556,1.6451468,1.2292434,1.9247783,2.2086511000000004,2.2570074
,,,,,,,,,,,,,,,,,,,,,,,,,,,,,,,,,,,,,,,,,,,,,,,05:45:15.454000,Manual Digging,0.6806349158,1.6689703000000002,1.6649162,1.6314961,1.3875046,1.0917907,1.0720243,0.93626809,0.68886614,0.79638129,0.82086766,0.68538982,0.59797913,0.42450127,0.64641666,0.82565629,0.9112587
,,,,,,,,,,,,,,,,,,,,,,,,,,,,,,,,,,,,,,,,,,,,,,,05:45:15.694000,Manual Digging,0.6806349158,0.86668837,0.83440953,0.73921162,0.63738108,0.62774158,0.41303968,0.3921099,0.42268911,0.36049607,0.42703858,0.61388737,0.67566168,0.60924739,0.46867979,0.30479667,0.63970369
,,,,,,,,,,,,,,,,,,,,,,,,,,,,,,,,,,,,,,,,,,,,,,,05:45:15.935000,Manual Digging,0.6806349158,1.0796125,0.51481545,0.34893948,0.6696101999999999,0.75832421,0.77736503,0.64045811,0.88619179,0.80012977,0.72125542,0.45253342,0.76383591,0.66351187,0.56863356,0.41874421,0.50034684
,,,,,,,,,,,,,,,,,,,,,,,,,,,,,,,,,,,,,,,,,,,,,,,05:45:16.175000,Manual Digging,0.6806349158,0.64505821,0.37695569,0.31320661,0.44770709,0.51608086,0.57393098,0.621472,0.66023809,0.67984307,0.56200439,0.32856715,0.45683804,0.47815669,0.48500088,0.47283265,0.40099472
,,,,,,,,,,,,,,,,,,,,,,,,,,,,,,,,,,,,,,,,,,,,,,,05:45:16.416000,Manual Digging,0.6806349158,0.46836263,0.54717833,0.64475495,0.2947779,0.29461238,0.36179376,0.4275547,0.46211544,0.4762772,0.36077061,0.31095064,0.33953944,0.33643791,0.5636425,0.43276715,0.26181769
,,,,,,,,,,,,,,,,,,,,,,,,,,,,,,,,,,,,,,,,,,,,,,,05:45:16.656000,Manual Digging,0.6806349158,0.62198079,0.60946989,0.57626134,0.36561918,0.49027541,1.0764183,1.343058,1.0359585999999998,0.53691018,0.46788961,0.5414800000000001,0.67657375,0.72159874,1.1981741,1.1832168,0.90639782
,,,,,,,,,,,,,,,,,,,,,,,,,,,,,,,,,,,,,,,,,,,,,,,05:45:16.896000,Manual Digging,0.6806349158,0.66456127,0.71822649,0.65736127,0.67203915,0.70044607,0.58231848,0.61298192,0.43586287,0.41466033,0.33724499,0.45674491,0.40698645,0.60376012,0.52683431,0.54152918,0.43407083
,,,,,,,,,,,,,,,,,,,,,,,,,,,,,,,,,,,,,,,,,,,,,,,05:45:17.137000,Manual Digging,0.6806349158,0.51845634,0.52317375,0.32019287,0.36709312,0.34641826,0.39375582,0.63041729,0.56699973,0.51591402,0.50050795,0.46229142,0.41982535,0.57780719,0.41777629,0.40350324,0.55864686
,,,,,,,,,,,,,,,,,,,,,,,,,,,,,,,,,,,,,,,,,,,,,,,05:45:17.377000,Manual Digging,0.6806349158,0.57804757,0.57416928,0.29916537,0.39787832,0.35911918,0.411679,0.59812272,0.52070004,0.62287211,0.58231628,0.38023371,0.40222961,0.42307773,0.35198197,0.32353923,0.37431696
,,,,,,,,,,,,,,,,,,,,,,,,,,,,,,,,,,,,,,,,,,,,,,,05:45:17.617000,Manual Digging,0.6806349158,0.486386,0.36429417,0.22763954,0.46316892,0.42179909,0.35771716,0.30299097,0.35878444,0.46868649,0.46107462,0.28261799,0.29365042,0.31419778,0.22693408,0.27486876,0.26569125
,,,,,,,,,,,,,,,,,,,,,,,,,,,,,,,,,,,,,,,,,,,,,,,05:45:17.858000,Manual Digging,0.6806349158,8.7383881,7.4676757,6.6674104000000005,6.902746700000001,6.5349793,7.3070145,6.9225307,5.6610498,3.0027463,1.4218768,1.5251775,2.4633203,3.1423886000000003,5.071267099999999,5.3415442,5.0052319
,,,,,,,,,,,,,,,,,,,,,,,,,,,,,,,,,,,,,,,,,,,,,,,05:45:18.098000,Manual Digging,0.6806349158,8.448736199999999,6.1456985,3.8974135,4.738328900000001,5.0901542,4.3836389,4.2590442,3.3685846,2.0871274,1.1582092,1.069941,1.5374126,2.0298185,3.125325,3.1979067000000003,2.7921109
,,,,,,,,,,,,,,,,,,,,,,,,,,,,,,,,,,,,,,,,,,,,,,,05:45:18.339000,Manual Digging,0.6806349158,3.4605122,2.5172131,1.6130531,1.9436281,2.0848727,1.7243105,1.4303488000000002,1.2426378,1.051625,0.622486,0.53847444,0.78629524,0.75032103,0.98671937,1.030841,0.99077195
,,,,,,,,,,,,,,,,,,,,,,,,,,,,,,,,,,,,,,,,,,,,,,,05:45:18.579000,Manual Digging,0.6806349158,1.2517951,1.1205325000000002,0.98987013,0.75134736,0.90463173,0.96769947,0.94912684,0.92117798,0.74611491,0.61457509,0.31776384,0.55057782,0.5954411000000001,0.57987177,0.56220847,0.78236216
,,,,,,,,,,,,,,,,,,,,,,,,,,,,,,,,,,,,,,,,,,,,,,,05:45:18.819000,Manual Digging,0.6806349158,1.1488516000000002,0.95792526,0.9542563,0.74147356,0.67240483,0.71865988,0.70486689,0.70436579,0.56228989,0.49973869,0.28807285,0.46103448,0.46557605,0.41374397,0.41752288,0.60877866
,,,,,,,,,,,,,,,,,,,,,,,,,,,,,,,,,,,,,,,,,,,,,,,05:45:19.060000,Manual Digging,0.6806349158,0.84222543,0.65990865,0.60679662,0.57151687,0.56480801,0.40777546,0.41243279,0.39965296,0.43321979,0.52282178,0.3678861,0.35405287,0.26860383,0.23744603,0.26779699,0.4955076
,,,,,,,,,,,,,,,,,,,,,,,,,,,,,,,,,,,,,,,,,,,,,,,05:45:19.300000,Manual Digging,0.6806349158,0.35961378,0.35308349,0.34203312,0.41409156,0.4684549,0.25443715,0.26698494,0.26114437,0.36892992,0.34755367,0.5568561,0.38274804,0.27238926,0.36535865,0.39294773,0.36475003
,,,,,,,,,,,,,,,,,,,,,,,,,,,,,,,,,,,,,,,,,,,,,,,05:45:19.541000,Manual Digging,0.6806349158,0.28329134,0.32859454,0.39672747,0.30222705,0.3586165,0.34773543,0.31890851,0.48272759,0.59645081,0.54318428,0.25814745,0.36924881,0.30617023,0.37548137,0.330998,0.2735014
,,,,,,,,,,,,,,,,,,,,,,,,,,,,,,,,,,,,,,,,,,,,,,,05:45:19.781000,Manual Digging,0.6806349158,0.24862409,0.2572023,0.3229993,0.24340487,0.26808274,0.24333167,0.25217122,0.46747118,0.55122274,0.50132507,0.22964267,0.37918702,0.38416702,0.31788608,0.23462741,0.33382493
,,,,,,,,,,,,,,,,,,,,,,,,,,,,,,,,,,,,,,,,,,,,,,,05:45:20.021000,Manual Digging,0.6806349158,0.46744901,0.44875652,0.32416853,0.35026219,0.3638705,0.35673618,0.35835919,0.34354198,0.34686545,0.33446977,0.23321204,0.35246554,0.44855314,0.46175864,0.41560146,0.48735076
,,,,,,,,,,,,,,,,,,,,,,,,,,,,,,,,,,,,,,,,,,,,,,,05:45:20.262000,Manual Digging,0.6806349158,0.43880558,0.38019881,0.23618545,0.30736291,0.29517236,0.37377188,0.26707652,0.26886439,0.29812354,0.34078196,0.30549136,0.37672609,0.4066304,0.44279727,0.33131507,0.39289746
,,,,,,,,,,,,,,,,,,,,,,,,,,,,,,,,,,,,,,,,,,,,,,,05:45:20.502000,Manual Digging,0.6806349158,0.67252594,0.82443726,0.51337296,0.42844987,0.48552856,0.98939621,0.84671485,0.77830541,1.0105528,0.98236942,0.92787236,0.53481865,0.53222531,0.38624269,0.34743974,0.52289301
,,,,,,,,,,,,,,,,,,,,,,,,,,,,,,,,,,,,,,,,,,,,,,,05:45:20.742000,Manual Digging,0.6806349158,1.3181108,1.5739883999999995,2.3124142000000005,1.6195325,1.4664620000000002,1.348435,1.4457459,1.2817615,1.1426268999999998,0.92314023,0.85193455,0.88668185,0.71038693,0.46192542,0.73923588,0.99203706
,,,,,,,,,,,,,,,,,,,,,,,,,,,,,,,,,,,,,,,,,,,,,,,05:45:20.983000,Manual Digging,0.6806349158,1.7446370999999998,1.4400029,1.1910821000000005,0.95830441,0.86923915,2.1671624,2.2238319,1.566669,0.88546741,1.1331011,1.7384834999999998,1.1673921,1.6581573,2.6231818,2.4448979,1.5993398
,,,,,,,,,,,,,,,,,,,,,,,,,,,,,,,,,,,,,,,,,,,,,,,05:45:21.223000,Manual Digging,0.6806349158,3.7500687,2.2590129,1.6747195,1.3748129999999998,1.0834472,1.3714505,1.4981725,1.6643566000000003,2.1307373,1.9913096,2.0055959,0.92069602,1.1602573,1.7041355,1.6575375,1.0003241
,,,,,,,,,,,,,,,,,,,,,,,,,,,,,,,,,,,,,,,,,,,,,,,05:45:21.464000,Manual Digging,0.6806349158,2.140168,1.3293465,1.0528895,0.85705978,0.65922594,0.71346921,0.6216253,0.61542088,0.68049592,0.6125105,0.65019894,0.36021918,0.38416782,0.55397415,0.60819173,0.38560238
,,,,,,,,,,,,,,,,,,,,,,,,,,,,,,,,,,,,,,,,,,,,,,,05:45:21.704000,Manual Digging,0.6806349158,0.72012699,0.51426953,0.42024347,0.34924769,0.28361264,0.32412228,0.46906105,0.37363222,0.25604156,0.22645728,0.27036166,0.20789263,0.31039613,0.27597654,0.30571896,0.2432166
,,,,,,,,,,,,,,,,,,,,,,,,,,,,,,,,,,,,,,,,,,,,,,,05:45:21.944000,Manual Digging,0.6806349158,0.42344981,0.37148511,0.186491,0.24753852,0.26164761,0.22395824,0.20397212,0.19586229,0.15926889,0.13396391,0.15538093,0.22462286,0.22151205,0.25738615,0.25816068,0.24597837
,,,,,,,,,,,,,,,,,,,,,,,,,,,,,,,,,,,,,,,,,,,,,,,05:45:22.185000,Manual Digging,0.6806349158,0.38290733,0.3114232999999999,0.20064236,0.36200354,0.30333808,0.32275823,0.22166303,0.22169366,0.29659277,0.37034029,0.51544648,0.3654924,0.33619913,0.20998819,0.35642499,0.33188584
,,,,,,,,,,,,,,,,,,,,,,,,,,,,,,,,,,,,,,,,,,,,,,,05:45:22.425000,Manual Digging,0.6806349158,0.2817837,0.35098931,0.34361604,0.25766182,0.28931078,0.2848464,0.3023102,0.27382103,0.33825359,0.38564163,0.4520792999999999,0.32720199,0.30884659,0.25700688,0.31473202,0.37390631
,,,,,,,,,,,,,,,,,,,,,,,,,,,,,,,,,,,,,,,,,,,,,,,05:45:22.665000,Manual Digging,0.6806349158,0.19530535,0.27012447,0.29130629,0.27393883,0.40311506,0.34479403,0.41484013,0.31324574,0.27650377,0.23403263,0.36332089,0.29602847,0.32543188,0.23118454,0.25982526,0.25903904
,,,,,,,,,,,,,,,,,,,,,,,,,,,,,,,,,,,,,,,,,,,,,,,05:45:22.906000,Manual Digging,0.6806349158,0.14876355,0.22627911,0.28999594,0.27904487,0.28061408,0.24712718,0.38676906,0.40505168,0.40780205,0.40891021,0.31717047,0.22066405,0.23284863,0.23805416,0.18698388,0.20637944
,,,,,,,,,,,,,,,,,,,,,,,,,,,,,,,,,,,,,,,,,,,,,,,05:45:23.146000,Manual Digging,0.6806349158,4.6908169,4.567590200000001,3.3692346,2.2403121,1.2022448,2.721689,2.6691437,2.4972322,0.81522775,1.864845,2.2099428,2.8463459,3.0352829,3.592824,3.6718571,3.6726053
,,,,,,,,,,,,,,,,,,,,,,,,,,,,,,,,,,,,,,,,,,,,,,,05:45:23.387000,Manual Digging,0.6806349158,10.084233,9.1343422,4.9022679,4.0022326,2.4775553,2.1111112000000003,1.5229066999999998,1.4830694,1.1534226,1.3285475,1.5384758,1.9839725,2.1721463,2.2893264,2.1273341,2.0968142
,,,,,,,,,,,,,,,,,,,,,,,,,,,,,,,,,,,,,,,,,,,,,,,05:45:23.627000,Manual Digging,0.6806349158,4.1303945,3.7413292,2.0429788,1.6530766,1.01478,0.96579272,0.7200761999999999,0.74074262,1.0688581,1.2469019,0.8150416,0.62674648,0.74076468,0.76900417,0.71479952,0.83492732
,,,,,,,,,,,,,,,,,,,,,,,,,,,,,,,,,,,,,,,,,,,,,,,05:45:23.867000,Manual Digging,0.6806349158,9.9355125,9.2887611,7.3166299,6.749150299999999,6.697928900000001,7.8138556,7.5005145,7.3784285,4.5070734,4.8915501,5.3748474,6.277646099999999,8.161731699999999,10.731027,11.67837,11.593296
,,,,,,,,,,,,,,,,,,,,,,,,,,,,,,,,,,,,,,,,,,,,,,,05:45:24.108000,Manual Digging,0.6806349158,6.9165325,6.4311376,5.3819962,5.156755,4.7174292,4.0602994,3.8278391,3.4494901,2.9016936,2.8060675,3.0065310000000003,3.5216825,3.8783016,4.5399523,4.7925324,4.748489900000001
,,,,,,,,,,,,,,,,,,,,,,,,,,,,,,,,,,,,,,,,,,,,,,,05:45:24.348000,Manual Digging,0.6806349158,2.1038754,1.9562275,1.6370991,1.568585,1.4349505,1.2884263,1.2769188,1.1601305,0.93079013,0.8570357,0.94109488,1.0751316999999998,1.218811,1.4011211,1.4577955,1.4443986
,,,,,,,,,,,,,,,,,,,,,,,,,,,,,,,,,,,,,,,,,,,,,,,05:45:24.589000,Manual Digging,0.6806349158,0.76664382,0.73005372,0.61954093,0.59317994,0.48598906,0.42804161,0.44934934,0.39160091,0.32495493,0.33477202,0.29414657,0.33844689,0.46630174,0.54004747,0.6103819,0.58533484
,,,,,,,,,,,,,,,,,,,,,,,,,,,,,,,,,,,,,,,,,,,,,,,05:45:24.829000,Manual Digging,0.6806349158,0.33620211,0.34827349,0.26462638,0.30139768,0.30292016,0.26218921,0.3734946,0.26530421,0.21341304,0.14518385,0.30750227,0.29986635,0.32549083,0.28313884,0.27804905,0.26920792
,,,,,,,,,,,,,,,,,,,,,,,,,,,,,,,,,,,,,,,,,,,,,,,05:45:25.069000,Manual Digging,0.6806349158,0.16442259,0.20101961,0.19967727,0.27466282,0.25283128,0.21755715,0.40914369,0.27186379,0.25172544,0.14536716,0.24181736,0.23551513,0.28774455,0.28715578,0.18049805,0.19992663
,,,,,,,,,,,,,,,,,,,,,,,,,,,,,,,,,,,,,,,,,,,,,,,05:45:25.310000,Manual Digging,0.6806349158,0.20176445,0.28241464,0.19122733,0.19514023,0.24129359,0.19024825,0.2088452999999999,0.20852967,0.27022675,0.16272064,0.10876097,0.15943623,0.22312121,0.23036605,0.20193362,0.23195671
,,,,,,,,,,,,,,,,,,,,,,,,,,,,,,,,,,,,,,,,,,,,,,,05:45:25.550000,Manual Digging,0.6806349158,0.31059507,0.20973462,0.23251495,0.24695158,0.2769292,0.28288615,0.26012406,0.25993171,0.3360967,0.35969141,0.55619192,0.39999112,0.38206032,0.3307305,0.32057422,0.3432976
,,,,,,,,,,,,,,,,,,,,,,,,,,,,,,,,,,,,,,,,,,,,,,,05:45:25.790000,Manual Digging,0.6806349158,0.4500446,0.27367479,0.30306292,0.25366056,0.26795372,0.31172732,0.29380801,0.38420716,0.33506775,0.30374381,0.47420093,0.39976388,0.38130662,0.37828118,0.31499568,0.39284837
,,,,,,,,,,,,,,,,,,,,,,,,,,,,,,,,,,,,,,,,,,,,,,,05:45:26.031000,Manual Digging,0.6806349158,0.23531319,0.32266355,0.40635091,0.38913253,0.4307856,0.33760086,0.32290041,0.38119978,0.38596722,0.33800468,0.31611267,0.24808075,0.36777666,0.21896611,0.24337468,0.24499595
,,,,,,,,,,,,,,,,,,,,,,,,,,,,,,,,,,,,,,,,,,,,,,,05:45:26.271000,Manual Digging,0.6806349158,0.44285381,0.45757237,0.36305299,0.363157,0.35829997,0.42590326,0.54652125,0.41125837,0.31540018,0.34086365,0.39427528,0.40370792,0.30324149,0.2910322,0.30381978,0.3198328
,,,,,,,,,,,,,,,,,,,,,,,,,,,,,,,,,,,,,,,,,,,,,,,05:45:26.512000,Manual Digging,0.6806349158,0.31912243,0.35371885,0.38865975,0.35046038,0.34099081,0.36140239,0.53949267,0.36200398,0.28187943,0.30614585,0.35748854,0.40098912,0.30092204,0.22806653,0.25361028,0.25291058
,,,,,,,,,,,,,,,,,,,,,,,,,,,,,,,,,,,,,,,,,,,,,,,05:45:26.752000,Manual Digging,0.6806349158,7.680583,7.654204400000001,6.2378502000000005,5.057809400000001,2.9392419,1.3635161,0.58912563,0.65672421,0.77441782,0.81287879,0.55920047,0.47607866,0.32968822,0.29905659,0.38618115,0.82472861
,,,,,,,,,,,,,,,,,,,,,,,,,,,,,,,,,,,,,,,,,,,,,,,05:45:26.992000,Manual Digging,0.6806349158,9.0584011,7.5653491,8.7031231,6.4321771,4.9115138,2.2681191000000003,1.756821,2.8607752,3.9978678,4.4803371,2.788806,2.0849693,0.84172624,1.0230708,1.1594234,1.0896754
,,,,,,,,,,,,,,,,,,,,,,,,,,,,,,,,,,,,,,,,,,,,,,,05:45:27.233000,Manual Digging,0.6806349158,4.8234267,3.973789,3.3957345,2.6294765,1.7822398000000002,0.93737769,0.68181413,1.0300007,1.3777431999999998,1.9101655,1.523041,1.3397901,0.49402967,0.50021207,0.43609294,0.52516049
,,,,,,,,,,,,,,,,,,,,,,,,,,,,,,,,,,,,,,,,,,,,,,,05:45:27.473000,Manual Digging,0.6806349158,2.3927207000000004,1.6845567,1.2619423,1.0800544,0.90978938,1.810444,2.8674049,2.531445,1.0879508999999998,1.5808125,1.6026404,2.9028287,4.9397731,6.0481544000000005,5.6810632000000005,4.0951977
,,,,,,,,,,,,,,,,,,,,,,,,,,,,,,,,,,,,,,,,,,,,,,,05:45:27.713000,Manual Digging,0.6806349158,1.6934396,1.1930098999999998,0.81864941,0.64948595,0.41139239,0.76964986,1.2086552,1.1270053,0.573232,0.66987938,0.66517627,1.1889676000000002,2.031888,2.4988208,2.3269031000000004,1.6810221999999997
,,,,,,,,,,,,,,,,,,,,,,,,,,,,,,,,,,,,,,,,,,,,,,,05:45:27.954000,Manual Digging,0.6806349158,0.57699162,0.41857404,0.26683465,0.35753876,0.36076352,0.3548252,0.46258044,0.36613292,0.26559645,0.30769292,0.33214903,0.39412645,0.67836416,0.78402442,0.73856932,0.55116898
,,,,,,,,,,,,,,,,,,,,,,,,,,,,,,,,,,,,,,,,,,,,,,,05:45:28.194000,Manual Digging,0.6806349158,0.30891031,0.26293433,0.25261933,0.26552531,0.2679202,0.34243467,0.47973076,0.33790794,0.31153518,0.28310701,0.54387069,0.65621722,0.68984574,0.56970203,0.52743256,0.43098205
,,,,,,,,,,,,,,,,,,,,,,,,,,,,,,,,,,,,,,,,,,,,,,,05:45:28.435000,Manual Digging,0.6806349158,0.25596821,0.32288969,0.30533361,0.27972561,0.17971873,0.27812323,0.40520853,0.22611889,0.18519121,0.32021624,0.35887402,0.54794294,0.52778304,0.40801197,0.38661259,0.3525147999999999
,,,,,,,,,,,,,,,,,,,,,,,,,,,,,,,,,,,,,,,,,,,,,,,05:45:28.675000,Manual Digging,0.6806349158,0.20407516,0.26433659,0.31125116,0.35923958,0.39112389,0.34769827,0.25607267,0.29018152,0.28175142,0.27357247,0.21360932,0.26513922,0.34805453,0.29560918,0.28085822,0.29058221
,,,,,,,,,,,,,,,,,,,,,,,,,,,,,,,,,,,,,,,,,,,,,,,05:45:28.915000,Manual Digging,0.6806349158,0.51396734,0.44596449,0.3758285,0.34454396,0.50479889,0.85422379,1.031962,0.7706668999999999,0.63929605,0.68489534,0.76415437,0.6369372,0.43584687,0.33960012,0.2742064,0.31700751
,,,,,,,,,,,,,,,,,,,,,,,,,,,,,,,,,,,,,,,,,,,,,,,05:45:29.156000,Manual Digging,0.6806349158,2.2871993,1.9290295,0.76928377,0.88111097,0.61557895,0.61772025,0.62615657,0.65141398,0.62452012,0.61593622,0.4458614000000001,0.36971962,0.34806362,0.33308375,0.36462229,0.31751671
,,,,,,,,,,,,,,,,,,,,,,,,,,,,,,,,,,,,,,,,,,,,,,,05:45:29.396000,Manual Digging,0.6806349158,1.0018337,0.89820713,0.40862319,0.48020664,0.3353596,0.27246186,0.30797815,0.40959314,0.4639098,0.39983159,0.36976483,0.31963792,0.22171322,0.25413394,0.2770533,0.30398011
,,,,,,,,,,,,,,,,,,,,,,,,,,,,,,,,,,,,,,,,,,,,,,,05:45:29.637000,Manual Digging,0.6806349158,3.0673816,2.6491625,1.9584781,1.6239368,1.7873849999999998,3.1048446,4.2153993,4.6606703000000005,4.1273537000000005,4.1655006000000006,4.1131096,4.8493333,4.4758215,5.650629,5.8673468,8.0676088
,,,,,,,,,,,,,,,,,,,,,,,,,,,,,,,,,,,,,,,,,,,,,,,05:45:29.877000,Manual Digging,0.6806349158,15.625753,10.517278,6.5351005,5.653459099999999,4.4786334000000005,3.6362934,2.7240684,2.8132837000000004,2.762955,3.2583289,3.4013872000000003,3.4549112,3.3239591,3.744908600000001,3.5950036,3.964957
,,,,,,,,,,,,,,,,,,,,,,,,,,,,,,,,,,,,,,,,,,,,,,,05:45:30.117000,Manual Digging,0.6806349158,6.407850700000001,4.3147912,2.5972927,2.1716893,1.6594949,1.4436277,0.89650583,0.95481884,0.88060248,1.0322089,1.0653381000000002,1.1094267,1.0285982,1.1434166,1.0974365,1.2088466
,,,,,,,,,,,,,,,,,,,,,,,,,,,,,,,,,,,,,,,,,,,,,,,05:45:30.358000,Manual Digging,0.6806349158,2.1154845,1.5524402,0.98202258,0.71969724,0.5720550999999999,0.46783161,0.31536388,0.29316893,0.38299707,0.40821466,0.4157573,0.42440203,0.3418,0.37929645,0.4084563,0.50150484
,,,,,,,,,,,,,,,,,,,,,,,,,,,,,,,,,,,,,,,,,,,,,,,05:45:30.598000,Manual Digging,0.6806349158,0.83846909,0.67912555,0.61449379,0.36546534,0.36391005,0.25076684,0.1739312999999999,0.28778145,0.23217419,0.23741524,0.24840565,0.22836605,0.25910765,0.31985819,0.25259012,0.55207562
,,,,,,,,,,,,,,,,,,,,,,,,,,,,,,,,,,,,,,,,,,,,,,,05:45:30.838000,Manual Digging,0.6806349158,0.56898481,0.52597237,0.31279135,0.4717507999999999,0.55335158,0.43877918,0.28115925,0.28572327,0.17769858,0.19474973,0.2430997,0.31305289,0.24800231,0.34190223,0.36197683,0.44843578
,,,,,,,,,,,,,,,,,,,,,,,,,,,,,,,,,,,,,,,,,,,,,,,05:45:31.079000,Manual Digging,0.6806349158,0.36773604,0.26915514,0.26405331,0.35034466,0.41094533,0.32585835,0.40754914,0.36419258,0.19463682,0.19247323,0.37651157,0.37192965,0.30869046,0.28970516,0.26882127,0.33302987
,,,,,,,,,,,,,,,,,,,,,,,,,,,,,,,,,,,,,,,,,,,,,,,05:45:31.319000,Manual Digging,0.6806349158,0.41371551,0.43863541,0.29595739,0.52316171,0.43563697,0.17219739,0.21831487,0.25763071,0.25362942,0.2907981,0.36935586,0.34628245,0.30383271,0.30028498,0.27433735,0.27538788
,,,,,,,,,,,,,,,,,,,,,,,,,,,,,,,,,,,,,,,,,,,,,,,05:45:31.560000,Manual Digging,0.6806349158,0.30148882,0.38195685,0.29530242,0.3888213,0.3235248,0.21032737,0.21315753,0.23457275,0.24981761,0.20229563,0.20224182,0.23489991,0.22614132,0.22201256,0.21976273,0.21695474
,,,,,,,,,,,,,,,,,,,,,,,,,,,,,,,,,,,,,,,,,,,,,,,05:45:31.800000,Manual Digging,0.6806349158,0.29884166,0.42273697,0.21997222,0.19032459,0.22819887,0.17386293,0.19249421,0.24103007,0.23542699,0.19515871,0.32860473,0.39946508,0.31032422,0.33610332,0.26233861,0.35635397
,,,,,,,,,,,,,,,,,,,,,,,,,,,,,,,,,,,,,,,,,,,,,,,05:45:32.040000,Manual Digging,0.6806349158,0.20320262,0.30137506,0.23467809,0.35765478,0.47645241,0.4119179,0.25795856,0.31083572,0.35836571,0.23780791,0.26260114,0.3289152999999999,0.26879933,0.27720898,0.35096756,0.50547123
,,,,,,,,,,,,,,,,,,,,,,,,,,,,,,,,,,,,,,,,,,,,,,,05:45:32.281000,Manual Digging,0.6806349158,0.3014585999999999,0.30836284,0.2941519,0.33375189,0.35833544,0.50175357,0.36522582,0.4256402,0.37969816,0.43632174,0.25886032,0.27260408,0.28154099,0.36112159,0.33361995,0.47890779
,,,,,,,,,,,,,,,,,,,,,,,,,,,,,,,,,,,,,,,,,,,,,,,05:45:32.521000,Manual Digging,0.6806349158,0.53882897,0.42209712,0.30984738,0.29723853,0.27202275,0.31300721,0.25529134,0.25771597,0.27669066,0.30724496,0.19468819,0.26188794,0.21068087,0.29480547,0.42039564,0.48809153
,,,,,,,,,,,,,,,,,,,,,,,,,,,,,,,,,,,,,,,,,,,,,,,05:45:32.761000,Manual Digging,0.6806349158,0.54963994,0.55637389,0.31438148,0.30025494,0.3083594999999999,0.28990585,0.35687399,0.34418565,0.38151038,0.23131856,0.25309163,0.30779627,0.28061554,0.22649568,0.26901677,0.32558364
,,,,,,,,,,,,,,,,,,,,,,,,,,,,,,,,,,,,,,,,,,,,,,,05:45:33.002000,Manual Digging,0.6806349158,0.40818888,0.41318986,0.25389168,0.26076126,0.33506876,0.37665001,0.38966367,0.43132138,0.36223143,0.27542683,0.26135978,0.24293822,0.26537484,0.20806445,0.21448661,0.21143045
,,,,,,,,,,,,,,,,,,,,,,,,,,,,,,,,,,,,,,,,,,,,,,,05:45:33.242000,Manual Digging,0.6806349158,0.55102509,0.57238466,0.30004245,0.43744397,0.45894688,0.5236603,0.63101059,0.8308325999999999,0.96743214,0.78132474,0.63020837,0.85314691,1.1485530000000002,1.0599661,1.1445332,1.1592159
,,,,,,,,,,,,,,,,,,,,,,,,,,,,,,,,,,,,,,,,,,,,,,,05:45:33.483000,Manual Digging,0.6806349158,0.58599871,0.53985351,0.27316049,0.51265734,0.47574979,0.41261914,0.37303203,0.51217884,0.64138067,0.56401348,0.45388091,0.52019334,0.69111526,0.64094931,0.68722904,0.63936979
,,,,,,,,,,,,,,,,,,,,,,,,,,,,,,,,,,,,,,,,,,,,,,,05:45:33.723000,Manual Digging,0.6806349158,0.61614758,0.46486104,0.25406539,0.41297936,0.30023748,0.2663098,0.21861437,0.26715425,0.30501717,0.36528096,0.30522901,0.39665326,0.41356611,0.43509969,0.45541084,0.53903538
,,,,,,,,,,,,,,,,,,,,,,,,,,,,,,,,,,,,,,,,,,,,,,,05:45:33.963000,Manual Digging,0.6806349158,0.60603398,0.46623042,0.27538145,0.34511381,0.24198508,0.24953237,0.3141385,0.48027006,0.52378935,0.45211107,0.21586142,0.47745612,0.39348897,0.37346566,0.3349614999999999,0.43434793
,,,,,,,,,,,,,,,,,,,,,,,,,,,,,,,,,,,,,,,,,,,,,,,05:45:34.204000,Manual Digging,0.6806349158,0.36599356,0.44706956,0.30249086,0.36509264,0.37427539,0.28492177,0.21798038,0.35759792,0.40851426,0.40266591,0.30933005,0.32713848,0.2379075,0.18648329,0.24919142,0.23049849
,,,,,,,,,,,,,,,,,,,,,,,,,,,,,,,,,,,,,,,,,,,,,,,05:45:34.444000,Manual Digging,0.6806349158,0.32408684,0.35089421,0.28202903,0.36518362,0.30597779,0.23215604,0.24607223,0.22324882,0.28476468,0.30781984,0.2982758,0.23944631,0.24822694,0.32509363,0.25362208,0.23630565
,,,,,,,,,,,,,,,,,,,,,,,,,,,,,,,,,,,,,,,,,,,,,,,05:45:34.684000,Manual Digging,0.6806349158,0.21276668,0.31835282,0.37112907,0.43797827,0.4739274999999999,0.37514353,0.27602267,0.22400306,0.28744251,0.20761779,0.31417733,0.28931886,0.28644371,0.31724387,0.28888646,0.28015542
,,,,,,,,,,,,,,,,,,,,,,,,,,,,,,,,,,,,,,,,,,,,,,,05:45:34.925000,Manual Digging,0.6806349158,1.3290826999999998,1.2280957,1.118415,0.77937323,1.7098863999999998,2.899148,3.224453,2.6040704,0.92798436,0.84426755,0.79504323,2.0217209,3.1107628,4.8613243,5.1176419,4.5648289
,,,,,,,,,,,,,,,,,,,,,,,,,,,,,,,,,,,,,,,,,,,,,,,05:45:35.165000,Manual Digging,0.6806349158,6.6596508000000005,4.9707084,3.4876971,3.1997516,2.6020024,1.7603567,1.9383096,1.5378882,0.5558365,0.47297966,0.46398315,1.2576765,1.7650306,2.7099485,2.8604379,2.5502958
,,,,,,,,,,,,,,,,,,,,,,,,,,,,,,,,,,,,,,,,,,,,,,,05:45:35.406000,Manual Digging,0.6806349158,3.7831111000000006,2.8541807999999995,1.9235545,1.8015926,1.4865514,0.96096438,0.80223823,0.59229106,0.31519625,0.3141312,0.3093583,0.38256085,0.60548162,0.86463946,0.92064315,0.84790671
,,,,,,,,,,,,,,,,,,,,,,,,,,,,,,,,,,,,,,,,,,,,,,,05:45:35.646000,Manual Digging,0.6806349158,1.1507491,0.86818653,0.6156075,0.6230213000000001,0.49644986,0.29536524,0.31633323,0.29415259,0.35673064,0.3849591,0.45156568,0.33722958,0.37418166,0.37129194,0.319857,0.52049518
,,,,,,,,,,,,,,,,,,,,,,,,,,,,,,,,,,,,,,,,,,,,,,,05:45:35.886000,Manual Digging,0.6806349158,0.58717436,0.5488890999999999,0.38022551,0.40245119,0.33329174,0.28631744,0.2157103999999999,0.28976437,0.29313126,0.38781241,0.47568911,0.43025213,0.36067155,0.37549329,0.32889622,0.35021698
,,,,,,,,,,,,,,,,,,,,,,,,,,,,,,,,,,,,,,,,,,,,,,,05:45:36.127000,Manual Digging,0.6806349158,1.4388976,1.2671847,1.2192303,0.91262412,1.020061,1.7968959999999998,2.7865915,2.321012,1.2337165,2.8393071,3.0843694,3.6727674,3.0725355,3.6504786,3.4512365,2.6052492000000003
,,,,,,,,,,,,,,,,,,,,,,,,,,,,,,,,,,,,,,,,,,,,,,,05:45:36.367000,Manual Digging,0.6806349158,1.7822696,1.3079671999999998,0.91381872,0.85900813,0.79779357,1.1430006,1.4290041999999998,1.2800978,0.70931375,1.3281098999999998,1.3765664,1.6410174,1.3538709,1.5849285,1.5147421,1.0992265
,,,,,,,,,,,,,,,,,,,,,,,,,,,,,,,,,,,,,,,,,,,,,,,05:45:36.608000,Manual Digging,0.6806349158,0.59031868,0.56902599,0.29886723,0.32280162,0.2870723,0.34767863,0.4787833999999999,0.42744514,0.40580335,0.54953039,0.50577617,0.50742775,0.42040339,0.48210454,0.48277724,0.397569
,,,,,,,,,,,,,,,,,,,,,,,,,,,,,,,,,,,,,,,,,,,,,,,05:45:36.848000,Manual Digging,0.6806349158,0.45195273,0.62318993,0.55756938,0.73367608,0.96307367,1.4217055,1.5274531999999998,0.93996346,0.50108373,0.43999112,0.73540634,0.82103837,0.8667978000000001,0.87907416,0.87249368,0.42971125
,,,,,,,,,,,,,,,,,,,,,,,,,,,,,,,,,,,,,,,,,,,,,,,05:45:37.088000,Manual Digging,0.6806349158,1.1337715,1.0270511,0.48534542,0.60953045,0.72750491,1.0866159,1.1932489,0.73468345,0.40330449,0.51287389,0.87026954,0.85710192,0.87031269,0.67576313,0.67665911,0.38184232
,,,,,,,,,,,,,,,,,,,,,,,,,,,,,,,,,,,,,,,,,,,,,,,05:45:37.329000,Manual Digging,0.6806349158,0.70327866,0.61953658,0.41859093,0.5219053,0.50906694,0.51950425,0.41892177,0.31977198,0.26184481,0.25449997,0.3782776,0.38791937,0.4895139,0.36494225,0.30640438,0.31714967
,,,,,,,,,,,,,,,,,,,,,,,,,,,,,,,,,,,,,,,,,,,,,,,05:45:37.569000,Manual Digging,0.6806349158,0.27283937,0.26077768,0.31086561,0.26762807,0.25861502,0.28943661,0.30632442,0.3001394,0.35315919,0.23847617,0.31450811,0.35493568,0.34825253,0.22333787,0.22192599,0.283335
,,,,,,,,,,,,,,,,,,,,,,,,,,,,,,,,,,,,,,,,,,,,,,,05:45:37.809000,Manual Digging,0.6806349158,0.43684709,0.43650997,0.28275862,0.26222697,0.27923205,0.29461771,0.25714603,0.29654476,0.32260954,0.28637823,0.31255427,0.30038548,0.26404947,0.18773262,0.20503739,0.2221722
,,,,,,,,,,,,,,,,,,,,,,,,,,,,,,,,,,,,,,,,,,,,,,,05:45:38.050000,Manual Digging,0.6806349158,0.59021586,0.51368588,0.33034554,0.28860101,0.26653689,0.30972046,0.31808016,0.3484914,0.32577366,0.29753405,0.28588754,0.29675153,0.28583631,0.15671216,0.27629861,0.43268824
,,,,,,,,,,,,,,,,,,,,,,,,,,,,,,,,,,,,,,,,,,,,,,,05:45:38.290000,Manual Digging,0.6806349158,0.36497328,0.37821111,0.25260785,0.27414832,0.25951505,0.28493649,0.41638687,0.39539278,0.36986625,0.20471044,0.23756059,0.21296868,0.35619411,0.25131467,0.24232812,0.31140777
,,,,,,,,,,,,,,,,,,,,,,,,,,,,,,,,,,,,,,,,,,,,,,,05:45:38.531000,Manual Digging,0.6806349158,0.42565322,0.44665933,0.29767436,0.53172773,0.58876079,0.38675779,0.32848123,0.32451233,0.28929287,0.20244302,0.28763679,0.27220851,0.39775243,0.34586754,0.35403407,0.34598678
,,,,,,,,,,,,,,,,,,,,,,,,,,,,,,,,,,,,,,,,,,,,,,,05:45:38.771000,Manual Digging,0.6806349158,2.1545496,2.208096,2.661994,2.7575107000000005,3.5572481,6.3049212,8.685129199999999,9.2322044,6.153583,3.8337126000000006,1.5528538,2.4314559,6.682324400000001,8.1557884,8.669676800000001,8.949228300000001
,,,,,,,,,,,,,,,,,,,,,,,,,,,,,,,,,,,,,,,,,,,,,,,05:45:39.011000,Manual Digging,0.6806349158,2.0873771,2.3462539,2.1072249,2.1994514,2.7805204,6.469660299999999,8.553524000000001,6.957309700000001,5.6572113,8.455044699999998,8.4219799,9.993888900000002,10.523244,10.197451,9.2282438,8.701350199999998
,,,,,,,,,,,,,,,,,,,,,,,,,,,,,,,,,,,,,,,,,,,,,,,05:45:39.252000,Manual Digging,0.6806349158,1.2212954,1.0697361,0.80922103,0.77023166,0.98894608,2.6793506,3.518167,2.8428732999999995,1.8288964,3.4630959000000003,3.4616668,4.09339,3.9760003,3.888771100000001,3.5101955,2.8026655
,,,,,,,,,,,,,,,,,,,,,,,,,,,,,,,,,,,,,,,,,,,,,,,05:45:39.492000,Manual Digging,0.6806349158,0.57634372,0.34157157,0.34195399,0.44444737,0.37404108,0.84434605,1.0766926,0.86474681,0.55631483,1.0938265,1.055076,1.2451301,1.2259592,1.1828887,1.1272792,0.85251647
,,,,,,,,,,,,,,,,,,,,,,,,,,,,,,,,,,,,,,,,,,,,,,,05:45:39.732000,Manual Digging,0.6806349158,0.28573897,0.26178563,0.37234062,0.35294706,0.33721051,0.36252278,0.49103725,0.42690352,0.35189039,0.47298184,0.47389576,0.49956948,0.50935441,0.47690368,0.43041834,0.49387807
,,,,,,,,,,,,,,,,,,,,,,,,,,,,,,,,,,,,,,,,,,,,,,,05:45:39.973000,Manual Digging,0.6806349158,0.22830726,0.19233128,0.22480732,0.24968553,0.22497696,0.30716419,0.399896,0.31943947,0.20627955,0.35275608,0.35369194,0.40984684,0.2250788999999999,0.32426274,0.3239251999999999,0.29533172
,,,,,,,,,,,,,,,,,,,,,,,,,,,,,,,,,,,,,,,,,,,,,,,05:45:40.213000,Manual Digging,0.6806349158,0.19131416,0.20203774,0.29256305,0.22962165,0.20569642,0.30081055,0.32135543,0.34822237,0.37050676,0.37334326,0.26784354,0.25286901,0.24014917,0.32333109,0.29704154,0.26197141
,,,,,,,,,,,,,,,,,,,,,,,,,,,,,,,,,,,,,,,,,,,,,,,05:45:40.454000,Manual Digging,0.6806349158,0.27868128,0.3506296,0.33364877,0.28678307,0.34237719,0.38882083,0.39850989,0.31214944,0.27419075,0.23076452,0.34457114,0.4318338,0.37887767,0.36831808,0.245038,0.2081058
,,,,,,,,,,,,,,,,,,,,,,,,,,,,,,,,,,,,,,,,,,,,,,,05:45:40.694000,Manual Digging,0.6806349158,0.23312254,0.34170315,0.46376196,0.4487423,0.34935588,0.4308175999999999,0.40946284,0.27567911,0.29312503,0.2189562,0.31424826,0.32375664,0.27994654,0.21841466,0.21981135,0.37043411
,,,,,,,,,,,,,,,,,,,,,,,,,,,,,,,,,,,,,,,,,,,,,,,05:45:40.934000,Manual Digging,0.6806349158,0.19478413,0.20868474,0.39381248,0.52401781,0.48260221,0.39988074,0.29554141,0.23572972,0.26647195,0.31371996,0.41697127,0.41324598,0.33844671,0.30106872,0.28783309,0.28883597
,,,,,,,,,,,,,,,,,,,,,,,,,,,,,,,,,,,,,,,,,,,,,,,05:45:41.175000,Manual Digging,0.6806349158,0.24672045,0.19016358,0.27134913,0.36107352,0.33913663,0.39479452,0.32528359,0.31170157,0.34191304,0.35098818,0.47620729,0.54511768,0.29432714,0.25637144,0.37459356,0.40428638
,,,,,,,,,,,,,,,,,,,,,,,,,,,,,,,,,,,,,,,,,,,,,,,05:45:41.415000,Manual Digging,0.6806349158,0.57975018,0.56933761,0.33809501,0.38337278,0.33854306,0.33196044,0.25850242,0.27290255,0.24098684,0.29511023,0.4735622999999999,0.56878805,0.31416619,0.33292595,0.46294731,0.47643629
,,,,,,,,,,,,,,,,,,,,,,,,,,,,,,,,,,,,,,,,,,,,,,,05:45:41.656000,Manual Digging,0.6806349158,0.46131817,0.48659909,0.33306026,0.37865523,0.33905998,0.33760598,0.25423995,0.27626926,0.39707533,0.48506364,0.65518045,0.61805075,0.56865048,0.33930752,0.39286339,0.33056882
,,,,,,,,,,,,,,,,,,,,,,,,,,,,,,,,,,,,,,,,,,,,,,,05:45:41.896000,Manual Digging,0.6806349158,5.299746,3.7825491,3.5914826,3.1489365,2.8917077,1.9951674,2.3176932,2.7436063,2.6968956000000004,2.3004968,1.923648,1.9884335,2.0008438,2.0184689,1.8105514,2.0276644
,,,,,,,,,,,,,,,,,,,,,,,,,,,,,,,,,,,,,,,,,,,,,,,05:45:42.136000,Manual Digging,0.6806349158,3.3812387000000004,3.3376901,1.5442423,1.4344021999999998,1.4094321,1.1838611,1.3394197,1.63108,1.5107857,1.3214196000000002,1.1881007,1.2829142,1.1816552,1.2433236,1.058347,1.2937082
,,,,,,,,,,,,,,,,,,,,,,,,,,,,,,,,,,,,,,,,,,,,,,,05:45:42.377000,Manual Digging,0.6806349158,2.5110693,2.4787278,0.89974326,1.0740485,1.0268437,0.79859012,0.60518849,0.76162422,0.69629306,0.57922041,0.47454962,0.45043826,0.41495505,0.42737049,0.39447385,0.50115073
,,,,,,,,,,,,,,,,,,,,,,,,,,,,,,,,,,,,,,,,,,,,,,,05:45:42.617000,Manual Digging,0.6806349158,0.76381874,0.75951272,0.28103605,0.34150991,0.34952354,0.33954841,0.30031306,0.35502425,0.48283875,0.31617281,0.30093786,0.34290442,0.23481742,0.20073479,0.25139695,0.31755903
,,,,,,,,,,,,,,,,,,,,,,,,,,,,,,,,,,,,,,,,,,,,,,,05:45:42.857000,Manual Digging,0.6806349158,0.38829395,0.42736214,0.30238026,0.22671922,0.26614204,0.30017385,0.43409985,0.39871874,0.30168018,0.36173654,0.47363237,0.49600151,0.40540364,0.39143214,0.14164826,0.26697505
,,,,,,,,,,,,,,,,,,,,,,,,,,,,,,,,,,,,,,,,,,,,,,,05:45:43.098000,Manual Digging,0.6806349158,0.30391628,0.33822533,0.28188044,0.25635016,0.27679697,0.36365101,0.34837064,0.34937045,0.27556446,0.37418601,0.363776,0.47370151,0.42508858,0.40505177,0.32679504,0.32885143
,,,,,,,,,,,,,,,,,,,,,,,,,,,,,,,,,,,,,,,,,,,,,,,05:45:43.338000,Manual Digging,0.6806349158,0.3867619,0.3272019,0.27985084,0.19220316,0.18625492,0.24628173,0.38741422,0.4568515999999999,0.38078669,0.41387981,0.3559714,0.5040313,0.3938877,0.37669519,0.34837323,0.46890298
,,,,,,,,,,,,,,,,,,,,,,,,,,,,,,,,,,,,,,,,,,,,,,,05:45:43.579000,Manual Digging,0.6806349158,0.23129335,0.22618823,0.28710327,0.19578354,0.2425081,0.25264677,0.44137579,0.39082539,0.53514546,0.34808666,0.36969182,0.35179901,0.21852478,0.2997212999999999,0.28821295,0.37864503
,,,,,,,,,,,,,,,,,,,,,,,,,,,,,,,,,,,,,,,,,,,,,,,05:45:43.819000,Manual Digging,0.6806349158,0.52816892,0.46850675,0.37462839,0.37794158,0.38252828,0.43470904,0.37220743,0.36297601,0.44670507,0.50577897,0.59141415,0.60569239,0.32210147,0.31415343,0.30160657,0.31516117
,,,,,,,,,,,,,,,,,,,,,,,,,,,,,,,,,,,,,,,,,,,,,,,05:45:44.059000,Manual Digging,0.6806349158,0.64046824,0.49188238,0.4038015,0.30376208,0.3682385999999999,0.37598354,0.45149437,0.49195731,0.33173677,0.37060195,0.3881208,0.37445116,0.3543825999999999,0.49163657,0.59718502,0.85241592
,,,,,,,,,,,,,,,,,,,,,,,,,,,,,,,,,,,,,,,,,,,,,,,05:45:44.300000,Manual Digging,0.6806349158,1.3628353000000002,0.96329927,0.45617855,0.56565857,0.54041231,0.48715943,0.40411985,0.43335736,0.27492782,0.54151946,0.51697314,0.46307957,0.72915518,0.9011935,0.82046455,0.72969747
,,,,,,,,,,,,,,,,,,,,,,,,,,,,,,,,,,,,,,,,,,,,,,,05:45:44.540000,Manual Digging,0.6806349158,1.0121067,0.92560315,0.59726202,0.68102741,0.66491127,0.58800101,0.28860992,0.34916881,0.29846397,0.37086692,0.36935395,0.32720175,0.28316414,0.42681885,0.46350548,0.38861102
,,,,,,,,,,,,,,,,,,,,,,,,,,,,,,,,,,,,,,,,,,,,,,,05:45:44.780000,Manual Digging,0.6806349158,0.70307726,0.72535199,0.4435553,0.50986242,0.50601405,0.48783404,0.21285585,0.25819033,0.30324018,0.32405695,0.25688854,0.40473002,0.50043625,0.33929074,0.20492867,0.25680122
,,,,,,,,,,,,,,,,,,,,,,,,,,,,,,,,,,,,,,,,,,,,,,,05:45:45.021000,Manual Digging,0.6806349158,0.25305593,0.27130964,0.25786376,0.33546796,0.37672192,0.35954937,0.28329125,0.2762472,0.2506935,0.24834719,0.23572513,0.30135998,0.39554214,0.32560804,0.24712099,0.24846309
,,,,,,,,,,,,,,,,,,,,,,,,,,,,,,,,,,,,,,,,,,,,,,,05:45:45.261000,Manual Digging,0.6806349158,0.35066584,0.47271043,0.26096493,0.31975481,0.43746287,0.33464932,0.2934899,0.25784025,0.28202528,0.24221085,0.42917225,0.50888699,0.47738969,0.34039047,0.37909815,0.38432503
,,,,,,,,,,,,,,,,,,,,,,,,,,,,,,,,,,,,,,,,,,,,,,,05:45:45.502000,Manual Digging,0.6806349158,0.60268599,0.69500428,0.43520322,0.24874634,0.24143867,0.2125261,0.26053262,0.23285523,0.19335356,0.24898432,0.40722123,0.41800955,0.34465337,0.26892957,0.34157336,0.37817597
,,,,,,,,,,,,,,,,,,,,,,,,,,,,,,,,,,,,,,,,,,,,,,,05:45:45.742000,Manual Digging,0.6806349158,0.35431653,0.36638799,0.32583901,0.32171708,0.33181766,0.35605201,0.38322628,0.33965632,0.28942034,0.2624138,0.27008653,0.30680323,0.27721342,0.19302282,0.30177948,0.3233934
,,,,,,,,,,,,,,,,,,,,,,,,,,,,,,,,,,,,,,,,,,,,,,,05:45:45.982000,Manual Digging,0.6806349158,0.32871708,0.4119308,0.46594656,0.32840639,0.30525604,0.28093976,0.29354978,0.27267116,0.20396066,0.22172219,0.21002726,0.18559089,0.25001383,0.26380712,0.33907929,0.32063594
,,,,,,,,,,,,,,,,,,,,,,,,,,,,,,,,,,,,,,,,,,,,,,,05:45:46.223000,Manual Digging,0.6806349158,0.50088382,0.50428283,0.33924475,0.49598813,0.46407241,0.38081834,0.22123224,0.28506327,0.26004493,0.34187102,0.38638756,0.4018199999999999,0.355726,0.38763416,0.45806509,0.40528613
,,,,,,,,,,,,,,,,,,,,,,,,,,,,,,,,,,,,,,,,,,,,,,,05:45:46.463000,Manual Digging,0.6806349158,0.57452512,0.53687727,0.36018485,0.40596202,0.44296014,0.41507238,0.2686732999999999,0.30231249,0.32510784,0.48396215,0.41096058,0.43276557,0.36672375,0.43009755,0.42753756,0.35209003
,,,,,,,,,,,,,,,,,,,,,,,,,,,,,,,,,,,,,,,,,,,,,,,05:45:46.704000,Manual Digging,0.6806349158,3.99213,3.3769104,3.5943379,3.7348828,4.3218760000000005,3.7172577000000007,2.7936034,2.1448197,3.191251,6.0691991,6.4055257,5.754043599999999,2.8184452,2.6851583,2.2355261000000004,2.3044665
,,,,,,,,,,,,,,,,,,,,,,,,,,,,,,,,,,,,,,,,,,,,,,,05:45:46.944000,Manual Digging,0.6806349158,3.0809886000000004,2.7940552000000003,2.4122725,2.2485139,2.5863042000000003,2.0138896,1.1837158,0.90734923,1.442283,2.7928114,2.9399781000000003,2.4357777,1.2043343999999998,1.0998124,0.91564763,0.94388491
,,,,,,,,,,,,,,,,,,,,,,,,,,,,,,,,,,,,,,,,,,,,,,,05:45:47.184000,Manual Digging,0.6806349158,1.0577689,0.98999107,0.85063386,0.81092089,0.97660589,0.68081737,0.41652107,0.3614884,0.53686452,0.87864792,0.89495504,0.75806046,0.44568154,0.46759063,0.35788053,0.29515207
,,,,,,,,,,,,,,,,,,,,,,,,,,,,,,,,,,,,,,,,,,,,,,,05:45:47.425000,Manual Digging,0.6806349158,0.38625151,0.56142968,0.50756383,0.30645448,0.35105026,0.24072903,0.39761612,0.56336892,0.50678182,0.49362284,0.41926962,0.45128018,0.46882734,0.4234888,0.38485658,0.37388435
,,,,,,,,,,,,,,,,,,,,,,,,,,,,,,,,,,,,,,,,,,,,,,,05:45:47.665000,Manual Digging,0.6806349158,0.27561405,0.43223733,0.46383551,0.30767772,0.30193537,0.18463974,0.26977682,0.36036035,0.30885369,0.32032636,0.29781902,0.27756315,0.31220758,0.24998751,0.39459494,0.22543366
,,,,,,,,,,,,,,,,,,,,,,,,,,,,,,,,,,,,,,,,,,,,,,,05:45:47.905000,Manual Digging,0.6806349158,0.32451463,0.34177282,0.276263,0.20567754,0.21416779,0.38409442,0.37932155,0.46028438,0.24183731,0.3030957,0.2556577,0.3397139,0.3317098,0.36845562,0.262685,0.29061207
,,,,,,,,,,,,,,,,,,,,,,,,,,,,,,,,,,,,,,,,,,,,,,,05:45:48.146000,Manual Digging,0.6806349158,0.27248514,0.34490588,0.25415897,0.3760685,0.2243502999999999,0.38294393,0.44369161,0.38895506,0.28758812,0.22776152,0.22455081,0.21079727,0.48148814,0.4386079,0.41873124,0.35486853
,,,,,,,,,,,,,,,,,,,,,,,,,,,,,,,,,,,,,,,,,,,,,,,05:45:48.386000,Manual Digging,0.6806349158,0.32291216,0.25960651,0.27645069,0.36266404,0.32575387,0.50017583,0.44274917,0.37278742,0.36742663,0.34656724,0.45806524,0.44810531,0.43216982,0.25199381,0.33280817,0.47624445
,,,,,,,,,,,,,,,,,,,,,,,,,,,,,,,,,,,,,,,,,,,,,,,05:45:48.627000,Manual Digging,0.6806349158,0.4586539,0.34922096,0.3315886,0.36379999,0.35932907,0.62559366,0.78241646,0.59472138,0.44126019,0.32471481,0.42413464,0.4177396,0.39168808,0.25038648,0.26442435,0.35920089
,,,,,,,,,,,,,,,,,,,,,,,,,,,,,,,,,,,,,,,,,,,,,,,05:45:48.867000,Manual Digging,0.6806349158,0.5083738,0.37920386,0.31368762,0.32648742,0.26030874,0.22641662,0.376508,0.34902084,0.38683543,0.30033228,0.36774853,0.34725076,0.24954076,0.18088913,0.19521442,0.25570658
,,,,,,,,,,,,,,,,,,,,,,,,,,,,,,,,,,,,,,,,,,,,,,,05:45:49.107000,Manual Digging,0.6806349158,0.47508657,0.4444823,0.16605896,0.25544575,0.2032655,0.19536859,0.38610306,0.27984902,0.38170204,0.3152163,0.35817367,0.42739248,0.4148232,0.27724606,0.22484353,0.35882178
,,,,,,,,,,,,,,,,,,,,,,,,,,,,,,,,,,,,,,,,,,,,,,,05:45:49.348000,Manual Digging,0.6806349158,1.1774038999999998,1.0223625,0.74130011,0.89248645,0.89880514,2.0798521,1.8883828,1.7869587,0.37539899,1.1410103,1.5571275,1.6176853,1.2547014,1.7427063000000005,1.7088965,1.3633476
,,,,,,,,,,,,,,,,,,,,,,,,,,,,,,,,,,,,,,,,,,,,,,,05:45:49.588000,Manual Digging,0.6806349158,5.9346404,5.0410719,2.8106925,2.5666218,2.1573732000000003,2.2910316,1.4127455,1.4138788,1.0481167,2.4649394,3.1468747,2.3930633,1.1397517,1.1613288999999998,1.1720046999999998,1.0124869
,,,,,,,,,,,,,,,,,,,,,,,,,,,,,,,,,,,,,,,,,,,,,,,05:45:49.828000,Manual Digging,0.6806349158,3.2731071,2.7802808,1.5501693,1.4182458999999998,1.1898466,1.2635626,0.50026768,0.68905663,0.59863204,1.1927618999999998,1.2162764,0.99493968,0.40082067,0.42470044,0.50250453,0.42725462
,,,,,,,,,,,,,,,,,,,,,,,,,,,,,,,,,,,,,,,,,,,,,,,05:45:50.069000,Manual Digging,0.6806349158,0.99561566,1.1854246000000002,1.1056536,0.86857629,0.53247154,0.55152625,0.45584032,0.41819176,0.29582533,0.45698446,0.51774794,0.41843885,0.40127665,0.61036444,0.60428977,0.64186502
,,,,,,,,,,,,,,,,,,,,,,,,,,,,,,,,,,,,,,,,,,,,,,,05:45:50.309000,Manual Digging,0.6806349158,1.0161328,1.0096641,0.82111126,0.81913334,0.8230148000000002,0.82876009,0.50520122,0.45704672,0.41118106,0.39585909,0.34098977,0.4214488,0.57715666,0.66504943,0.54683703,0.52145272
,,,,,,,,,,,,,,,,,,,,,,,,,,,,,,,,,,,,,,,,,,,,,,,05:45:50.550000,Manual Digging,0.6806349158,0.890724,0.65896428,0.37788418,0.46039942,0.5047881,0.60002482,0.37518653,0.33942473,0.30688116,0.28389889,0.21305059,0.30009738,0.47642127,0.52944851,0.27339101,0.36583248
,,,,,,,,,,,,,,,,,,,,,,,,,,,,,,,,,,,,,,,,,,,,,,,05:45:50.790000,Manual Digging,0.6806349158,0.66149426,0.48937833,0.34448177,0.31520692,0.46795005,0.45837888,0.45992303,0.22845791,0.22915177,0.22713785,0.34402588,0.36613333,0.35020623,0.33589268,0.46803114,0.61759055
,,,,,,,,,,,,,,,,,,,,,,,,,,,,,,,,,,,,,,,,,,,,,,,05:45:51.030000,Manual Digging,0.6806349158,1.0677364,1.0323359,0.43710101,0.60024011,0.63192809,0.61174083,0.55513543,0.75328219,0.75174451,0.85013407,0.78175086,0.67217404,0.32964614,0.27626348,0.36364463,0.38003615
,,,,,,,,,,,,,,,,,,,,,,,,,,,,,,,,,,,,,,,,,,,,,,,05:45:51.271000,Manual Digging,0.6806349158,0.3659966,0.36885986,0.26965916,0.22207178,0.25205258,0.28148359,0.32364547,0.30978468,0.39644292,0.4256859999999999,0.5781225,0.49547264,0.33712745,0.48564789,0.47990382,0.44023174
,,,,,,,,,,,,,,,,,,,,,,,,,,,,,,,,,,,,,,,,,,,,,,,05:45:51.511000,Manual Digging,0.6806349158,1.446774,1.9156278,2.2301717,1.5160222,1.2225326,1.0165999,1.0611546,1.0853562,0.93195373,1.2382679,1.322832,1.4176283,1.6103625,1.9689103,2.0315623,1.3262644
,,,,,,,,,,,,,,,,,,,,,,,,,,,,,,,,,,,,,,,,,,,,,,,05:45:51.752000,Manual Digging,0.6806349158,2.0018482,2.01355,1.7529161,1.7886282999999998,1.8493053,1.4833412,0.6380251,0.85995287,0.77533442,0.91959697,0.9264226,0.97109419,0.91244686,1.1918882,1.2312956,0.76651937
,,,,,,,,,,,,,,,,,,,,,,,,,,,,,,,,,,,,,,,,,,,,,,,05:45:51.992000,Manual Digging,0.6806349158,1.2216469,1.3826021000000002,0.9298389,1.0529537,1.1004425,0.91324133,0.26156256,0.5150376,0.52129751,0.54509252,0.6161831,0.60958219,0.34684625,0.37190229,0.38860157,0.31385607
,,,,,,,,,,,,,,,,,,,,,,,,,,,,,,,,,,,,,,,,,,,,,,,05:45:52.232000,Manual Digging,0.6806349158,0.41394478,0.43564525,0.32737008,0.41126513,0.45230827,0.36410952,0.32763526,0.26183933,0.28022781,0.31619689,0.39464301,0.41017026,0.25670958,0.35059637,0.28087792,0.33466995
,,,,,,,,,,,,,,,,,,,,,,,,,,,,,,,,,,,,,,,,,,,,,,,05:45:52.473000,Manual Digging,0.6806349158,0.26883408,0.27612779,0.28298387,0.29525062,0.28261116,0.38554811,0.20967171,0.32326752,0.24422434,0.22934228,0.27158669,0.28214067,0.43745533,0.33911279,0.32988197,0.25649196
,,,,,,,,,,,,,,,,,,,,,,,,,,,,,,,,,,,,,,,,,,,,,,,05:45:52.713000,Manual Digging,0.6806349158,0.13040839,0.23245347,0.27647683,0.23105997,0.2441936999999999,0.28672287,0.19473141,0.26180208,0.23841137,0.25546736,0.35897386,0.415187,0.21143724,0.24264261,0.26453173,0.43553722
,,,,,,,,,,,,,,,,,,,,,,,,,,,,,,,,,,,,,,,,,,,,,,,05:45:52.953000,Manual Digging,0.6806349158,0.59825575,0.37601495,0.29392159,0.27729586,0.31917965,0.17687739,0.19384512,0.20848954,0.19860035,0.23944779,0.25016466,0.28321475,0.18994319,0.18318938,0.26831394,0.31524539
,,,,,,,,,,,,,,,,,,,,,,,,,,,,,,,,,,,,,,,,,,,,,,,05:45:53.194000,Manual Digging,0.6806349158,0.45941257,0.33006117,0.33757371,0.23466213,0.30922195,0.16158631,0.35206425,0.38788927,0.37788329,0.4140254,0.39154235,0.41442308,0.22981282,0.27606881,0.36306655,0.30211839
,,,,,,,,,,,,,,,,,,,,,,,,,,,,,,,,,,,,,,,,,,,,,,,05:45:53.434000,Manual Digging,0.6806349158,0.34405765,0.32836771,0.38042721,0.2053843,0.19233832,0.1518409,0.29641971,0.26681992,0.31060803,0.29802901,0.32925156,0.403054,0.39113852,0.27973172,0.3093407999999999,0.25782683
,,,,,,,,,,,,,,,,,,,,,,,,,,,,,,,,,,,,,,,,,,,,,,,05:45:53.675000,Manual Digging,0.6806349158,0.3956809,0.34791332,0.22688539,0.11334186,0.20548394,0.30609596,0.28771976,0.31464663,0.26285481,0.31140178,0.3432959,0.48944265,0.409242,0.23934537,0.18616351,0.15026924
,,,,,,,,,,,,,,,,,,,,,,,,,,,,,,,,,,,,,,,,,,,,,,,05:45:53.915000,Manual Digging,0.6806349158,0.26422858,0.27502626,0.2744838,0.21092395,0.28636277,0.25102112,0.22591874,0.37818712,0.3384437,0.3618691,0.30837375,0.37041065,0.233881,0.29470289,0.30676723,0.4655824
,,,,,,,,,,,,,,,,,,,,,,,,,,,,,,,,,,,,,,,,,,,,,,,05:45:54.155000,Manual Digging,0.6806349158,0.27752143,0.3453511,0.39812782,0.35935459,0.23755789,0.20048514,0.3739883,0.31983474,0.43352038,0.46262324,0.3936809,0.32712293,0.31900752,0.24152002,0.22945793,0.47836617
,,,,,,,,,,,,,,,,,,,,,,,,,,,,,,,,,,,,,,,,,,,,,,,05:45:54.396000,Manual Digging,0.6806349158,0.28089786,0.3757917,0.49972257,0.47193408,0.30034351,0.2904155,0.33804375,0.28624293,0.31340599,0.33733317,0.30478686,0.27698648,0.17718117,0.17879936,0.16553289,0.25009766
,,,,,,,,,,,,,,,,,,,,,,,,,,,,,,,,,,,,,,,,,,,,,,,05:45:54.636000,Manual Digging,0.6806349158,0.30046216,0.26879248,0.24974316,0.29424295,0.29294226,0.31210765,0.25104746,0.38013518,0.49459577,0.44351524,0.36982495,0.32031241,0.366909,0.28987458,0.29651994,0.32196549
,,,,,,,,,,,,,,,,,,,,,,,,,,,,,,,,,,,,,,,,,,,,,,,05:45:54.876000,Manual Digging,0.6806349158,0.49657989,0.4553166,0.312778,0.3166055999999999,0.26881585,0.31757596,0.477202,0.49452224,0.43441668,0.3851496,0.38038796,0.31542268,0.31700301,0.26130319,0.32096118,0.29522446
,,,,,,,,,,,,,,,,,,,,,,,,,,,,,,,,,,,,,,,,,,,,,,,05:45:55.117000,Manual Digging,0.6806349158,0.43237022,0.3561011,0.2921274,0.28196657,0.28823727,0.29806703,0.31507367,0.43143353,0.39128062,0.38149524,0.23103817,0.15479898,0.26408324,0.2801441,0.26993588,0.25823531
,,,,,,,,,,,,,,,,,,,,,,,,,,,,,,,,,,,,,,,,,,,,,,,05:45:55.357000,Manual Digging,0.6806349158,0.32135394,0.28903663,0.28215072,0.36146408,0.33353034,0.37461957,0.42605424,0.42908618,0.49579498,0.47569904,0.38490427,0.32025555,0.39961815,0.44676638,0.27485171,0.28997922
,,,,,,,,,,,,,,,,,,,,,,,,,,,,,,,,,,,,,,,,,,,,,,,05:45:55.598000,Manual Digging,0.6806349158,0.3026056,0.26178372,0.19751725,0.25141087,0.29066882,0.23684873,0.27882591,0.32886338,0.31814346,0.34603417,0.29980522,0.33803424,0.25291359,0.32722157,0.39506578,0.31973261
,,,,,,,,,,,,,,,,,,,,,,,,,,,,,,,,,,,,,,,,,,,,,,,05:45:55.838000,Manual Digging,0.6806349158,0.38780111,0.3549262,0.32813877,0.35707209,0.32536203,0.29672906,0.22289039,0.491552,0.52409691,0.56104487,0.43278214,0.39263341,0.39995003,0.37810078,0.40389585,0.43227342
,,,,,,,,,,,,,,,,,,,,,,,,,,,,,,,,,,,,,,,,,,,,,,,05:45:56.078000,Manual Digging,0.6806349158,0.23808981,0.23136576,0.33686447,0.41923296,0.44235724,0.42311969,0.40615582,0.39977422,0.36223361,0.38014445,0.31598678,0.24446587,0.27269164,0.26792014,0.30300042,0.33829913
,,,,,,,,,,,,,,,,,,,,,,,,,,,,,,,,,,,,,,,,,,,,,,,05:45:56.319000,Manual Digging,0.6806349158,1.7776921,1.623791,1.1160964,0.53936589,0.41875827,0.47790959,0.48995793,0.92603993,1.1801548000000002,1.2827381000000002,0.9145574,0.6543715,0.74050516,1.0197995,1.2553868,0.98468143
,,,,,,,,,,,,,,,,,,,,,,,,,,,,,,,,,,,,,,,,,,,,,,,05:45:56.559000,Manual Digging,0.6806349158,2.7737036,2.631969,1.6644034,1.0227795,0.78366607,0.89454472,0.58017033,4.277654599999999,5.3591795,5.6441207,4.0223227,2.6986613,2.3167784,3.1026454,3.2113297000000003,2.1273232
,,,,,,,,,,,,,,,,,,,,,,,,,,,,,,,,,,,,,,,,,,,,,,,05:45:56.800000,Manual Digging,0.6806349158,2.3647907000000004,1.8359932,1.1094832,0.9697538,0.84717768,0.95065975,0.51785052,2.2839046,2.7550495,2.8834116,1.5384516,0.97914898,0.77319872,1.0034237,1.0163084999999998,0.71990019
,,,,,,,,,,,,,,,,,,,,,,,,,,,,,,,,,,,,,,,,,,,,,,,05:45:57.040000,Manual Digging,0.6806349158,0.773072,0.63643223,0.5112738,0.42315328,0.39499331,0.45510784,0.29347169,0.72842169,0.84693891,0.8772493,0.6691249,0.56261706,0.32245788,0.36208442,0.4104768,0.33536786
,,,,,,,,,,,,,,,,,,,,,,,,,,,,,,,,,,,,,,,,,,,,,,,05:45:57.280000,Manual Digging,0.6806349158,0.24747363,0.2606566,0.27059752,0.30822751,0.31584391,0.33614123,0.32721391,0.39349854,0.35894799,0.3405934,0.4055351,0.4707247,0.43273342,0.42851305,0.44318306,0.27958876
,,,,,,,,,,,,,,,,,,,,,,,,,,,,,,,,,,,,,,,,,,,,,,,05:45:57.521000,Manual Digging,0.6806349158,0.24834597,0.2021333,0.25002286,0.13083,0.17155781,0.18425953,0.31933865,0.71696389,0.65212828,0.52579784,0.29344326,0.36449438,0.45744431,0.37428764,0.40492934,0.28976616
,,,,,,,,,,,,,,,,,,,,,,,,,,,,,,,,,,,,,,,,,,,,,,,05:45:57.761000,Manual Digging,0.6806349158,0.17613564,0.33135739,0.48505604,0.39135325,0.22249767,0.18091965,0.2723479,0.35102597,0.27224389,0.24896854,0.27250502,0.35689136,0.36550623,0.31831506,0.33124492,0.25871804
,,,,,,,,,,,,,,,,,,,,,,,,,,,,,,,,,,,,,,,,,,,,,,,05:45:58.001000,Manual Digging,0.6806349158,0.16783406,0.26752964,0.38814351,0.32463062,0.23959053,0.25288647,0.32929033,0.40576708,0.37352255,0.21927951,0.20237528,0.2999934,0.20075293,0.25318316,0.32893252,0.34259641
,,,,,,,,,,,,,,,,,,,,,,,,,,,,,,,,,,,,,,,,,,,,,,,05:45:58.242000,Manual Digging,0.6806349158,0.16893965,0.20267501,0.36398581,0.30813488,0.31950402,0.33674583,0.23612405,0.35244218,0.51370412,0.51761204,0.51341826,0.25712669,0.13939235,0.22939892,0.28080952,0.29116535
,,,,,,,,,,,,,,,,,,,,,,,,,,,,,,,,,,,,,,,,,,,,,,,05:45:58.482000,Manual Digging,0.6806349158,0.38133922,0.34584612,0.36558813,0.27540353,0.41860893,0.47950292,0.36766231,0.29093656,0.53519666,0.57560503,0.48015022,0.39595643,0.3399013,0.46428072,0.40389073,0.39233294
,,,,,,,,,,,,,,,,,,,,,,,,,,,,,,,,,,,,,,,,,,,,,,,05:45:58.723000,Manual Digging,0.6806349158,0.33998308,0.27135921,0.23046997,0.33215517,0.42395967,0.49921831,0.38327223,0.33188158,0.3780992,0.38448638,0.40492794,0.41175038,0.38873279,0.32931963,0.24964112,0.266599
,,,,,,,,,,,,,,,,,,,,,,,,,,,,,,,,,,,,,,,,,,,,,,,05:45:58.963000,Manual Digging,0.6806349158,2.8459017,2.3998802,1.3148797,1.3055532,1.2077,1.386251,1.145732,1.2992078,1.5258404,2.235229,1.7578681,1.6735801,1.5681738,1.6680721,1.6086148999999998,0.97293663
,,,,,,,,,,,,,,,,,,,,,,,,,,,,,,,,,,,,,,,,,,,,,,,05:45:59.203000,Manual Digging,0.6806349158,7.8888512,6.0497656,3.3441744,4.3481636,4.3550048,4.281118900000001,1.1760874,5.7057729,6.685198799999999,7.180347,3.8579173,2.1249428,0.63312304,0.73391122,0.84045619,0.58831626
,,,,,,,,,,,,,,,,,,,,,,,,,,,,,,,,,,,,,,,,,,,,,,,05:45:59.444000,Manual Digging,0.6806349158,2.5821552000000003,1.9752852,1.1973599,1.4891143999999998,1.5025276,1.4674351,0.45598087,1.7942624,2.0514548,2.186012,1.2321957,0.69388998,0.27247602,0.3160553,0.34379315,0.24519068
,,,,,,,,,,,,,,,,,,,,,,,,,,,,,,,,,,,,,,,,,,,,,,,05:45:59.684000,Manual Digging,0.6806349158,0.84810024,0.64943737,0.46206746,0.51414865,0.54386061,0.4763948,0.31242305,0.6117239000000001,0.68022817,0.70730931,0.59841025,0.36445522,0.29577184,0.2823649,0.2318909,0.40530333
,,,,,,,,,,,,,,,,,,,,,,,,,,,,,,,,,,,,,,,,,,,,,,,05:45:59.924000,Manual Digging,0.6806349158,0.27351743,0.317893,0.35677403,0.40618762,0.28106704,0.27929062,0.34001344,0.33708858,0.3425912,0.40908316,0.51322597,0.55447251,0.35386708,0.27266794,0.23144822,0.34882277
,,,,,,,,,,,,,,,,,,,,,,,,,,,,,,,,,,,,,,,,,,,,,,,05:46:00.165000,Manual Digging,0.6806349158,0.31920046,0.37342888,0.49480161,0.56765217,0.55679125,0.3693372,0.36527696,0.26710987,0.16611879,0.32339117,0.38872528,0.45318452,0.22901095,0.21969931,0.19211292,0.28507173
,,,,,,,,,,,,,,,,,,,,,,,,,,,,,,,,,,,,,,,,,,,,,,,05:46:00.405000,Manual Digging,0.6806349158,0.24458329,0.3222506,0.30738169,0.34534061,0.43064454,0.33854234,0.36066318,0.33035308,0.37871686,0.32401964,0.35868034,0.33888665,0.43111554,0.49311155,0.2894102,0.33480555
,,,,,,,,,,,,,,,,,,,,,,,,,,,,,,,,,,,,,,,,,,,,,,,05:46:00.646000,Manual Digging,0.6806349158,0.30092937,0.27439141,0.25522155,0.28526372,0.26259181,0.26837021,0.4556905,0.42793202,0.29517305,0.24213187,0.34319359,0.29498062,0.43677682,0.37983379,0.37735283,0.38758379
,,,,,,,,,,,,,,,,,,,,,,,,,,,,,,,,,,,,,,,,,,,,,,,05:46:00.886000,Manual Digging,0.6806349158,0.30602196,0.37602696,0.37617952,0.35208741,0.19139369,0.24399751,0.31438163,0.37230611,0.55869275,0.79259253,0.86853582,0.73177016,0.54601747,0.26084015,0.33232033,0.27742666
,,,,,,,,,,,,,,,,,,,,,,,,,,,,,,,,,,,,,,,,,,,,,,,05:46:01.126000,Manual Digging,0.6806349158,0.15017132,0.29436308,0.23674172,0.25618872,0.14971375,0.20557515,0.17338717,0.3912302,0.82313496,0.79834497,0.72107452,0.671211,0.45454115,0.43723983,0.37499833,0.41352028
,,,,,,,,,,,,,,,,,,,,,,,,,,,,,,,,,,,,,,,,,,,,,,,05:46:01.367000,Manual Digging,0.6806349158,7.403718,7.6194496,6.6206183,7.257986099999999,7.176691099999999,8.2902632,6.058225599999999,11.051041,10.974807,10.222026,10.005018,7.252958299999999,5.0623336,4.8512793,4.9918871,2.1932597
,,,,,,,,,,,,,,,,,,,,,,,,,,,,,,,,,,,,,,,,,,,,,,,05:46:01.607000,Manual Digging,0.6806349158,9.7692814,7.772941599999999,5.1136208,6.928607899999999,7.1912985,6.889583099999999,3.1471629,15.10498,17.791334,17.561214,13.474814000000002,8.1000624,2.8691752,3.0865579,3.5181637,1.4900641
,,,,,,,,,,,,,,,,,,,,,,,,,,,,,,,,,,,,,,,,,,,,,,,05:46:01.848000,Manual Digging,0.6806349158,3.5916612,2.94625,1.8046336,2.6218719,2.7001104,2.3927579,0.95730591,4.645669,5.5595088,5.3417816,4.0987778,2.5387397000000003,0.87274742,0.93887091,1.1108705,0.46505997
,,,,,,,,,,,,,,,,,,,,,,,,,,,,,,,,,,,,,,,,,,,,,,,05:46:02.088000,Manual Digging,0.6806349158,1.2442596,1.0648793,0.77817374,0.90855968,0.9790144,0.8780396,0.44833061,1.5572251,1.9869934,1.9994286,1.6204367,1.1474124,0.4107502999999999,0.37069565,0.50750107,0.29242593
,,,,,,,,,,,,,,,,,,,,,,,,,,,,,,,,,,,,,,,,,,,,,,,05:46:02.328000,Manual Digging,0.6806349158,0.51992476,0.52566314,0.44870225,0.37961897,0.40099388,0.37015519,0.22426383,0.58484566,0.63929689,0.64575088,0.64076865,0.54092455,0.31614941,0.40584943,0.39887944,0.2666997
,,,,,,,,,,,,,,,,,,,,,,,,,,,,,,,,,,,,,,,,,,,,,,,05:46:02.569000,Manual Digging,0.6806349158,0.23557968,0.35421106,0.19595459,0.30598712,0.3594279,0.30650556,0.28584558,0.60326201,0.64596063,0.57348412,0.45661819,0.45992225,0.32310811,0.36214578,0.33267128,0.19052333
,,,,,,,,,,,,,,,,,,,,,,,,,,,,,,,,,,,,,,,,,,,,,,,05:46:02.809000,Manual Digging,0.6806349158,0.1609579,0.25080448,0.37314793,0.36645401,0.24519315,0.22872953,0.18603638,0.53446847,0.5444693,0.42729676,0.3264654,0.39407858,0.32605651,0.36406273,0.39752585,0.25920895
,,,,,,,,,,,,,,,,,,,,,,,,,,,,,,,,,,,,,,,,,,,,,,,05:46:03.049000,Manual Digging,0.6806349158,0.35326445,0.17021626,0.33633673,0.36957106,0.21747012,0.33088341,0.33422247,0.24614692,0.31039628,0.25413057,0.47102413,0.58762306,0.28354046,0.32077339,0.39577213,0.45512652
,,,,,,,,,,,,,,,,,,,,,,,,,,,,,,,,,,,,,,,,,,,,,,,05:46:03.290000,Manual Digging,0.6806349158,0.2828407,0.29871586,0.24781533,0.24624494,0.26760536,0.31518987,0.26018134,0.43284982,0.46602064,0.43188104,0.47840077,0.52379072,0.36099824,0.34957841,0.29280341,0.27766871
,,,,,,,,,,,,,,,,,,,,,,,,,,,,,,,,,,,,,,,,,,,,,,,05:46:03.530000,Manual Digging,0.6806349158,1.0467749,0.8048386,0.76098424,1.0229315,1.1463192,1.4240127,1.2614112,0.92318797,0.528579,0.34621045,0.26178807,0.26604825,0.23611937,0.23604116,0.27929598,0.28726885
,,,,,,,,,,,,,,,,,,,,,,,,,,,,,,,,,,,,,,,,,,,,,,,05:46:03.771000,Manual Digging,0.6806349158,0.79278386,0.60661221,0.65716749,0.88657188,1.0346879999999998,1.1776589,0.99705267,0.73805583,0.58037722,0.48930487,0.42152825,0.50034499,0.38813451,0.34583685,0.43935141,0.39657158
,,,,,,,,,,,,,,,,,,,,,,,,,,,,,,,,,,,,,,,,,,,,,,,05:46:04.011000,Manual Digging,0.6806349158,0.47775576,0.2812832,0.25496826,0.34332725,0.35008329,0.41951725,0.36977875,0.35738203,0.43170482,0.41463935,0.35640058,0.33893192,0.33615538,0.24991076,0.32567188,0.30861756
,,,,,,,,,,,,,,,,,,,,,,,,,,,,,,,,,,,,,,,,,,,,,,,05:46:04.251000,Manual Digging,0.6806349158,0.3485848,0.40086666,0.50692314,0.50442392,0.45711589,0.3316572,0.28915662,0.60984534,0.80454153,0.85620493,0.80108345,0.64340425,0.36859891,0.28974947,0.30727941,0.24357563
,,,,,,,,,,,,,,,,,,,,,,,,,,,,,,,,,,,,,,,,,,,,,,,05:46:04.492000,Manual Digging,0.6806349158,0.35537231,0.38707584,0.51444745,0.38456964,0.37035549,0.2607356,0.28165054,0.64638603,0.68452543,0.76454622,0.56500793,0.43753907,0.23721841,0.19899775,0.25476995,0.25461119
,,,,,,,,,,,,,,,,,,,,,,,,,,,,,,,,,,,,,,,,,,,,,,,05:46:04.732000,Manual Digging,0.6806349158,0.26884294,0.32352436,0.49296036,0.47880766,0.50218642,0.40452445,0.29680997,0.64588147,0.61440325,0.64509857,0.44510108,0.45525053,0.32240659,0.30601779,0.20103401,0.14042461
,,,,,,,,,,,,,,,,,,,,,,,,,,,,,,,,,,,,,,,,,,,,,,,05:46:04.972000,Manual Digging,0.6806349158,0.32439187,0.2811487,0.41523573,0.41932553,0.38155401,0.31717527,0.46437824,0.89761764,0.9106679,0.81613183,0.56144041,0.52039987,0.3912970999999999,0.38223228,0.37720877,0.16212367
,,,,,,,,,,,,,,,,,,,,,,,,,,,,,,,,,,,,,,,,,,,,,,,05:46:05.213000,Manual Digging,0.6806349158,1.1869347,1.0038379000000002,1.8507128,1.1212654,1.0008411,0.56558186,0.79843408,5.5233474000000005,9.6873808,11.988811,9.7500114,5.522303599999999,2.076031,1.9075041,1.3386056,0.49276474
,,,,,,,,,,,,,,,,,,,,,,,,,,,,,,,,,,,,,,,,,,,,,,,05:46:05.453000,Manual Digging,0.6806349158,1.2493865,1.0969648,1.5918853000000002,1.1545566,2.5161746,3.1857643,3.3367615,8.0814133,11.982938,14.055279,11.094771,5.8979802,1.7420034,1.5383742,1.0388288,0.3784512
,,,,,,,,,,,,,,,,,,,,,,,,,,,,,,,,,,,,,,,,,,,,,,,05:46:05.694000,Manual Digging,0.6806349158,0.71428066,0.58806586,0.69656014,0.53664762,1.3520658,1.690491,1.6867282,3.4299159,5.0638766,6.0139852,4.8198199,2.5946541,0.68923104,0.60465616,0.45914564,0.30857077
,,,,,,,,,,,,,,,,,,,,,,,,,,,,,,,,,,,,,,,,,,,,,,,05:46:05.934000,Manual Digging,0.6806349158,0.48442838,0.44880009,0.2858634,0.38843465,0.54599404,0.62658232,0.58966893,1.0844564,1.6217241000000002,1.8786756,1.4885384,0.82379025,0.29891321,0.32881963,0.25595453,0.30343708
,,,,,,,,,,,,,,,,,,,,,,,,,,,,,,,,,,,,,,,,,,,,,,,05:46:06.174000,Manual Digging,0.6806349158,0.39351255,0.37282768,0.2058558,0.33293304,0.36594957,0.31115153,0.27774221,0.43350488,0.56306177,0.64936143,0.49384359,0.33217326,0.36069489,0.38306692,0.37122995,0.4392001
,,,,,,,,,,,,,,,,,,,,,,,,,,,,,,,,,,,,,,,,,,,,,,,05:46:06.415000,Manual Digging,0.6806349158,0.31494865,0.34253636,0.2122577,0.23392197,0.25992963,0.24658278,0.28787401,0.42197019,0.43798909,0.44489336,0.30386403,0.2677643,0.23734099,0.30852926,0.33177286,0.36545485
,,,,,,,,,,,,,,,,,,,,,,,,,,,,,,,,,,,,,,,,,,,,,,,05:46:06.655000,Manual Digging,0.6806349158,0.31067839,0.28335747,0.26273909,0.38577506,0.41617337,0.40448084,0.44530222,0.57017606,0.39420336,0.43847919,0.24405622,0.27559155,0.32286656,0.27466986,0.30325875,0.29921171
,,,,,,,,,,,,,,,,,,,,,,,,,,,,,,,,,,,,,,,,,,,,,,,05:46:06.895000,Manual Digging,0.6806349158,0.24763787,0.34182701,0.28832856,0.3751992,0.43606147,0.36998427,0.39221951,0.24762926,0.1965564,0.25796983,0.31377921,0.41561106,0.37763283,0.35655484,0.28341946,0.42700356
,,,,,,,,,,,,,,,,,,,,,,,,,,,,,,,,,,,,,,,,,,,,,,,05:46:07.136000,Manual Digging,0.6806349158,0.36518469,0.36048082,0.34079587,0.34757328,0.30164224,0.4560427999999999,0.49212217,0.39052531,0.56397438,0.55006075,0.41782007,0.26128665,0.31779739,0.28274477,0.26194736,0.36524379
,,,,,,,,,,,,,,,,,,,,,,,,,,,,,,,,,,,,,,,,,,,,,,,05:46:07.376000,Manual Digging,0.6806349158,0.38628575,0.31729305,0.28847897,0.21517304,0.21612419,0.46480498,0.53748935,0.49682885,0.58197391,0.62857509,0.57760489,0.33275971,0.23733036,0.29953936,0.3103967,0.27617046
,,,,,,,,,,,,,,,,,,,,,,,,,,,,,,,,,,,,,,,,,,,,,,,05:46:07.617000,Manual Digging,0.6806349158,0.53920156,0.43399066,0.24247475,0.31778356,0.26460055,0.44393453,0.38986421,0.3079226,0.34386811,0.47361559,0.56671971,0.44260037,0.30024156,0.36753261,0.3673276,0.25923181
,,,,,,,,,,,,,,,,,,,,,,,,,,,,,,,,,,,,,,,,,,,,,,,05:46:07.857000,Manual Digging,0.6806349158,0.28876171,0.34418315,0.31026119,0.32292831,0.19134575,0.3338792,0.32946268,0.22163863,0.32606128,0.3360447,0.36711833,0.29493061,0.32982653,0.35579312,0.31332999,0.28366393
,,,,,,,,,,,,,,,,,,,,,,,,,,,,,,,,,,,,,,,,,,,,,,,05:46:08.097000,Manual Digging,0.6806349158,0.23384756,0.25363654,0.36911368,0.44846532,0.36044326,0.42300451,0.45143935,0.38981813,0.38028049,0.39964336,0.50564986,0.48184454,0.31427228,0.29792199,0.28494066,0.26656413
,,,,,,,,,,,,,,,,,,,,,,,,,,,,,,,,,,,,,,,,,,,,,,,05:46:08.338000,Manual Digging,0.6806349158,1.4952823999999998,1.3330518,4.1286421,4.0092597,3.0529869,1.3756839,1.2337303,5.5874047,10.015412,12.527177,10.471972,6.717519800000001,1.8518587,1.2740469,0.7123210999999999,0.63968015
,,,,,,,,,,,,,,,,,,,,,,,,,,,,,,,,,,,,,,,,,,,,,,,05:46:08.578000,Manual Digging,0.6806349158,0.88714761,0.84604341,3.0767958,2.990123,2.2923751,1.0339415,1.0634899,4.1494737,7.439392599999999,9.316123,7.785985,5.0316386,1.3752787,0.94616812,0.52900374,0.3951396
,,,,,,,,,,,,,,,,,,,,,,,,,,,,,,,,,,,,,,,,,,,,,,,05:46:08.819000,Manual Digging,0.6806349158,0.36767855,0.34496528,0.95516843,0.90953761,0.72021788,0.50661677,0.59468472,1.3955688,2.6080821,3.1600217999999995,2.6865542,1.5358038,0.52460957,0.35397628,0.26363471,0.33790132
,,,,,,,,,,,,,,,,,,,,,,,,,,,,,,,,,,,,,,,,,,,,,,,05:46:09.059000,Manual Digging,0.6806349158,0.25147724,0.16550927,0.33755282,0.3728554,0.34997782,0.34510434,0.46717066,0.6340968000000001,0.82237172,0.9778983,0.84195703,0.5862599000000001,0.41195315,0.31603181,0.28055513,0.28473955
,,,,,,,,,,,,,,,,,,,,,,,,,,,,,,,,,,,,,,,,,,,,,,,05:46:09.299000,Manual Digging,0.6806349158,0.24628827,0.31964204,0.30915827,0.36346611,0.3253026,0.20939395,0.39808145,0.49644062,0.48326996,0.52413267,0.45759001,0.42175603,0.3790665,0.34389856,0.37522745,0.33798498
,,,,,,,,,,,,,,,,,,,,,,,,,,,,,,,,,,,,,,,,,,,,,,,05:46:09.540000,Manual Digging,0.6806349158,0.3575623,0.20895113,0.33006278,0.37581339,0.31818503,0.36058989,0.40404913,0.51021075,0.65197879,0.55063969,0.57799053,0.49194506,0.29241538,0.24678659,0.28835189,0.28594732
,,,,,,,,,,,,,,,,,,,,,,,,,,,,,,,,,,,,,,,,,,,,,,,05:46:09.780000,Manual Digging,0.6806349158,1.1321493,0.80201578,1.0381051,1.237556,0.88825136,0.31652594,0.280159,0.50315934,1.1259098,1.5204316,1.7790645,1.3840598999999998,0.44463012,0.24960585,0.3564629,0.20462637
,,,,,,,,,,,,,,,,,,,,,,,,,,,,,,,,,,,,,,,,,,,,,,,05:46:10.020000,Manual Digging,0.6806349158,0.90144134,0.65994561,0.8819707,1.0253273,0.7888782,0.36605483,0.29766425,0.73765075,1.5163305,1.8837833,1.9891782,1.4455602,0.48129693,0.28072032,0.31403106,0.22583367
,,,,,,,,,,,,,,,,,,,,,,,,,,,,,,,,,,,,,,,,,,,,,,,05:46:10.261000,Manual Digging,0.6806349158,0.40569416,0.27152491,0.42546189,0.4923141,0.41402143,0.76969326,0.77801627,0.77121681,0.67289752,0.68744653,0.78088194,0.59618545,0.29013926,0.33871824,0.48790842,0.50386083
,,,,,,,,,,,,,,,,,,,,,,,,,,,,,,,,,,,,,,,,,,,,,,,05:46:10.501000,Manual Digging,0.6806349158,0.37420702,0.29138741,0.30877948,0.25979567,0.25263953,0.45417765,0.47892746,0.41323441,0.35845956,0.30718324,0.29531252,0.38629457,0.27230972,0.25867093,0.36234415,0.43895712
,,,,,,,,,,,,,,,,,,,,,,,,,,,,,,,,,,,,,,,,,,,,,,,05:46:10.742000,Manual Digging,0.6806349158,0.24167728,0.29119891,0.28850055,0.41062582,0.40069652,0.43069401,0.5026741,0.37306222,0.26846299,0.26507825,0.1967026,0.33946717,0.47564432,0.52651966,0.57556152,0.35144642
,,,,,,,,,,,,,,,,,,,,,,,,,,,,,,,,,,,,,,,,,,,,,,,05:46:10.982000,Manual Digging,0.6806349158,0.36989436,0.32897544,0.29759079,0.50540859,0.48940966,0.38128448,0.35198316,0.36040914,0.36124673,0.38529971,0.26351184,0.27776569,0.39832467,0.41955504,0.40727407,0.25053239
,,,,,,,,,,,,,,,,,,,,,,,,,,,,,,,,,,,,,,,,,,,,,,,05:46:11.222000,Manual Digging,0.6806349158,0.40023771,0.35398823,0.30033335,0.41979921,0.43190449,0.30071637,0.38959593,0.49786824,0.51424885,0.47142959,0.36611637,0.27027121,0.35989404,0.30701411,0.30885708,0.23646133
,,,,,,,,,,,,,,,,,,,,,,,,,,,,,,,,,,,,,,,,,,,,,,,05:46:11.463000,Manual Digging,0.6806349158,0.39087379,0.34513551,0.29759127,0.3311592,0.29124376,0.31058881,0.2853193,0.54716092,0.61128879,0.62563592,0.47915286,0.54139423,0.3565537,0.36020067,0.33713228,0.22309683
,,,,,,,,,,,,,,,,,,,,,,,,,,,,,,,,,,,,,,,,,,,,,,,05:46:11.703000,Manual Digging,0.6806349158,0.34170881,0.35372987,0.34151417,0.23575975,0.27836603,0.36222628,0.31423232,0.47627538,0.45397231,0.46462712,0.27169707,0.33761507,0.31690735,0.37340224,0.34061196,0.22982268
,,,,,,,,,,,,,,,,,,,,,,,,,,,,,,,,,,,,,,,,,,,,,,,05:46:11.943000,Manual Digging,0.6806349158,0.31363687,0.28579891,0.33170426,0.2603864999999999,0.24414121,0.36371401,0.29164693,0.25710505,0.35620782,0.42216584,0.38084406,0.41914904,0.40859419,0.36117151,0.28383136,0.30079418
,,,,,,,,,,,,,,,,,,,,,,,,,,,,,,,,,,,,,,,,,,,,,,,05:46:12.184000,Manual Digging,0.6806349158,0.3573007,0.42821831,0.59444022,0.46222499,0.46624771,0.39640614,0.34313226,0.38394141,0.38766384,0.41117087,0.39714572,0.39492413,0.44877565,0.38703588,0.36135891,0.3296095999999999
,,,,,,,,,,,,,,,,,,,,,,,,,,,,,,,,,,,,,,,,,,,,,,,05:46:12.424000,Manual Digging,0.6806349158,0.41388291,0.34468311,0.43984911,0.37072265,0.41966605,0.61585021,0.5215227,0.68632954,0.71010852,0.60244763,0.34516445,0.29307041,0.36149961,0.36069882,0.4036563,0.31683034
,,,,,,,,,,,,,,,,,,,,,,,,,,,,,,,,,,,,,,,,,,,,,,,05:46:12.665000,Manual Digging,0.6806349158,0.39601484,0.33028975,0.37140492,0.34771034,0.35442486,0.52871227,0.46075797,0.52378303,0.67887777,0.51432288,0.32882065,0.33616972,0.43107569,0.45340645,0.40214536,0.49062803
,,,,,,,,,,,,,,,,,,,,,,,,,,,,,,,,,,,,,,,,,,,,,,,05:46:12.905000,Manual Digging,0.6806349158,0.40079322,0.37515238,0.44519424,0.3500205,0.33706707,0.44020045,0.41992828,0.33744013,0.42068303,0.4036932,0.45323029,0.42573717,0.3458200999999999,0.3602941,0.31656986,0.27454418
,,,,,,,,,,,,,,,,,,,,,,,,,,,,,,,,,,,,,,,,,,,,,,,05:46:13.145000,Manual Digging,0.6806349158,0.31256577,0.31398365,0.22398043,0.1795606,0.19533032,0.27992573,0.25644341,0.43021163,0.46239883,0.53377038,0.50733048,0.59167325,0.36015084,0.31250614,0.21639472,0.31883594
,,,,,,,,,,,,,,,,,,,,,,,,,,,,,,,,,,,,,,,,,,,,,,,05:46:13.386000,Manual Digging,0.6806349158,0.3427904,0.29967988,0.22789043,0.21282105,0.15725836,0.51414263,0.47183043,0.65417391,0.68838263,0.69856948,0.62439311,0.49490029,0.40221357,0.32060736,0.25491902,0.31161132
,,,,,,,,,,,,,,,,,,,,,,,,,,,,,,,,,,,,,,,,,,,,,,,05:46:13.626000,Manual Digging,0.6806349158,0.27064854,0.2237013,0.17376487,0.27742887,0.25087199,0.29262573,0.30857104,0.52259463,0.51122582,0.52971482,0.52981287,0.50648886,0.49017173,0.31355786,0.25194728,0.28555441
,,,,,,,,,,,,,,,,,,,,,,,,,,,,,,,,,,,,,,,,,,,,,,,05:46:13.867000,Manual Digging,0.6806349158,0.50986803,0.28779745,0.22817411,0.25686494,0.24588755,0.22959192,0.23228325,0.3437537,0.51784754,0.78414536,0.74724007,0.64068449,0.42542911,0.28173015,0.1806054,0.18463884
,,,,,,,,,,,,,,,,,,,,,,,,,,,,,,,,,,,,,,,,,,,,,,,05:46:14.107000,Manual Digging,0.6806349158,0.48596159,0.31532452,0.23203391,0.19537425,0.23446819,0.32846016,0.30086496,0.37137678,0.54179448,0.69047761,0.72671771,0.57302266,0.37662566,0.34682655,0.25245446,0.34416959
,,,,,,,,,,,,,,,,,,,,,,,,,,,,,,,,,,,,,,,,,,,,,,,05:46:14.347000,Manual Digging,0.6806349158,0.23396598,0.29078549,0.22335052,0.18765318,0.25586897,0.35267919,0.37376764,0.35608038,0.35051656,0.36322132,0.43828139,0.28261682,0.26263916,0.39948368,0.34383503,0.46818385
,,,,,,,,,,,,,,,,,,,,,,,,,,,,,,,,,,,,,,,,,,,,,,,05:46:14.588000,Manual Digging,0.6806349158,0.29152244,0.28014553,0.32536173,0.33384332,0.30844721,0.25978217,0.25524843,0.28111485,0.24702574,0.21708767,0.28182557,0.29473394,0.24263495,0.32778326,0.31295308,0.3453241
,,,,,,,,,,,,,,,,,,,,,,,,,,,,,,,,,,,,,,,,,,,,,,,05:46:14.828000,Manual Digging,0.6806349158,0.23280574,0.25277555,0.28054866,0.29950267,0.30912843,0.25842655,0.23588257,0.279953,0.3671922999999999,0.26809451,0.27233267,0.33684081,0.36027604,0.34879348,0.24171539,0.33711734
,,,,,,,,,,,,,,,,,,,,,,,,,,,,,,,,,,,,,,,,,,,,,,,05:46:15.068000,Manual Digging,0.6806349158,0.88528895,0.64347738,0.89587152,1.0146681999999998,1.0111206,0.64661759,0.40883794,0.95054299,1.5488411,1.9304196,1.3356515,0.76553452,0.47950688,0.44920802,0.38290071,0.27864617
,,,,,,,,,,,,,,,,,,,,,,,,,,,,,,,,,,,,,,,,,,,,,,,05:46:15.309000,Manual Digging,0.6806349158,0.59960318,0.45756054,0.51192355,0.60452819,0.78889704,0.81069571,0.56636226,1.3581107,1.2840714,1.3541127,0.63964581,0.31809595,0.28569269,0.27774596,0.23662499,0.39798644
,,,,,,,,,,,,,,,,,,,,,,,,,,,,,,,,,,,,,,,,,,,,,,,05:46:15.549000,Manual Digging,0.6806349158,0.29122651,0.26968956,0.34237942,0.43316284,0.51599532,0.6180895000000001,0.54192227,0.75507796,0.7890951,0.82880616,0.51764476,0.34821066,0.35659811,0.41645011,0.41794938,0.33173463
,,,,,,,,,,,,,,,,,,,,,,,,,,,,,,,,,,,,,,,,,,,,,,,05:46:15.790000,Manual Digging,0.6806349158,0.34496674,0.45574206,0.43603817,0.45874906,0.52771258,0.33243293,0.31787288,0.34580159,0.40734062,0.431326,0.33786693,0.325681,0.34123465,0.31116045,0.31897497,0.27818438
,,,,,,,,,,,,,,,,,,,,,,,,,,,,,,,,,,,,,,,,,,,,,,,05:46:16.030000,Manual Digging,0.6806349158,0.26132694,0.32721442,0.34264138,0.33342075,0.59272289,0.68342435,0.82289153,0.32983318,0.25529364,0.21038812,0.36871496,0.3714272999999999,0.37183717,0.24272189,0.379655,0.3604899
,,,,,,,,,,,,,,,,,,,,,,,,,,,,,,,,,,,,,,,,,,,,,,,05:46:16.270000,Manual Digging,0.6806349158,0.22564191,0.33764714,0.26027468,0.29161763,0.39291042,0.54332668,0.57807028,0.45977423,0.31023404,0.39328182,0.35580754,0.41961396,0.35519943,0.43705001,0.41166702,0.33308798
,,,,,,,,,,,,,,,,,,,,,,,,,,,,,,,,,,,,,,,,,,,,,,,05:46:16.511000,Manual Digging,0.6806349158,0.29692149,0.38358063,0.27972674,0.26719031,0.24840064,0.36671191,0.42930263,0.40944022,0.38864729,0.31591564,0.33569589,0.37645996,0.29196614,0.32619402,0.35976776,0.30162424
,,,,,,,,,,,,,,,,,,,,,,,,,,,,,,,,,,,,,,,,,,,,,,,05:46:16.751000,Manual Digging,0.6806349158,0.41300187,0.47156313,0.44628882,0.46573323,0.43592206,0.56032759,0.79526609,1.5658686000000002,1.6609868000000003,1.7715078999999998,1.177644,0.93503714,0.69109273,0.65215522,0.62376636,0.33905455
,,,,,,,,,,,,,,,,,,,,,,,,,,,,,,,,,,,,,,,,,,,,,,,05:46:16.991000,Manual Digging,0.6806349158,0.53303403,0.65271956,0.40987605,0.42565536,0.31844831,0.74255252,0.74593604,1.1818532,1.1099155,1.2885613,0.75195003,0.55759054,0.75780541,0.72508425,0.75201494,0.22456075
,,,,,,,,,,,,,,,,,,,,,,,,,,,,,,,,,,,,,,,,,,,,,,,05:46:17.232000,Manual Digging,0.6806349158,0.51398027,0.56098819,0.42900327,0.52509505,0.83789319,1.8438867,1.7104411,2.0152397,1.9631044,1.9159392,1.2324475,0.68449306,0.56278247,0.53848219,0.63841671,0.3384037
,,,,,,,,,,,,,,,,,,,,,,,,,,,,,,,,,,,,,,,,,,,,,,,05:46:17.472000,Manual Digging,0.6806349158,0.31129196,0.29974157,0.35786706,0.4028303,0.53401732,1.0169508,0.94335222,1.1712472,1.1422437,1.105636,0.70598799,0.36063987,0.4600876,0.50328273,0.44266436,0.35667723
,,,,,,,,,,,,,,,,,,,,,,,,,,,,,,,,,,,,,,,,,,,,,,,05:46:17.713000,Manual Digging,0.6806349158,0.35718313,0.35808676,0.32599753,0.30982718,0.36784655,0.4127686,0.38887751,0.53591532,0.5853498,0.5581767,0.32106972,0.43115214,0.3889519,0.40906411,0.37069696,0.36224541
,,,,,,,,,,,,,,,,,,,,,,,,,,,,,,,,,,,,,,,,,,,,,,,05:46:17.953000,Manual Digging,0.6806349158,0.30198005,0.25740978,0.17420943,0.30248874,0.23004454,0.29858938,0.29768959,0.3747904,0.37288827,0.33219722,0.37549245,0.35900083,0.27905017,0.32103157,0.32229194,0.28131941
,,,,,,,,,,,,,,,,,,,,,,,,,,,,,,,,,,,,,,,,,,,,,,,05:46:18.193000,Manual Digging,0.6806349158,0.3491258,0.22885498,0.25513408,0.2519885,0.20275423,0.24224372,0.22617698,0.20722571,0.24410205,0.19690318,0.25509188,0.31584615,0.26129422,0.32630575,0.25922316,0.31932905
,,,,,,,,,,,,,,,,,,,,,,,,,,,,,,,,,,,,,,,,,,,,,,,05:46:18.434000,Manual Digging,0.6806349158,0.53342801,0.5529722,0.45471236,0.5195536000000001,0.46783432,0.59154826,0.53512293,0.60725623,0.53747851,0.54517168,0.42676365,0.47124639,0.27691099,0.30846921,0.29960048,0.36127165
,,,,,,,,,,,,,,,,,,,,,,,,,,,,,,,,,,,,,,,,,,,,,,,05:46:18.674000,Manual Digging,0.6806349158,0.29881215,0.43163997,0.371555,0.40202379,0.44213817,0.54616547,0.49832788,0.52277422,0.71219373,0.73396069,0.66668737,0.32211789,0.22275254,0.25339615,0.23060003,0.22426896
,,,,,,,,,,,,,,,,,,,,,,,,,,,,,,,,,,,,,,,,,,,,,,,05:46:18.915000,Manual Digging,0.6806349158,0.22823153,0.34162629,0.37589771,0.47881892,0.46374926,0.45068711,0.35263026,0.50903034,0.61392927,0.56595981,0.56619036,0.31523472,0.24802886,0.31647465,0.3436574,0.19313234
,,,,,,,,,,,,,,,,,,,,,,,,,,,,,,,,,,,,,,,,,,,,,,,05:46:19.155000,Manual Digging,0.6806349158,0.33659372,0.26369902,0.34049159,0.39817989,0.3100692,0.29181722,0.27752692,0.34459677,0.41974723,0.40097618,0.50752211,0.3314254,0.25415257,0.25434154,0.32837212,0.24546996
,,,,,,,,,,,,,,,,,,,,,,,,,,,,,,,,,,,,,,,,,,,,,,,05:46:19.395000,Manual Digging,0.6806349158,0.35239345,0.32071948,0.37948728,0.34333485,0.29277474,0.29932535,0.32483536,0.4421449,0.48134446,0.3343107999999999,0.33243465,0.40074998,0.35611331,0.30951691,0.32878357,0.33339757
,,,,,,,,,,,,,,,,,,,,,,,,,,,,,,,,,,,,,,,,,,,,,,,05:46:19.636000,Manual Digging,0.6806349158,0.39116448,0.31922737,0.32925183,0.36002025,0.3475149,0.24895428,0.29669857,0.40106165,0.51432788,0.40596488,0.24047132,0.29761606,0.28617603,0.30911589,0.36173242,0.36566693
,,,,,,,,,,,,,,,,,,,,,,,,,,,,,,,,,,,,,,,,,,,,,,,05:46:19.876000,Manual Digging,0.6806349158,0.28874183,0.27512473,0.20586208,0.30369899,0.27018759,0.36852223,0.32755607,0.40496269,0.42976478,0.29835996,0.18974832,0.20898825,0.19008639,0.34544206,0.38190052,0.47177967
,,,,,,,,,,,,,,,,,,,,,,,,,,,,,,,,,,,,,,,,,,,,,,,05:46:20.116000,Manual Digging,0.6806349158,0.21011926,0.2633298,0.2834453,0.304506,0.25035208,0.4769315999999999,0.4589031,0.42944634,0.37169203,0.31410155,0.22712021,0.29370514,0.14116725,0.312076,0.26622048,0.3477095999999999
,,,,,,,,,,,,,,,,,,,,,,,,,,,,,,,,,,,,,,,,,,,,,,,05:46:20.357000,Manual Digging,0.6806349158,0.36559451,0.39620742,0.29932564,0.30742848,0.17609581,0.27055931,0.29897386,0.2687054,0.41238117,0.40931249,0.33979622,0.25170773,0.20096384,0.33182225,0.29038152,0.386729
,,,,,,,,,,,,,,,,,,,,,,,,,,,,,,,,,,,,,,,,,,,,,,,05:46:20.597000,Manual Digging,0.6806349158,0.29781488,0.23648813,0.27610868,0.26167241,0.31116247,0.16106808,0.24541889,0.24479057,0.46414959,0.48681417,0.55420202,0.42046705,0.27932072,0.31109127,0.19950676,0.26562431
,,,,,,,,,,,,,,,,,,,,,,,,,,,,,,,,,,,,,,,,,,,,,,,05:46:20.838000,Manual Digging,0.6806349158,0.3756212,0.32703185,0.27010122,0.24441905,0.33663115,0.36741209,0.37622359,0.45281234,0.34710923,0.34342346,0.32095909,0.22490795,0.25286049,0.248511,0.26142523,0.20033236
,,,,,,,,,,,,,,,,,,,,,,,,,,,,,,,,,,,,,,,,,,,,,,,05:46:21.078000,Manual Digging,0.6806349158,0.2756659999999999,0.26225731,0.35421005,0.27616829,0.48363724,0.32825196,0.36725831,0.339425,0.29791933,0.28416431,0.23311578,0.21498115,0.29223689,0.22559138,0.26116967,0.21088058
,,,,,,,,,,,,,,,,,,,,,,,,,,,,,,,,,,,,,,,,,,,,,,,05:46:21.318000,Manual Digging,0.6806349158,0.25502521,0.19773147,0.20660678,0.17702736,0.45281363,0.61210877,0.52968252,0.44099241,0.38345939,0.36693382,0.41359177,0.32663667,0.32937044,0.34595877,0.41971445,0.47212869
,,,,,,,,,,,,,,,,,,,,,,,,,,,,,,,,,,,,,,,,,,,,,,,05:46:21.559000,Manual Digging,0.6806349158,0.393603,0.38030961,0.41599637,0.39164531,0.41766173,0.48530251,0.4897899,0.49084055,0.89423954,1.0130801,0.9729861,0.52073735,0.32396787,0.29622948,0.31169996,0.30008155
,,,,,,,,,,,,,,,,,,,,,,,,,,,,,,,,,,,,,,,,,,,,,,,05:46:21.799000,Manual Digging,0.6806349158,0.37908807,0.48308438,0.36446071,0.36260355,0.43223795,1.0449448,1.0296516,0.77265084,0.87415552,1.068231,1.0193251,0.53682882,0.29165035,0.27588612,0.26386797,0.21592309
,,,,,,,,,,,,,,,,,,,,,,,,,,,,,,,,,,,,,,,,,,,,,,,05:46:22.039000,Manual Digging,0.6806349158,0.33037472,0.44668576,0.34418949,0.32353026,0.39453414,0.97670633,0.98240614,0.68645298,0.46511966,0.56082404,0.63360822,0.5505349,0.29807729,0.37914726,0.30735019,0.21772531
,,,,,,,,,,,,,,,,,,,,,,,,,,,,,,,,,,,,,,,,,,,,,,,05:46:22.280000,Manual Digging,0.6806349158,0.44517362,0.47622699,0.340518,0.28119203,0.25606394,0.385737,0.36991176,0.28170553,0.22743972,0.23336615,0.35464627,0.33844933,0.27600238,0.29310134,0.32542968,0.31230387
,,,,,,,,,,,,,,,,,,,,,,,,,,,,,,,,,,,,,,,,,,,,,,,05:46:22.520000,Manual Digging,0.6806349158,0.32318696,0.29279247,0.349013,0.39046913,0.34733108,0.26558423,0.33173221,0.25454012,0.2393111,0.34182292,0.33912432,0.35433134,0.29193112,0.37401849,0.39622605,0.31394073
,,,,,,,,,,,,,,,,,,,,,,,,,,,,,,,,,,,,,,,,,,,,,,,05:46:22.761000,Manual Digging,0.6806349158,0.3530966,0.38692343,0.40966034,0.37789065,0.30041295,0.40834737,0.44887283,0.20881781,0.16463129,0.22198243,0.28856924,0.33128786,0.3724325,0.39390028,0.38402221,0.26804554
,,,,,,,,,,,,,,,,,,,,,,,,,,,,,,,,,,,,,,,,,,,,,,,05:46:23.001000,Manual Digging,0.6806349158,0.49113518,0.48032466,0.58288795,0.45776218,0.44067508,0.66816735,0.6697221999999999,0.4420805,0.30393201,0.30997056,0.32474804,0.29361603,0.38660386,0.40042323,0.31802231,0.40808132
,,,,,,,,,,,,,,,,,,,,,,,,,,,,,,,,,,,,,,,,,,,,,,,05:46:23.241000,Manual Digging,0.6806349158,0.31781247,0.36542159,0.45645797,0.34033871,0.29630461,0.2383696,0.25343201,0.26697674,0.21143819,0.24705094,0.269526,0.28213966,0.29964933,0.36720258,0.32210985,0.39021572
,,,,,,,,,,,,,,,,,,,,,,,,,,,,,,,,,,,,,,,,,,,,,,,05:46:23.482000,Manual Digging,0.6806349158,0.33580446,0.35734129,0.38580549,0.43521571,0.34301332,0.33453056,0.46827751,0.49631938,0.56458175,0.45596549,0.35650754,0.2466597999999999,0.27057067,0.17625451,0.23835662,0.27637473
,,,,,,,,,,,,,,,,,,,,,,,,,,,,,,,,,,,,,,,,,,,,,,,05:46:23.722000,Manual Digging,0.6806349158,0.27585641,0.35975343,0.33573681,0.33289897,0.38626951,0.40847921,0.46528131,0.43961695,0.51409155,0.38774943,0.59947777,0.56608993,0.33970305,0.3950422999999999,0.34726325,0.31944144
,,,,,,,,,,,,,,,,,,,,,,,,,,,,,,,,,,,,,,,,,,,,,,,05:46:23.963000,Manual Digging,0.6806349158,0.67528355,0.83075798,0.68913478,0.6034716999999999,0.78347003,1.6144346,1.7769626,2.5973287,2.5132265,2.4408796,1.4033856000000002,0.8486259,0.39430538,0.39225703,0.36852053,0.24651095
,,,,,,,,,,,,,,,,,,,,,,,,,,,,,,,,,,,,,,,,,,,,,,,05:46:24.203000,Manual Digging,0.6806349158,0.35214189,0.41971636,0.34947997,0.42284301,0.55706,0.83069366,0.81753504,1.0638382,1.0378662,1.0352082,0.69182914,0.56794304,0.30101317,0.29014921,0.24599645,0.23171961
,,,,,,,,,,,,,,,,,,,,,,,,,,,,,,,,,,,,,,,,,,,,,,,05:46:24.443000,Manual Digging,0.6806349158,0.29656303,0.36919388,0.31387874,0.33669522,0.46688673,0.54314619,0.52194303,0.5764395,0.56349963,0.49123934,0.33778712,0.31904468,0.40065706,0.40372252,0.36580139,0.25254601
,,,,,,,,,,,,,,,,,,,,,,,,,,,,,,,,,,,,,,,,,,,,,,,05:46:24.684000,Manual Digging,0.6806349158,0.29283684,0.26527295,0.28959057,0.48187533,0.7234996,0.72124273,0.68296707,0.50818324,0.52430099,0.41473451,0.29796588,0.45615214,0.35648805,0.33845413,0.32334548,0.23048478
,,,,,,,,,,,,,,,,,,,,,,,,,,,,,,,,,,,,,,,,,,,,,,,05:46:24.924000,Manual Digging,0.6806349158,0.34461331,0.37536567,0.34689924,0.35464147,0.39951876,0.34747997,0.34465119,0.34644112,0.34251645,0.26211086,0.35389915,0.42608643,0.36479694,0.31544155,0.30618954,0.2603007
,,,,,,,,,,,,,,,,,,,,,,,,,,,,,,,,,,,,,,,,,,,,,,,05:46:25.164000,Manual Digging,0.6806349158,0.33572671,0.36628726,0.40837938,0.34200037,0.25747195,0.59658015,0.57333189,0.44641003,0.29601541,0.22718401,0.3762973,0.36162931,0.24039805,0.32322246,0.273873,0.31494704
,,,,,,,,,,,,,,,,,,,,,,,,,,,,,,,,,,,,,,,,,,,,,,,05:46:25.405000,Manual Digging,0.6806349158,0.45651305,0.31738561,0.36527622,0.30559283,0.42342737,0.66522413,0.60197937,0.53968143,0.39167896,0.42169476,0.55022687,0.42480499,0.29729545,0.33925214,0.35442644,0.29345781
,,,,,,,,,,,,,,,,,,,,,,,,,,,,,,,,,,,,,,,,,,,,,,,05:46:25.645000,Manual Digging,0.6806349158,0.66255134,0.62776768,0.656129,0.53316706,0.81381571,1.4871796,1.4711895,1.6766667000000002,1.5293412,1.4780874,1.0615064,0.6794554,0.43321979,0.41332182,0.41766179,0.34364444
,,,,,,,,,,,,,,,,,,,,,,,,,,,,,,,,,,,,,,,,,,,,,,,05:46:25.886000,Manual Digging,0.6806349158,0.75949281,0.70464277,0.4489373,0.42963931,0.84733802,1.5821351,1.5711299,1.5187026,1.2820443,1.2197976,0.9407801,0.64058375,0.28351808,0.36338836,0.38017124,0.53025711
,,,,,,,,,,,,,,,,,,,,,,,,,,,,,,,,,,,,,,,,,,,,,,,05:46:26.126000,Manual Digging,0.6806349158,0.35828966,0.39401299,0.32745737,0.33014569,0.38682577,0.55785155,0.56858426,0.6279431,0.61808127,0.58739614,0.42722976,0.41655654,0.20235404,0.22364435,0.30727023,0.46101359
,,,,,,,,,,,,,,,,,,,,,,,,,,,,,,,,,,,,,,,,,,,,,,,05:46:26.366000,Manual Digging,0.6806349158,0.29693913,0.32054082,0.28872272,0.29239571,0.20927548,0.20947848,0.21268715,0.36239949,0.39563531,0.36002183,0.29563731,0.36567241,0.31393903,0.26861233,0.26493546,0.2666705
,,,,,,,,,,,,,,,,,,,,,,,,,,,,,,,,,,,,,,,,,,,,,,,05:46:26.607000,Manual Digging,0.6806349158,0.31049192,0.28583905,0.33611006,0.30265397,0.3522656,0.37348732,0.36337137,0.18465132,0.31586188,0.47716516,0.41141251,0.34580702,0.32196558,0.28777081,0.39185512,0.4002097
,,,,,,,,,,,,,,,,,,,,,,,,,,,,,,,,,,,,,,,,,,,,,,,05:46:26.847000,Manual Digging,0.6806349158,0.3024817999999999,0.28520215,0.21732643,0.2169762,0.19984782,0.30395961,0.35391429,0.28004563,0.3136315,0.6026184,0.50901675,0.41543651,0.25376135,0.38467973,0.51001871,0.45439899
,,,,,,,,,,,,,,,,,,,,,,,,,,,,,,,,,,,,,,,,,,,,,,,05:46:27.087000,Manual Digging,0.6806349158,0.43266922,0.37539917,0.41782469,0.34732631,0.31856483,0.25596273,0.26170143,0.39041442,0.48495245,0.4960600999999999,0.47260273,0.41943163,0.40602165,0.31880182,0.43392661,0.3531419
,,,,,,,,,,,,,,,,,,,,,,,,,,,,,,,,,,,,,,,,,,,,,,,05:46:27.328000,Manual Digging,0.6806349158,0.40746638,0.31431481,0.26816621,0.26506236,0.28932738,0.33244869,0.35626599,0.36199948,0.44363552,0.37350157,0.37080863,0.23823129,0.30179116,0.32734865,0.31335223,0.25231177
,,,,,,,,,,,,,,,,,,,,,,,,,,,,,,,,,,,,,,,,,,,,,,,05:46:27.568000,Manual Digging,0.6806349158,0.29180348,0.31598949,0.30981231,0.27844447,0.36361957,0.36408982,0.40928218,0.42322394,0.63098598,0.60453343,0.65107095,0.29696131,0.40759456,0.40800861,0.34969449,0.23304902
,,,,,,,,,,,,,,,,,,,,,,,,,,,,,,,,,,,,,,,,,,,,,,,05:46:27.809000,Manual Digging,0.6806349158,0.23694953,0.2454083,0.36641899,0.40572503,0.41098449,0.4563981,0.44683045,0.47344974,0.63978392,0.5643241999999999,0.6335333000000001,0.32260463,0.30683854,0.29787648,0.34520069,0.23670518
,,,,,,,,,,,,,,,,,,,,,,,,,,,,,,,,,,,,,,,,,,,,,,,05:46:28.049000,Manual Digging,0.6806349158,0.18549554,0.24198578,0.39672589,0.35189551,0.32273817,0.29113448,0.25094002,0.30792731,0.28932345,0.28576595,0.36492276,0.39395541,0.25059578,0.26299769,0.28015238,0.253741
,,,,,,,,,,,,,,,,,,,,,,,,,,,,,,,,,,,,,,,,,,,,,,,05:46:28.289000,Manual Digging,0.6806349158,0.24132387,0.27734679,0.40395173,0.34941941,0.38522682,0.47171077,0.50835043,0.51277894,0.21599674,0.14612894,0.15248476,0.34183538,0.3754095999999999,0.4287157999999999,0.26442975,0.19345474
,,,,,,,,,,,,,,,,,,,,,,,,,,,,,,,,,,,,,,,,,,,,,,,05:46:28.530000,Manual Digging,0.6806349158,0.28628746,0.23554337,0.3896116,0.26526725,0.39896154,0.57145214,0.5621053,0.43212014,0.28184462,0.27033889,0.21303858,0.25376108,0.34676737,0.27110896,0.22387873,0.22245766
,,,,,,,,,,,,,,,,,,,,,,,,,,,,,,,,,,,,,,,,,,,,,,,05:46:28.770000,Manual Digging,0.6806349158,0.22686625,0.31157276,0.35829383,0.27894276,0.2738032,0.49009433,0.46261933,0.39382535,0.42862102,0.47732335,0.44890574,0.2932708,0.34193319,0.3807354,0.39102575,0.33610067
,,,,,,,,,,,,,,,,,,,,,,,,,,,,,,,,,,,,,,,,,,,,,,,05:46:29.011000,Manual Digging,0.6806349158,0.25618729,0.29082173,0.32691601,0.26214188,0.26169762,0.44616282,0.41318578,0.32370591,0.24337034,0.30613542,0.38499367,0.35574216,0.41070935,0.37529036,0.33868253,0.36689606
,,,,,,,,,,,,,,,,,,,,,,,,,,,,,,,,,,,,,,,,,,,,,,,05:46:29.251000,Manual Digging,0.6806349158,0.28644693,0.26999176,0.20740636,0.19399403,0.15566419,0.29209423,0.32943887,0.37231416,0.38264173,0.35701638,0.26988816,0.31799224,0.32402709,0.3080301,0.24368726,0.24919897
,,,,,,,,,,,,,,,,,,,,,,,,,,,,,,,,,,,,,,,,,,,,,,,05:46:29.491000,Manual Digging,0.6806349158,0.78976768,0.78137726,0.8474440000000001,0.83399719,0.83903968,1.700657,1.8542235,1.9324881,1.8379879,1.7974635,1.3607371,0.85291666,0.44187772,0.41197851,0.43010128,0.33929563
,,,,,,,,,,,,,,,,,,,,,,,,,,,,,,,,,,,,,,,,,,,,,,,05:46:29.732000,Manual Digging,0.6806349158,0.58651918,0.62525862,0.59861821,0.57195276,0.64942718,1.5099233,1.6263938,1.4767367,1.3649775,1.3508354,1.0816263000000002,0.73578197,0.43330252,0.45087144,0.53265834,0.51017618
,,,,,,,,,,,,,,,,,,,,,,,,,,,,,,,,,,,,,,,,,,,,,,,05:46:29.972000,Manual Digging,0.6806349158,0.42587179,0.50407928,0.41316387,0.53609836,0.94984567,1.8692491,1.9289503,1.4662718,0.90769869,0.84358835,0.77863532,0.53695488,0.36016259,0.36041242,0.41381854,0.43733406
,,,,,,,,,,,,,,,,,,,,,,,,,,,,,,,,,,,,,,,,,,,,,,,05:46:30.212000,Manual Digging,0.6806349158,0.25066301,0.26569265,0.37854102,0.29720506,0.3069309,0.57168984,0.63592833,0.51645529,0.590307,0.53406626,0.52967817,0.29958928,0.2514064,0.28642273,0.28231534,0.2407658
,,,,,,,,,,,,,,,,,,,,,,,,,,,,,,,,,,,,,,,,,,,,,,,05:46:30.453000,Manual Digging,0.6806349158,0.29029652,0.34246829,0.30238354,0.23776011,0.17553563,0.31538719,0.37340277,0.33632788,0.46596938,0.51113212,0.57876652,0.37000531,0.26323292,0.23747806,0.26976979,0.19141199
,,,,,,,,,,,,,,,,,,,,,,,,,,,,,,,,,,,,,,,,,,,,,,,05:46:30.693000,Manual Digging,0.6806349158,0.39250788,0.28154671,0.32658783,0.2560907,0.20951201,0.3736448,0.32430923,0.24306257,0.2889761,0.26920831,0.35841405,0.34215921,0.31292039,0.34603828,0.42865744,0.31076187
,,,,,,,,,,,,,,,,,,,,,,,,,,,,,,,,,,,,,,,,,,,,,,,05:46:30.934000,Manual Digging,0.6806349158,0.52285028,0.45183259,0.47460151,0.29213282,0.34012088,0.38347358,0.33298245,0.3062807,0.19952574,0.15438847,0.22817884,0.25802425,0.27756506,0.35441586,0.32496944,0.27378523
,,,,,,,,,,,,,,,,,,,,,,,,,,,,,,,,,,,,,,,,,,,,,,,05:46:31.174000,Manual Digging,0.6806349158,0.2524493,0.24823797,0.38434854,0.30593306,0.37450475,0.34896123,0.31642613,0.25569567,0.31903043,0.3425127,0.28816035,0.33317336,0.30370516,0.24384481,0.21576867,0.2650172999999999
,,,,,,,,,,,,,,,,,,,,,,,,,,,,,,,,,,,,,,,,,,,,,,,05:46:31.414000,Manual Digging,0.6806349158,1.6063799,1.7720148999999998,0.5418784000000001,0.39951158,0.96577722,1.6981866,1.5732111,2.5468404,2.7133718,2.9255757,1.7584343999999998,0.76620269,0.2635335,0.25019389,0.36501974,0.26260078
,,,,,,,,,,,,,,,,,,,,,,,,,,,,,,,,,,,,,,,,,,,,,,,05:46:31.655000,Manual Digging,0.6806349158,2.5874231,2.7181797000000003,4.7162166,4.4236236,4.5826092,2.3381116000000004,2.3012066000000004,5.0190201,8.208167999999999,10.210469,8.4632444,5.6756353,3.2767968,3.0579844,1.5453415,0.33588535
,,,,,,,,,,,,,,,,,,,,,,,,,,,,,,,,,,,,,,,,,,,,,,,05:46:31.895000,Manual Digging,0.6806349158,1.2875216,1.2095716,1.519465,1.4063303,1.6776557,1.334293,1.3142843000000002,2.4145172,3.1508222000000004,4.0143666,3.1605649,2.0137727,1.070105,1.0712315,0.65172237,0.24370292
,,,,,,,,,,,,,,,,,,,,,,,,,,,,,,,,,,,,,,,,,,,,,,,05:46:32.135000,Manual Digging,0.6806349158,0.50999111,0.40175369,0.46219182,0.46265647,0.55841339,0.60026783,0.63724762,0.94533855,1.1003442,1.375784,0.99991095,0.66355348,0.38477358,0.48596931,0.37190288,0.28522789
,,,,,,,,,,,,,,,,,,,,,,,,,,,,,,,,,,,,,,,,,,,,,,,05:46:32.376000,Manual Digging,0.6806349158,0.28921044,0.2359442999999999,0.36294147,0.33022615,0.31921184,0.27872849,0.28001168,0.50471902,0.72918528,0.85702622,0.59557396,0.44750106,0.25567901,0.22941892,0.20566979,0.24510142
,,,,,,,,,,,,,,,,,,,,,,,,,,,,,,,,,,,,,,,,,,,,,,,05:46:32.616000,Manual Digging,0.6806349158,0.30173686,0.21140265,0.29157919,0.3276383,0.21959533,0.43154019,0.36646658,0.35875347,0.35717553,0.40559188,0.38016987,0.53314078,0.36750624,0.33890921,0.41808832,0.55339879
,,,,,,,,,,,,,,,,,,,,,,,,,,,,,,,,,,,,,,,,,,,,,,,05:46:32.857000,Manual Digging,0.6806349158,0.24041274,0.21611491,0.22572735,0.24331984,0.16308196,0.43318093,0.36395088,0.30355087,0.33335352,0.28954303,0.26961502,0.28441092,0.26778781,0.25426564,0.29781467,0.34848151
,,,,,,,,,,,,,,,,,,,,,,,,,,,,,,,,,,,,,,,,,,,,,,,05:46:33.097000,Manual Digging,0.6806349158,0.26379091,0.37284392,0.23723556,0.31950125,0.25540864,0.28177652,0.35320374,0.21100813,0.21440864,0.22010812,0.35658002,0.35102537,0.26944742,0.42881668,0.35181451,0.3021549
,,,,,,,,,,,,,,,,,,,,,,,,,,,,,,,,,,,,,,,,,,,,,,,05:46:33.337000,Manual Digging,0.6806349158,0.29036736,0.22418942,0.26485449,0.31967819,0.38854769,0.35364231,0.38369694,0.20413285,0.28946042,0.26727027,0.46217823,0.42524192,0.26339111,0.31785348,0.41183358,0.5111707999999999
,,,,,,,,,,,,,,,,,,,,,,,,,,,,,,,,,,,,,,,,,,,,,,,05:46:33.578000,Manual Digging,0.6806349158,0.29147559,0.25627789,0.3039062,0.34419769,0.38348404,0.36533746,0.24958976,0.32579517,0.49051285,0.31299943,0.33806056,0.25404167,0.38188049,0.34544894,0.3999058,0.3297286
,,,,,,,,,,,,,,,,,,,,,,,,,,,,,,,,,,,,,,,,,,,,,,,05:46:33.818000,Manual Digging,0.6806349158,0.43695301,0.39144418,0.26170328,0.27005929,0.26892915,0.28513077,0.24952054,0.33129236,0.30068767,0.24515197,0.26640919,0.34453174,0.46466199,0.46417806,0.49500537,0.36450452
,,,,,,,,,,,,,,,,,,,,,,,,,,,,,,,,,,,,,,,,,,,,,,,05:46:34.059000,Manual Digging,0.6806349158,0.38279587,0.3944447,0.30282217,0.36319366,0.41103107,0.62329137,0.66790652,0.38019314,0.46050978,0.3666386,0.35243884,0.35431388,0.42896897,0.4233,0.42911026,0.40255085
,,,,,,,,,,,,,,,,,,,,,,,,,,,,,,,,,,,,,,,,,,,,,,,05:46:34.299000,Manual Digging,0.6806349158,0.29207334,0.37845343,0.21132478,0.26990673,0.31880209,0.48078257,0.51140076,0.32010025,0.43659174,0.40773591,0.55870682,0.39914533,0.34308127,0.33252639,0.24080338,0.37843138
,,,,,,,,,,,,,,,,,,,,,,,,,,,,,,,,,,,,,,,,,,,,,,,05:46:34.539000,Manual Digging,0.6806349158,0.32859814,0.32418934,0.45763046,0.45583388,0.66134053,0.79785413,0.67755198,0.6637128000000001,0.55353385,0.57577425,0.60171908,0.37240249,0.31786156,0.25964743,0.2459208999999999,0.19072299
,,,,,,,,,,,,,,,,,,,,,,,,,,,,,,,,,,,,,,,,,,,,,,,05:46:34.780000,Manual Digging,0.6806349158,0.28476751,0.30879119,0.37490919,0.42916441,0.5912258,0.61758697,0.43673587,0.42579141,0.4210932,0.43076265,0.45319086,0.38845325,0.25978154,0.26668555,0.28377992,0.17922989
,,,,,,,,,,,,,,,,,,,,,,,,,,,,,,,,,,,,,,,,,,,,,,,05:46:35.020000,Manual Digging,0.6806349158,0.41709542,0.45553544,0.30534917,0.31871802,0.34243995,0.337311,0.27523988,0.24645282,0.30655956,0.2892431,0.31434858,0.39351356,0.23840013,0.21046287,0.27534285,0.1761438
,,,,,,,,,,,,,,,,,,,,,,,,,,,,,,,,,,,,,,,,,,,,,,,05:46:35.260000,Manual Digging,0.6806349158,0.31746066,0.37734681,0.28514934,0.29824245,0.26564655,0.2641487999999999,0.30391148,0.35927242,0.42001227,0.43491974,0.25667185,0.53864396,0.26607397,0.24667247,0.2586405,0.26492
,,,,,,,,,,,,,,,,,,,,,,,,,,,,,,,,,,,,,,,,,,,,,,,05:46:35.501000,Manual Digging,0.6806349158,0.44078103,0.44812483,0.85013926,0.90272683,0.81425416,0.30740994,0.35284844,1.0468959999999998,1.0635629,1.38906,1.2491549,0.85607982,0.32458603,0.33620751,0.37610841,0.33164504
,,,,,,,,,,,,,,,,,,,,,,,,,,,,,,,,,,,,,,,,,,,,,,,05:46:35.741000,Manual Digging,0.6806349158,0.48429742,0.50266701,0.72994369,0.78907764,0.69073057,0.36326015,0.4665494,1.0057825,0.78985268,1.0447642,0.94462007,0.65123165,0.29868919,0.2891863,0.27931607,0.39602357
,,,,,,,,,,,,,,,,,,,,,,,,,,,,,,,,,,,,,,,,,,,,,,,05:46:35.982000,Manual Digging,0.6806349158,0.68802279,0.73820227,0.54213566,0.56787694,0.56515455,0.73406321,0.84684664,1.03598,0.82616931,0.76651347,0.44219747,0.3219583,0.34631789,0.36899996,0.35182899,0.41775423
,,,,,,,,,,,,,,,,,,,,,,,,,,,,,,,,,,,,,,,,,,,,,,,05:46:36.222000,Manual Digging,0.6806349158,0.38912457,0.40953016,0.3541089,0.48897177,0.47651288,0.60897964,0.54935986,0.71110326,0.52907455,0.53560889,0.30318832,0.18914273,0.27137989,0.30319428,0.34504616,0.39440838
,,,,,,,,,,,,,,,,,,,,,,,,,,,,,,,,,,,,,,,,,,,,,,,05:46:36.462000,Manual Digging,0.6806349158,0.33837751,0.44545123,0.29171872,0.39756447,0.32203406,0.44482395,0.38700026,0.40173137,0.32166761,0.259983,0.31462568,0.21503828,0.33944246,0.19828045,0.26851273,0.30202168
,,,,,,,,,,,,,,,,,,,,,,,,,,,,,,,,,,,,,,,,,,,,,,,05:46:36.703000,Manual Digging,0.6806349158,0.30682462,0.38287395,0.35917851,0.49571994,0.39320102,0.36723584,0.42330742,0.67102933,0.56473553,0.44324583,0.35914695,0.2554922999999999,0.39867684,0.35893744,0.35714266,0.31072071
,,,,,,,,,,,,,,,,,,,,,,,,,,,,,,,,,,,,,,,,,,,,,,,05:46:36.943000,Manual Digging,0.6806349158,0.38887632,0.28798404,0.25333598,0.28914687,0.29020345,0.63978255,0.70765394,0.78283191,0.47095034,0.37099299,0.34865469,0.31124768,0.33761477,0.3001807,0.36266291,0.45581052
,,,,,,,,,,,,,,,,,,,,,,,,,,,,,,,,,,,,,,,,,,,,,,,05:46:37.183000,Manual Digging,0.6806349158,0.34365839,0.30187356,0.40519866,0.34277976,0.27506787,0.43763486,0.44661474,0.36492711,0.29046598,0.24252416,0.4220075,0.39833811,0.41197509,0.25161487,0.23357408,0.28640363
,,,,,,,,,,,,,,,,,,,,,,,,,,,,,,,,,,,,,,,,,,,,,,,05:46:37.424000,Manual Digging,0.6806349158,0.20387805,0.24673989,0.3664099,0.23980339,0.32326838,0.29160255,0.28611189,0.33393434,0.32371446,0.22806144,0.23136753,0.34774101,0.35031405,0.36582169,0.27355835,0.27103111
,,,,,,,,,,,,,,,,,,,,,,,,,,,,,,,,,,,,,,,,,,,,,,,05:46:37.664000,Manual Digging,0.6806349158,0.32087356,0.32703912,0.37820363,0.309531,0.3223847999999999,0.34640583,0.32993707,0.34701398,0.36562353,0.35782284,0.33374843,0.24075802,0.21809445,0.22442299,0.16941197,0.23594089
,,,,,,,,,,,,,,,,,,,,,,,,,,,,,,,,,,,,,,,,,,,,,,,05:46:37.905000,Manual Digging,0.6806349158,0.28278264,0.24658883,0.23116903,0.23060955,0.28528309,0.29374224,0.31272748,0.33198655,0.43813151,0.44029471,0.42563874,0.28081623,0.29676116,0.26122683,0.23842831,0.25402516
,,,,,,,,,,,,,,,,,,,,,,,,,,,,,,,,,,,,,,,,,,,,,,,05:46:38.145000,Manual Digging,0.6806349158,0.42582905,0.49778146,0.45142674,0.35961053,0.33592302,0.38237384,0.37151346,0.30709553,0.33611879,0.31422803,0.32529098,0.27934784,0.3074909999999999,0.22084488,0.23215032,0.18156452
,,,,,,,,,,,,,,,,,,,,,,,,,,,,,,,,,,,,,,,,,,,,,,,05:46:38.385000,Manual Digging,0.6806349158,0.38497394,0.4158590999999999,0.33277687,0.30535132,0.28609273,0.33016577,0.24780808,0.26933023,0.30644643,0.23336074,0.25142398,0.28360933,0.325109,0.34740615,0.22566718,0.19049163
,,,,,,,,,,,,,,,,,,,,,,,,,,,,,,,,,,,,,,,,,,,,,,,05:46:38.626000,Manual Digging,0.6806349158,0.37668157,0.37169841,0.33622152,0.3284574999999999,0.41949612,0.46992528,0.44834858,0.4093172,0.54840076,0.48922247,0.43106902,0.30682313,0.24144147,0.2580003999999999,0.35880661,0.3203685
,,,,,,,,,,,,,,,,,,,,,,,,,,,,,,,,,,,,,,,,,,,,,,,05:46:38.866000,Manual Digging,0.6806349158,0.34881869,0.33353576,0.30410373,0.3990708,0.48149902,0.61272627,0.53466421,0.54892421,0.5372389,0.50781089,0.40014398,0.24668223,0.32448584,0.28713217,0.29682538,0.28409836
,,,,,,,,,,,,,,,,,,,,,,,,,,,,,,,,,,,,,,,,,,,,,,,05:46:39.106000,Manual Digging,0.6806349158,0.37497282,0.30385947,0.25525275,0.34719056,0.32673776,0.63772613,0.52851802,0.6083858,0.37599525,0.39050332,0.35208112,0.213303,0.29632282,0.28500816,0.2467933,0.3392224
,,,,,,,,,,,,,,,,,,,,,,,,,,,,,,,,,,,,,,,,,,,,,,,05:46:39.347000,Manual Digging,0.6806349158,0.34460109,0.54527462,0.59107828,0.49010274,0.46154058,0.47765976,0.42566258,0.67527974,0.66036719,0.74038994,0.67053998,0.2728503,0.45902738,0.21949846,0.27543601,0.25535792
,,,,,,,,,,,,,,,,,,,,,,,,,,,,,,,,,,,,,,,,,,,,,,,05:46:39.587000,Manual Digging,0.6806349158,0.20226803,0.23446463,0.33359668,0.29731056,0.29526028,0.49434355,0.40005559,0.67876422,0.64264548,0.71589786,0.59839886,0.42204779,0.41905153,0.34909394,0.37943575,0.49801636
,,,,,,,,,,,,,,,,,,,,,,,,,,,,,,,,,,,,,,,,,,,,,,,05:46:39.828000,Manual Digging,0.6806349158,0.65093505,0.47964916,0.49880403,0.94319826,0.50631773,0.46332681,0.36729532,0.46561015,0.53386599,0.50787437,0.45765302,0.43024752,0.16652745,0.19846068,0.34871504,0.45589408
,,,,,,,,,,,,,,,,,,,,,,,,,,,,,,,,,,,,,,,,,,,,,,,05:46:40.068000,Manual Digging,0.6806349158,0.5864560000000001,0.55886769,0.53693044,0.81834906,0.65854949,2.3202839,2.5922165,3.114141,2.9311216,3.1270816000000003,3.0608191,1.3597261,0.46672758,0.32012546,0.34404725,0.55579495
,,,,,,,,,,,,,,,,,,,,,,,,,,,,,,,,,,,,,,,,,,,,,,,05:46:40.308000,Manual Digging,0.6806349158,0.29056329,0.35556534,0.29798228,0.30731007,0.42359033,1.4646188999999998,1.6475707,2.0322909,1.8850214,1.8819439,1.7565128,0.81718612,0.38706076,0.42139545,0.40114373,0.38057446
,,,,,,,,,,,,,,,,,,,,,,,,,,,,,,,,,,,,,,,,,,,,,,,05:46:40.549000,Manual Digging,0.6806349158,0.37470186,0.34909141,0.2311797,0.26104042,0.49210715,0.82469285,0.76990914,0.78001517,0.73988461,0.70110452,0.55611855,0.32770357,0.29960042,0.25888279,0.39619148,0.23935528
,,,,,,,,,,,,,,,,,,,,,,,,,,,,,,,,,,,,,,,,,,,,,,,05:46:40.789000,Manual Digging,0.6806349158,0.37189442,0.3470652999999999,0.46405259,0.52319962,0.53382969,0.79968029,0.83296603,0.65444785,0.53519762,0.41023093,0.3595545,0.3028172,0.34609491,0.39913088,0.42163047,0.33849093
,,,,,,,,,,,,,,,,,,,,,,,,,,,,,,,,,,,,,,,,,,,,,,,05:46:41.030000,Manual Digging,0.6806349158,0.30644897,0.37462944,0.3768352,0.58919239,0.53736621,0.45079178,0.39258465,0.34902981,0.52909321,0.22535194,0.23851393,0.19492301,0.21765837,0.28609544,0.25348413,0.27739465
,,,,,,,,,,,,,,,,,,,,,,,,,,,,,,,,,,,,,,,,,,,,,,,05:46:41.270000,Manual Digging,0.6806349158,0.23528634,0.3241697,0.32317743,0.31857619,0.31566721,0.26866972,0.27198774,0.32069218,0.34052408,0.24179243,0.23670185,0.37222725,0.35571951,0.33481538,0.40548459,0.41183999
,,,,,,,,,,,,,,,,,,,,,,,,,,,,,,,,,,,,,,,,,,,,,,,05:46:41.510000,Manual Digging,0.6806349158,0.45385915,0.45157745,0.4410744,0.40803561,0.50723523,0.5363239000000001,0.46743777,0.55419081,0.49352911,0.38358676,0.36036962,0.39145455,0.29085055,0.28005487,0.24126261,0.2564828999999999
,,,,,,,,,,,,,,,,,,,,,,,,,,,,,,,,,,,,,,,,,,,,,,,05:46:41.751000,Manual Digging,0.6806349158,0.43366054,0.33910209,0.32954583,0.30107829,0.31502104,0.43086174,0.35543156,0.36036372,0.39376962,0.30053589,0.35822502,0.26249012,0.2854357999999999,0.30715913,0.27450848,0.30314702
,,,,,,,,,,,,,,,,,,,,,,,,,,,,,,,,,,,,,,,,,,,,,,,05:46:41.991000,Manual Digging,0.6806349158,0.38316077,0.26220164,0.30300128,0.30922782,0.38964874,0.45343226,0.48491234,0.40431044,0.39185637,0.37458524,0.4082925,0.19676822,0.2592572,0.22586679,0.24227002,0.25706199
,,,,,,,,,,,,,,,,,,,,,,,,,,,,,,,,,,,,,,,,,,,,,,,05:46:42.231000,Manual Digging,0.6806349158,0.33550194,0.19279572,0.24431473,0.21648921,0.31050637,0.27102083,0.26040241,0.29593006,0.34934691,0.41146988,0.49109018,0.3167437,0.33135587,0.29075575,0.31853023,0.35290369
,,,,,,,,,,,,,,,,,,,,,,,,,,,,,,,,,,,,,,,,,,,,,,,05:46:42.472000,Manual Digging,0.6806349158,0.31781748,0.17688689,0.30921549,0.37103531,0.35734034,0.33606544,0.49343514,0.37912509,0.40304211,0.3770934,0.39000866,0.33254755,0.36009145,0.29350498,0.31379923,0.27442297
,,,,,,,,,,,,,,,,,,,,,,,,,,,,,,,,,,,,,,,,,,,,,,,05:46:42.712000,Manual Digging,0.6806349158,0.19323803,0.27434957,0.42272636,0.41649827,0.3417412,0.28716677,0.36644849,0.28155643,0.318717,0.28352705,0.41639054,0.33104837,0.27699593,0.22110568,0.26719341,0.4081965999999999
,,,,,,,,,,,,,,,,,,,,,,,,,,,,,,,,,,,,,,,,,,,,,,,05:46:42.953000,Manual Digging,0.6806349158,0.25136137,0.28055042,0.34645113,0.41278729,0.32164606,0.32908413,0.20702727,0.17517468,0.37440264,0.32531768,0.40630946,0.35966983,0.26996475,0.24509542,0.24685979,0.35594726
,,,,,,,,,,,,,,,,,,,,,,,,,,,,,,,,,,,,,,,,,,,,,,,05:46:43.193000,Manual Digging,0.6806349158,0.35304329,0.30761945,0.33463478,0.28921539,0.42643374,0.5585767,0.42576522,0.25604308,0.31989625,0.25661322,0.30492538,0.31627199,0.26120749,0.30764523,0.35213569,0.39246732
,,,,,,,,,,,,,,,,,,,,,,,,,,,,,,,,,,,,,,,,,,,,,,,05:46:43.433000,Manual Digging,0.6806349158,0.16673693,0.28630129,0.36298019,0.27114087,0.34140718,0.40998372,0.31007609,0.3857173,0.45258939,0.3782236,0.28945228,0.25219908,0.27628127,0.2320621,0.31520605,0.30409685
,,,,,,,,,,,,,,,,,,,,,,,,,,,,,,,,,,,,,,,,,,,,,,,05:46:43.674000,Manual Digging,0.6806349158,0.18669824,0.28991231,0.25620455,0.19981319,0.23508884,0.37737334,0.37614101,0.3519204,0.33414438,0.25548744,0.37386572,0.28538129,0.27334523,0.28424042,0.23346198,0.20638455
,,,,,,,,,,,,,,,,,,,,,,,,,,,,,,,,,,,,,,,,,,,,,,,05:46:43.914000,Manual Digging,0.6806349158,0.28168586,0.31518865,0.1806179,0.17145079,0.1915822,0.44720751,0.68811446,0.5947935000000001,0.51367271,0.1897096,0.29647091,0.32442036,0.37917385,0.45552856,0.29549342,0.22503573
,,,,,,,,,,,,,,,,,,,,,,,,,,,,,,,,,,,,,,,,,,,,,,,05:46:44.154000,Manual Digging,0.6806349158,0.39000914,0.33113769,0.36614594,0.53379464,0.51151818,0.5130114,0.30594856,0.40132722,0.38849542,0.3831169,0.3504725999999999,0.26276678,0.24772877,0.36890367,0.32410768,0.40792012
,,,,,,,,,,,,,,,,,,,,,,,,,,,,,,,,,,,,,,,,,,,,,,,05:46:44.395000,Manual Digging,0.6806349158,0.48496428,0.38174638,0.49235144,0.43013075,0.43497697,0.51236022,0.49072096,0.22964701,0.26501322,0.33022445,0.32487881,0.27329627,0.30336961,0.33655024,0.27125284,0.32440805
,,,,,,,,,,,,,,,,,,,,,,,,,,,,,,,,,,,,,,,,,,,,,,,05:46:44.635000,Manual Digging,0.6806349158,0.64158195,0.61664873,1.004433,0.74498689,0.79926437,0.42296594,0.51193166,0.47469041,0.52421808,0.55922443,0.44138414,0.36065042,0.35726184,0.37436673,0.42676499,0.35383704
,,,,,,,,,,,,,,,,,,,,,,,,,,,,,,,,,,,,,,,,,,,,,,,05:46:44.876000,Manual Digging,0.6806349158,0.35141045,0.35332566,0.45054141,0.32120523,0.42186159,0.56699377,0.57161218,0.56510144,0.6025573000000001,0.54137141,0.51522565,0.41635489,0.3261510999999999,0.3370297,0.39115173,0.32915604
,,,,,,,,,,,,,,,,,,,,,,,,,,,,,,,,,,,,,,,,,,,,,,,05:46:45.116000,Manual Digging,0.6806349158,0.68615001,0.77457732,1.1738523,1.2606194,1.0257337,1.6081916,2.4371731,4.632728599999999,4.738210700000001,4.850843,3.0597496,2.0312996,1.295007,1.3810998,1.117548,0.32365552
,,,,,,,,,,,,,,,,,,,,,,,,,,,,,,,,,,,,,,,,,,,,,,,05:46:45.356000,Manual Digging,0.6806349158,1.0986271,1.068114,1.7559019,1.9050615,3.9972761,6.5002298,6.7659841,11.706861,10.951964,10.941022,5.7917681,3.0602188,1.0310349,1.168695,0.89730471,0.41361919
,,,,,,,,,,,,,,,,,,,,,,,,,,,,,,,,,,,,,,,,,,,,,,,05:46:45.597000,Manual Digging,0.6806349158,0.44593191,0.43748811,0.71919876,0.80095202,1.6639547,2.662425,2.7745941000000003,4.8186965,4.4858079,4.481325599999999,2.3722463,1.253433,0.41987452,0.44829366,0.38451797,0.33915126
,,,,,,,,,,,,,,,,,,,,,,,,,,,,,,,,,,,,,,,,,,,,,,,05:46:45.837000,Manual Digging,0.6806349158,0.30985117,0.36619717,0.4814111,0.37365177,0.87314832,1.0802251,1.0332066999999998,1.7299966,1.7281978999999998,1.7410175,1.0079404,0.55134839,0.2199662,0.26179355,0.31182176,0.37038794
,,,,,,,,,,,,,,,,,,,,,,,,,,,,,,,,,,,,,,,,,,,,,,,05:46:46.078000,Manual Digging,0.6806349158,0.37600628,0.43003565,0.3306370999999999,0.37599289,0.45939898,0.75326049,0.72597778,0.82778227,0.65829158,0.61291474,0.52999854,0.50568324,0.31413189,0.22248226,0.18832384,0.22044426
,,,,,,,,,,,,,,,,,,,,,,,,,,,,,,,,,,,,,,,,,,,,,,,05:46:46.318000,Manual Digging,0.6806349158,0.41331697,0.40715626,0.58623761,0.56021518,0.50271094,1.1530882,1.0763661,1.2634226,1.1907921,1.1482556000000002,0.98439527,0.49365413,0.40468079,0.36536512,0.30834913,0.18805358
,,,,,,,,,,,,,,,,,,,,,,,,,,,,,,,,,,,,,,,,,,,,,,,05:46:46.558000,Manual Digging,0.6806349158,0.30694893,0.30237365,0.30434266,0.46330658,0.60266685,0.68046248,0.64235139,0.75865263,0.70766526,0.65355217,0.61773342,0.44813913,0.32615,0.34913549,0.2987332,0.15123636
,,,,,,,,,,,,,,,,,,,,,,,,,,,,,,,,,,,,,,,,,,,,,,,05:46:46.799000,Manual Digging,0.6806349158,0.23782651,0.28566682,0.24836744,0.34407359,0.44756922,0.49112329,0.41440582,0.31290185,0.32852206,0.29990298,0.36877224,0.38886446,0.34566298,0.36760816,0.38724354,0.28935051
